PC1,PC2,banco
-38.97630976946281,0.6602525086283069,ITAU - PRUDENCIAL
-35.38895100647466,0.9712924683829715,BB - PRUDENCIAL
-31.635093392760556,0.8616470992030029,CAIXA ECONÔMICA FEDERAL - PRUDENCIAL
-28.579178954848306,-0.2814271058587378,BRADESCO - PRUDENCIAL
-24.91122034765746,-0.6029093212512622,SANTANDER - PRUDENCIAL
-14.680961412341127,1.2147850139903864,BNDES - PRUDENCIAL
-7.526512650736209,-1.183912750629706,BTG PACTUAL - PRUDENCIAL
-1.5147445460922773,-2.0937408862475766,XP - PRUDENCIAL
-3.17974145967159,-1.0241163265227433,SAFRA - PRUDENCIAL
-0.7032351098480488,0.3227808748992405,BCO COOPERATIVO SICREDI - PRUDENCIAL
-1.4412136671169868,0.301506397641336,CITIBANK - PRUDENCIAL
-0.8747863355774983,-0.4454346006258027,BANCOOB - PRUDENCIAL
-2.334814508011497,-0.33120115041357195,BANRISUL - PRUDENCIAL
-1.4345583266676838,0.04267990279010673,VOTORANTIM - PRUDENCIAL
-1.116157958676101,-0.5843596837175348,BANCO C6 - PRUDENCIAL
-0.9024979075194747,0.39123137986731926,JP MORGAN CHASE - PRUDENCIAL
-0.3794380256048874,-0.3293940961979341,BANCO MASTER - PRUDENCIAL
-1.0564323770983266,-0.8454283518247319,BCO DAYCOVAL S.A - PRUDENCIAL
-0.6406065516405627,-0.2665242377080004,INTER - PRUDENCIAL
-1.4001714932478184,0.31300377307827343,BCO DO NORDESTE DO BRASIL S.A. - PRUDENCIAL
-1.5126687061608421,-0.5466543647618098,BRB - PRUDENCIAL
-0.4449350581611544,0.3741532616429145,ABC-BRASIL - PRUDENCIAL
-0.771114143669701,0.30027715500300983,BCO DA AMAZONIA S.A. - PRUDENCIAL
-0.6471925417548403,0.4040227646634248,VOLKSWAGEN - PRUDENCIAL
-0.35573420262369276,0.32934384577507553,BCO RABOBANK INTL BRASIL S.A. - PRUDENCIAL
-0.4002976991430494,-1.410935100642257,BMG - PRUDENCIAL
-0.32283451319321654,0.3094028140806216,BOFA MERRILL LYNCH - PRUDENCIAL
-0.5579052224594837,-1.296116225109483,BANESTES - PRUDENCIAL
-0.2560151197967397,0.3926713695819249,GOLDMAN SACHS - PRUDENCIAL
-1.5354185682273145,-2.496503374503315,AGIBANK - PRUDENCIAL
-0.052947701061147955,0.2773180733179399,BNP PARIBAS - PRUDENCIAL
0.051510962696367,0.012519232655146022,ORIGINAL - PRUDENCIAL
0.008136336773508513,0.3427442080550592,BOCOM - PRUDENCIAL
-0.09290511583712757,0.3803985400457276,BANCO CNH INDUSTRIAL CAPITAL S.A - PRUDENCIAL
-0.41143935315416413,-0.041014474841909454,BCO CLASSICO S.A. - PRUDENCIAL
-1.501713462203909,-1.6529713358345237,MERCANTIL DO BRASIL - PRUDENCIAL
0.08992738342423805,-0.3652120532496587,COOPERATIVA CENTRAL DE CRÉDITO DE MINAS GERAIS LTDA. - SICOOB CENTRAL CREDIMINAS
-0.1616986181915687,0.33654111443861756,BD REGIONAL DO EXTREMO SUL - PRUDENCIAL
-0.16067334076568937,0.4070533060530875,UBS (BRASIL) - PRUDENCIAL
-0.092952832867463,0.33196329624084014,MORGAN STANLEY - PRUDENCIAL
-0.07521709600223936,-0.09266984235207466,PORTO SEGURO - PRUDENCIAL
0.03068774278817565,0.3196883344789235,BANK OF CHINA (BRASIL) - PRUDENCIAL
-0.08320401741570449,0.11899040827845969,BCO CSF S.A. - PRUDENCIAL
-0.15723595771503523,0.38802825730671925,STELLANTIS - PRUDENCIAL
0.12418005871193638,0.1753787589415678,BCO FIBRA S.A. - PRUDENCIAL
-0.01973769230927328,0.3442701181518678,MERCEDES-BENZ - PRUDENCIAL
0.17907451621889217,0.2162636461674837,CENTRAL DAS COOPERATIVAS DE ECONOMIA E CREDITO DO ESTADO DE MINAS GERAIS LTDA. - SICOOB CENTRAL CECREMGE
0.17296584379382596,0.3067342682784762,COOPERATIVA CENTRAL DE CRÉDITO DE SANTA CATARINA E RIO GRANDE DO SUL - SICOOB CENTRAL SC/RS
-0.467731288339636,-0.05320232040514043,BCO DO EST. DO PA S.A. - PRUDENCIAL
0.08002713009623615,0.3623872052834724,CREDIT AGRICOLE - PRUDENCIAL
-0.12006826864162273,-0.5917883097270509,VOLVO - PRUDENCIAL
0.07316266947344714,0.3344528593874463,SCANIA - PRUDENCIAL
-0.5536222643083718,0.13352589472365906,COOPERATIVA DE CREDITO CREDICITRUS
0.09293992551684595,0.3844586426867505,SCOTIABANK BRASIL - PRUDENCIAL
-0.02006815713640215,0.19517241976935445,GM - PRUDENCIAL
-0.1283760023453117,0.39548572565356127,HONDA - PRUDENCIAL
0.16200140950173225,0.3523052772505648,MIZUHO - PRUDENCIAL
0.11645771734762123,0.3137550631470621,DEUTSCHE - PRUDENCIAL
-0.5593080458718684,0.2762181433768223,COOPERATIVA DE CREDITO VALE DO ITAJAI - VIACREDI
0.1281618537140287,0.1580857573304414,BCO DE LAGE LANDEN BRASIL S.A. - PRUDENCIAL
0.21783789384759505,0.2441602890021416,BR PARTNERS - PRUDENCIAL
0.21005313307554438,0.3303231189552763,COOPERATIVA CENTRAL DE CRÉDITO DO ESTADO DE SÃO PAULO - SICOOB SÃO PAULO
0.12454910445066661,-1.0665751125219642,COOPERATIVA CENTRAL DE CRÉDITO COM INTERAÇÃO SOLIDÁRIA - CENTRAL CRESOL BASER
0.14653859700478863,0.3511088745065716,BANCO HSBC - PRUDENCIAL
0.18481261045486563,-0.3203164614511663,COOPERATIVA CENTRAL DE CRÉDITO UNICRED DO BRASIL - UNICRED DO BRASIL
0.16357878540428425,0.3552420675993312,BCO MUFG BRASIL S.A. - PRUDENCIAL
-0.022240219857591784,-0.5662979168805267,BCO DO EST. DE SE S.A. - PRUDENCIAL
0.10946463477890472,0.33833746692751043,BCO DES. DE MG S.A. - PRUDENCIAL
-0.07068812771459704,-0.05858765420702652,SICOOB COCRED COOPERATIVA DE CRÉDITO
-0.4412908258496146,-1.384866084775556,"COOPERATIVA DE CRÉDITO, POUPANÇA E INVESTIMENTO DEXIS - SICREDI DEXIS"
0.0948028910861644,0.15321403591053986,BCO TOYOTA DO BRASIL S.A. - PRUDENCIAL
0.2077806638861691,-0.023538724632239532,COOPERATIVA CENTRAL DE CRÉDITO - AILOS
0.2059844715162734,0.07841144344378105,COOPERATIVA CENTRAL DE CREDITO DO ESPIRITO SANTO - SICOOB CENTRAL ES
-0.10833016848649016,-0.07599124004413933,"COOPERATIVA DE CRÉDITO, POUPANÇA E INVESTIMENTO OURO VERDE DO MATO GROSSO - SICREDI OURO VERDE MT"
0.08005551221435016,-0.280290002310238,PARANÁ BANCO - PRUDENCIAL
-0.2782026034856611,-0.18274649588875455,"COOPERATIVA DE CRÉDITO, POUPANÇA E INVESTIMENTO VALE DO PIQUIRI ABCD - SICREDI VALE DO PIQUIRI ABCD PR/SP"
-0.16686995815012814,0.3833139187873083,APE POUPEX - PRUDENCIAL
-0.15359763592523445,0.14221211085308177,COOPERATIVA DE CRÉDITO CONEXÃO - SICOOB CONEXÃO
0.11592176317728058,0.3695191149928545,BCO INBURSA S.A. - PRUDENCIAL
-0.3889963268727368,-1.2349701078329012,"COOPERATIVA DE CRÉDITO, POUPANÇA E INVESTIMENTO VANGUARDA - SICREDI VANGUARDA PR/SP/RJ"
0.19433295335929834,0.3679994114206945,"COOPERATIVA CENTRAL DE CRÉDITO, POUPANÇA E INVESTIMENTO DO SUL E SUDESTE - CENTRAL SICREDI SUL/SUDESTE"
-0.10509704453798359,-0.21888690890015472,COOPERATIVA DE CRÉDITO SICREDI SERRANA RS/ES
-0.10169201148096896,-0.36982209825192947,"COOPERATIVA DE CRÉDITO, POUPANÇA E INVESTIMENTO CAMPOS GERAIS E GRANDE CURITIBA - SICREDI CAMPOS GERAIS E GRANDE CURITIBA PR/SP"
-0.1115975774177241,-0.2528289454642763,"COOPERATIVA DE CRÉDITO, POUPANÇA E INVESTIMENTO SICREDI PIONEIRA RS - SICREDI PIONEIRA RS"
0.20397598992556226,0.38887003202237524,BCO SUMITOMO MITSUI BRASIL S.A. - PRUDENCIAL
-0.3284394108580388,-0.15758054732398588,COOPERATIVA DE CRÉDITO MAXI ALFA DE LIVRE ADMISSÃO DE ASSOCIADOS - SICOOB MAXICRÉDITO
-0.35721607985260195,-0.1673680188775543,COOPERATIVA DE CRÉDITO DE LIVRE ADMISSÃO CENTRO BRASILEIRA LTDA.
0.06128098321861556,-2.6723530193765983,BANCO DIGIMAIS - PRUDENCIAL
0.12539846945980224,0.38547947652602316,BANCO PACCAR - PRUDENCIAL
0.18618189493583823,0.41688440404341465,SOCIETE GENERALE - PRUDENCIAL
-4.831795745335457,-0.02957080071145227,CREFISA S.A. CFI - PRUDENCIAL
-0.0669305470005529,0.10650306830750471,SISPRIME DO BRASIL - COOPERATIVA DE CRÉDITO
0.16513610207546073,0.34317524935406085,FACTA S.A. CFI - PRUDENCIAL
-0.18375077883061436,-0.42294084345726224,"COOPERATIVA DE CRÉDITO, POUPANÇA E INVESTIMENTO UNIÃO - SICREDI UNIAO RS/ES"
-0.2792161240297053,-0.5511665422496824,"COOPERATIVA DE CRÉDITO, POUPANÇA E INVESTIMENTO DO SUDOESTE MT/PA - SICREDI SUDOESTE MT/PA"
0.08478561343735692,-2.0040854821414933,BS2 - PRUDENCIAL
-0.042693969079275466,0.29004724619458944,SICOOB CREDICOM - COOPERATIVA DE ECONOMIA E CREDITO MUTUO DOS MEDICOS E PROFISSIONAIS DA AREA DE SAUDE DO BRASIL LTDA.
-0.08575087744836797,-0.29491083869965456,"COOPERATIVA DE CRÉDITO, POUPANÇA E INVESTIMENTO DO CENTRO SUL DO MATO GROSSO DO SUL E BAHIA - SICREDI CENTRO-SUL MS/BA"
-0.15172893376340005,-0.47342260718576157,"COOPERATIVA DE CRÉDITO, POUPANÇA E INVESTIMENTO UNIÃO DE ESTADOS RIO GRANDE DO SUL, SANTA CATARINA E MINAS GERAIS - SICREDI UNIESTADOS"
-0.043459883506254966,-0.27557233601668896,"COOPERATIVA DE CRÉDITO, POUPANÇA E INVESTIMENTO UNIÃO DOS ESTADOS DE MATO GROSSO DO SUL, TOCANTINS E OESTE DA BAHIA - SICREDI UNIÃO MS/TO"
-0.07345239033888855,-0.08738389410646757,COOPERATIVA DE CRÉDITO E INVESTIMENTO DO SUDOESTE  DA AMAZÔNIA LTDA - SICOOB CREDISUL
0.15088760226707215,-1.3634005989316056,CENTRAL SICOOB UNI DE COOPERATIVAS DE CRÉDITO
0.21750690609255827,0.3186249710353585,"COOPERATIVA CENTRAL DE CRÉDITO, POUPANÇA E INVESTIMENTO DOS ESTADOS DO PARANÁ, SÃO PAULO E RIO DE JANEIRO - CENTRAL SICREDI PR/SP/RJ"
0.1513712582267588,-0.18774716257801885,INDUSTRIAL DO BRASIL - PRUDENCIAL
-0.0010682545286203778,0.2199800218287371,"COOPERATIVA DE CRÉDITO, POUPANÇA E INVESTIMENTO PLANALTO - SICREDI PLANALTO RS/MG"
0.03290155757331441,-0.7298867253422455,"COOPERATIVA DE CRÉDITO, POUPANÇA E INVESTIMENTO SORRISO - SICREDI CELEIRO MT/RR"
0.19369288755310965,0.012381939782397761,OMNI - PRUDENCIAL
-0.07202294624135525,0.03160687932582632,COOPERATIVA DE CRÉDITO DE LIVRE ADMISSÃO DE ASSOCIADOS SÃO MIGUEL DO OESTE - SICOOB SÃO MIGUEL SC/PR/RS
0.18603503656443038,0.33236089545160385,BCO CATERPILLAR S.A. - PRUDENCIAL
-0.01703116235234131,0.1079803185436173,COOPERATIVA DE CRÉDITO SUL-SERRANA DO ESPÍRITO SANTO
0.17840502857745943,0.37833778357296216,REALIZE CFI - PRUDENCIAL
0.1679599896074064,0.37048851519731996,MIDWAY S.A. - SCFI - PRUDENCIAL
0.07577392512950022,0.22058886097582003,"COOPERATIVA DE CRÉDITO, POUPANÇA E INVESTIMENTO DA REGIÃO DOS VALES - SICREDI REGIÃO DOS VALES RS"
0.07303157534852574,-0.24009386275833822,"COOPERATIVA DE CRÉDITO, POUPANÇA E INVESTIMENTO DO ARAGUAIA E XINGU - SICREDI ARAXINGU"
0.12460406566674072,-1.8133510396512176,CENTRAL DAS COOPERATIVAS DE CREDITO UNICOOB - SICOOB CENTRAL UNICOOB
0.261198632693594,0.07759694240559564,COOPERATIVA CENTRAL DE CRÉDITO E INVESTIMENTO COM INTERAÇÃO SOLIDÁRIA - CENTRAL CRESOL SICOPER
0.1833491398259186,-0.5084383201598285,"COOPERATIVA CENTRAL DE CRÉDITO DE GOIÁS, DISTRITO FEDERAL E TOCANTINS LTDA. - SICOOB NOVA CENTRAL"
-0.011436257319134498,0.22463869286785665,COOPERATIVA DE CRÉDITO DE LIVRE ADMISSÃO DO SUDOESTE GOIANO
-0.027802803633383433,-0.16019264381405512,"COOPERATIVA DE CRÉDITO, POUPANÇA E INVESTIMENTO NORTE MATO-GROSSENSE E OESTE PARAENSE - SICREDI GRANDES RIOS MT/PA/AM"
0.25259188859445547,0.12785628031921215,PEFISA S.A. - PRUDENCIAL
-0.09060373404928074,-0.8491790852875206,COOPERATIVA DE CRÉDITO ALIANÇA RS/SC/ES - SICREDI ALIANÇA RS/SC/ES
-0.220734853181661,0.00233588021356173,COOPERATIVA DE CRÉDITO SICOOB METROPOLITANO
0.04261684549741522,-0.223836571183406,COOPERATIVA DE CRÉDITO ARACOOP LTDA. - SICOOB ARACOOP
0.059124035160187084,-0.41700187645731196,"COOPERATIVA DE CRÉDITO, POUPANÇA E INVESTIMENTO CELEIRO CENTRO OESTE - SICREDI CELEIRO CENTRO OESTE"
0.2079395647682809,0.4189720460260692,INTESA SANPAOLO BRASIL S.A. - PRUDENCIAL
-0.0386502518459054,0.3949575009498104,CREDICOAMO CREDITO RURAL COOPERATIVA
-0.07061769817379013,-0.17363071612425218,"COOPERATIVA DE CRÉDITO, POUPANÇA E INVESTIMENTO CONEXÃO - SICREDI CONEXÃO"
0.004209380051732793,-0.5386614815929257,"COOPERATIVA DE CRÉDITO, POUPANÇA E INVESTIMENTO INTERESTADOS - SICREDI INTERESTADOS RS/ES"
-0.018055853749853752,-1.3554895358880932,"COOPERATIVA DE CRÉDITO, POUPANÇA E INVESTIMENTO DA REGIÃO DA PRODUÇÃO - SICREDI REGIÃO DA PRODUÇÃO RS/SC/MG"
0.005723879974982223,-0.5841482514909281,"COOPERATIVA DE CRÉDITO, POUPANÇA E INVESTIMENTO DA REGIÃO ALTOS DA SERRA - SICREDI ALTOS DA SERRA RS/SC"
0.27228187782511154,0.30351861345388775,COOPERATIVA CENTRAL DE CRÉDITO E ECONOMIA COM INTERAÇÃO SOLIDÁRIA - CRESOL CENTRAL BRASIL
0.1357993353001862,-1.4187587751130009,"COOPERATIVA CENTRAL DE CRÉDITO, POUPANÇA E INVESTIMENTO DO CENTRO NORTE DO BRASIL - CENTRAL SICREDI CENTRO NORTE"
0.021348812470633794,-0.4024739629455184,COOPERATIVA DE CRÉDITO DO VALE DO ITAJAÍ E LITORAL CATARINENSE - SICREDI VALE LITORAL SC
0.017765063762220142,-0.9653454086810528,"COOPERATIVA DE CREDITO, POUPANÇA E INVESTIMENTO ALIANÇA - SICREDI ALIANÇA PR/SP"
0.2573860268501285,-0.03143464760102276,CONFEDERAÇÃO NACIONAL DAS COOPERATIVAS CENTRAIS DE CRÉDITO E ECONOMIA FAMILIAR E SOLIDÁRIA - CRESOL CONFEDERAÇÃO
0.016769836261505792,-0.13485683108006974,COOPERATIVA DE CRÉDITO DE LIVRE ADMISSÃO DE ASSOCIADOS DO VALE DO CANOINHAS - SICOOB CREDICANOINHAS/SC
-0.003757079666251734,-0.14269958944191377,"COOPERATIVA DE CRÉDITO, POUPANÇA E INVESTIMENTO DAS REGIÕES CENTRO DO RS E MG - SICREDI REGIÃO CENTRO RS/MG"
0.014453218141367352,0.19506735660433158,COOPERATIVA DE CRÉDITO SUL DO ESPÍRITO SANTO - SICOOB SUL
-0.009754980153531396,0.14611939824812387,COOPERATIVA DE CRÉDITO DE LIVRE ADMISSÃO DO CENTRO SUL RONDONIENSE - SICOOB CREDIP.
0.2631073211573175,0.35630861020214954,YAMAHA MOTOR - PRUDENCIAL
0.2709973112154814,0.3056558571175749,COOPERATIVA CENTRAL DE CRÉDITO DO NORTE DO BRASIL - SICOOB NORTE
0.22449878000279128,-1.5505425410645828,DM FINANCEIRA CFI - PRUDENCIAL
0.1747192732873307,-0.23927924186348812,RENDIMENTO - PRUDENCIAL
0.04551949030036698,-0.30099217644476295,"COOPERATIVA DE CRÉDITO, POUPANÇA E INVESTIMENTO OURO BRANCO - SICREDI OURO BRANCO RS/MG"
0.15412859961236278,-0.06748632804823475,"COOPERATIVA DE CRÉDITO, POUPANÇA E INVESTIMENTO VALE DO CERRADO - SICREDI VALE DO CERRADO"
0.12168338063016364,0.5053476369870894,AF DESENVOLVE SP S.A. - PRUDENCIAL
-0.002634688442670121,-0.5190064831451217,"COOPERATIVA DE CRÉDITO, POUPANÇA E INVESTIMENTO FRONTEIRAS DO PARANÁ, SANTA CATARINA E SÃO PAULO - SICREDI FRONTEIRAS PR/SC/SP"
0.08965959307427585,-2.294026469428017,GENIAL - PRUDENCIAL
0.24469686599277224,0.2029987002321419,NOVO BCO CONTINENTAL S.A. - BM - PRUDENCIAL
0.11487606190166516,-0.07101533472321835,"COOPERATIVA DE CRÉDITO, POUPANÇA E INVESTIMENTO ESSÊNCIA RS/ES - SICREDI ESSÊNCIA"
0.07487434361181865,-0.3665153199771101,"COOPERATIVA DE CRÉDITO, POUPANÇA E INVESTIMENTO SUL RIOGRANDENSE - SICREDI ORIGENS RS"
0.03146356176003732,-0.10291417909753334,"COOPERATIVA DE CRÉDITO, POUPANÇA E INVESTIMENTO DE IBIRAIARAS - SICREDI IBIRAIARAS RS/MG"
0.016839338487879465,-0.6658635595574934,"COOPERATIVA DE CRÉDITO, POUPANÇA E INVESTIMENTO DE LAJEADO - SICREDI INTEGRAÇÃO RS/MG"
0.036586115849134654,-0.17483001442250254,COOPERATIVA DE CRÉDITO E INVESTIMENTO DE LIVRE ADMISSÃO AGROEMPRESARIAL - SICREDI AGROEMPRESARIAL PR/SP
0.19873251240864764,-0.5364570549530848,BCO LUSO BRASILEIRO S.A. - PRUDENCIAL
0.044327547223449046,-0.12837606423345468,"COOPERATIVA DE CRÉDITO, POUPANÇA E INVESTIMENTO DO NORTE E NORDESTE DE SANTA CATARINA - SICREDI NORTE SC"
0.14373221568010247,0.15527488277170942,COOPERATIVA DE CRÉDITO UNICRED VALOR CAPITAL LTDA - UNICRED VALOR CAPITAL
0.13829340481312985,0.48382414068660407,AF PARANÁ - PRUDENCIAL
0.09194081052274822,-0.042329059506576894,COOPERATIVA DE CRÉDITO COOPERMAIS - SICOOB COOPERMAIS
-0.05024342449455882,-0.3931403095129327,COOPERATIVA DE CRÉDITO DE LIVRE ADMISSÃO DO CENTRO NORTE BRASILEIRO
0.2221528669305314,0.36017037411691477,BMW - PRUDENCIAL
0.029140759475910973,-0.9706516130978452,"COOPERATIVA DE CRÉDITO, POUPANÇA E INVESTIMENTO REGIÕES DAS CULTURAS - SICREDI DAS CULTURAS RS/MG"
0.05198665829472532,-0.3717078899334179,"COOPERATIVA DE CRÉDITO, POUPANÇA E INVESTIMENTO IGUAÇU - SICREDI IGUAÇU PR/SC E REGIÃO METROPOLITANA DE CAMPINAS/SP"
0.05932165827706204,-0.17113274607994042,"COOPERATIVA DE CRÉDITO, POUPANÇA E INVESTIMENTO SICREDI EVOLUÇÃO - SICREDI EVOLUÇÃO"
-0.02766430132125512,-0.8213290521614718,"COOPERATIVA DE CRÉDITO, POUPANÇA E INVESTIMENTO UNIVALES - SICREDI UNIVALES MT/RO"
0.17618795346393315,0.008310473020301804,COOPERATIVA DE CRÉDITO SICOOB ENGECRED LTDA.
0.2157946364636172,0.36690438815928417,COOPERFORTE COOPERATIVA DE CRÉDITO E INVESTIMENTOS LTDA
0.21538656267848702,0.2491188179755048,BADESUL DESENVOLVIMENTO AF/RS - PRUDENCIAL
0.04559488671660765,-0.5511462601002117,"COOPERATIVA DE CRÉDITO, POUPANÇA E INVESTIMENTO DO PLANALTO CENTRAL - SICREDI PLANALTO CENTRAL"
-0.00881255424180687,-0.7394994684038642,"COOPERATIVA DE CREDITO, POUPANÇA E INVESTIMENTO PARQUE DAS ARAUCARIAS - SICREDI PARQUE DAS ARAUCARIAS PR/SC/SP"
0.07249804337929151,-0.12486036582113855,"COOPERATIVA DE CRÉDITO, POUPANÇA E INVESTIMENTO INTEGRAÇÃO DE ESTADOS DO RIO GRANDE DO SUL, SANTA CATARINA E MINAS GERAIS - SICREDI INTEGRAÇÃO DE ESTADOS RS/SC/MG"
0.2389845676554767,0.65126579284659,BCO CARGILL S.A. - PRUDENCIAL
0.11048111800847571,-0.21848482400266275,"COOPERATIVA DE CRÉDITO, POUPANÇA E INVESTIMENTO DO SUL DO ESTADO DE SANTA CATARINA - SICREDI SUL SC"
0.10959725190248051,-0.2270943118088215,COOPERATIVA DE CRÉDITO UNICRED UNIÃO LTDA - UNICRED UNIÃO
0.25701383085006313,0.5183948689588365,BCO ABN AMRO CLEARING - PRUDENCIAL
0.13872260659753008,-0.19506677597623326,"COOPERATIVA DE CRÉDITO, POUPANÇA E INVESTIMENTO DE CAMPO GRANDE E REGIÃO - SICREDI CAMPO GRANDE MS"
0.0955574581161968,0.04753605512349758,COOPERATIVA DE CRÉDITO DE LIVRE ADMISSÃO DE ASSOCIADOS DO ALTO URUGUAI CATARINENSE - SICOOB CREDIAUC
0.15463433868371088,-0.10599474608007382,COOPERATIVA DE CRÉDITO UNICRED CENTRO-SUL LTDA - UNICRED CENTRO-SUL
0.07834772610044127,0.02815188422613359,"COOPERATIVA DE CRÉDITO DE LIVRE ADMISSÃO DO MÉDIO PIRACICABA, CIRCUITO DO OURO, GRANDE BH E RIO GRANDE DO NORTE LTDA. -  SICOOB CREDIMEPI"
0.22286527393789793,0.2940795181602734,RANDON - PRUDENCIAL
0.017768108739250867,-0.30762698210802364,"COOPERATIVA DE CRÉDITO, POUPANÇA E INVESTIMENTO RAÍZES - SICREDI RAÍZES RS/SC/MG"
0.10333612658855065,0.10255151244912526,COOPERATIVA DE CRÉDITO AGROCREDI LTDA. - SICOOB AGROCREDI
0.19843329562349335,0.4913012104385979,BMP SCMEPP LTDA - PRUDENCIAL
0.10348915839467018,-0.41154009978399525,COOPERATIVA DE CRÉDITO ROTA DAS TERRAS - SICREDI ROTA DAS TERRAS RS/MG
0.07821261333146994,-0.1307316803765878,COOPERATIVA DE ECONOMIA E CREDITO MUTUO DOS MEDICOS DE PORTO ALEGRE LTDA-UNICRED PORTO ALEGRE
0.0671821448537076,-0.49585261773803097,"COOPERATIVA DE CRÉDITO, POUPANÇA E INVESTIMENTO BOTUCARAÍ - SICREDI BOTUCARAÍ RS/MG"
0.08606869765501561,-0.39768468778298405,"COOPERATIVA DE CRÉDITO, POUPANÇA E INVESTIMENTO NOVOS HORIZONTES - SICREDI NOVOS HORIZONTES PR/SP/RJ"
0.052662075752780424,-1.252378615624961,"COOPERATIVA DE CRÉDITO, POUPANÇA E INVESTIMENTO INTEGRAÇÃO DO SUL DE MATO GROSSO, AMAPÁ E PARÁ - SICREDI INTEGRAÇÃO MT/AP/PA"
0.24202838377506408,0.27398472281307706,OURIBANK - PRUDENCIAL
0.09409237352598902,-0.0666854203495057,COOPERATIVA DE CRÉDITO CREDIVAR LTDA. - SICOOB CREDIVAR
0.023542690435976298,-1.2939278479003247,"COOPERATIVA DE CRÉDITO, POUPANÇA E INVESTIMENTO DO NOROESTE DE MATO GROSSO, ACRE E AMAZONAS - SICREDI BIOMAS"
0.26431704237042924,0.41862086656470915,BCO KDB BRASIL S.A. - PRUDENCIAL
0.11157830996202872,-0.5149664873448963,"COOPERATIVA DE CRÉDITO, POUPANÇA E INVESTIMENTO PROGRESSO - SICREDI PROGRESSO PR/SP"
0.2116338507648227,0.2608026030481262,COOPERATIVA DE CRÉDITO DE LIVRE ADMISSÃO DO PONTAL DO TRIANGULO LTDA - SICOOB CREDIPONTAL
0.028810567642079125,-0.8103058562268883,"COOPERATIVA DE CRÉDITO, POUPANÇA E INVESTIMENTO CENTRO SUL - SICREDI CENTRO SUL PR/SC/RJ"
0.23907633984169738,-0.20976411193155617,COOPERATIVA CENTRAL DE ECONOMIA E CRÉDITO SICOOB UNIMAIS RIO LTDA.
0.11272938810327134,-0.16009720877614747,COOPERATIVA DE CREDITO CREDIROCHAS - SICOOB CREDIROCHAS
0.11609569040004804,-0.21914338123151944,"COOPERATIVA DE CRÉDITO, POUPANÇA E INVESTIMENTO DO CERRADO DE GOIÁS - SICREDI CERRADO GO"
-0.029295182011130523,-1.5197058035438635,"COOPERATIVA DE CRÉDITO, POUPANÇA E INVESTIMENTO PARANAPANEMA SERRANA PR/SP/RJ - SICREDI PARANAPANEMA SERRANA PR/SP/RJ"
0.09491911894949534,-0.4692061210806378,"COOPERATIVA DE CRÉDITO, POUPANÇA E INVESTIMENTO CONFIANÇA - SICREDI CONFIANÇA"
0.1988556882181265,0.15046354374719678,COOPERATIVA DE CRÉDITO POUPANÇA E INVESTIMENTO PANTANAL DO MATO GROSSO DO SUL - SICREDI PANTANAL MS
0.16206975454134787,-0.12633047440783823,"COOPERATIVA DE CRÉDITO, POUPANÇA E INVESTIMENTO DO VALE DO RIO PARDO - SICREDI VALE DO RIO PARDO RS"
0.12322014093954944,0.07913071615712673,COOPERATIVA DE CRÉDITO DE LIVRE ADMISSÃO DE ASSOCIADOS SUL CATARINENSE - SICOOB CREDISULCA SC
0.06223367503502327,-0.4080553375315842,"COOPERATIVA DE CRÉDITO, POUPANÇA E INVESTIMENTO RIO PARANÁ - SICREDI RIO PARANÁ"
0.028918450008774202,-0.03468958827144809,COOPERATIVA DE CREDITO E INVESTIMENTO COM INTERACAO SOLIDARIA PIONEIRA - CRESOL PIONEIRA
0.08195416874633064,0.20216958431261012,COOPERATIVA DE CRÉDITO DOS EMPRESÁRIOS E EMPREGADOS DOS TRANSPORTES E CORREIOS DO SUL DO BRASIL - TRANSPOCRED
0.12058356951298368,-0.2174908961169729,"COOPERATIVA DE CRÉDITO, POUPANÇA E INVESTIMENTO CAMINHO DAS ÁGUAS RS - SICREDI CAMINHO DAS ÁGUAS RS"
0.001911247217254182,-0.501758219943295,COOPERATIVA DE CRÉDITO SICOOB VALE SUL
0.09292946205611627,-0.46740966984359966,"COOPERATIVA DE CRÉDITO, POUPANÇA E INVESTIMENTO NORTE SUL - SICREDI NORTE SUL"
0.09950682480023762,-0.3091249149659827,COOPERATIVA DE CRÉDITO GERAÇÕES - SICREDI GERAÇÕES RS/MG
0.0781036794641381,-0.9626801009761,"COOPERATIVA DE CRÉDITO, POUPANÇA E INVESTIMENTO SUL MINAS DO RIO GRANDE DO SUL E MINAS GERAIS - SICREDI SUL MINAS RS/MG."
0.12570318866205515,-0.219350665741898,COOPERATIVA DE CREDITO DE LIVRE ADMISSÃO DE ASSOCIADOS ITAIPU SICOOB CREDITAIPU
0.24287726776992624,-0.00474982373592492,BCO GUANABARA S.A. - PRUDENCIAL
0.17052902212731252,0.0733810179378502,COOPERATIVA DE CRÉDITO DE LIVRE ADMISSÃO DE ASSOCIADOS AURIVERDE -  SICOOB - CREDIAL SC/RS
0.03697071875042103,-0.2844976533895408,COOPERATIVA DE CREDITO DE LIVRE ADMISSÃO DO SUL DE MINAS LTDA - SICOOB CREDIVASS
0.0894241689796355,-0.6760614636823841,"COOPERATIVA DE CRÉDITO, POUPANÇA E INVESTIMENTO NOSSA TERRA - SICREDI NOSSA TERRA PR/SP"
0.153833396955605,0.04826015997765664,"COOPERATIVA DE CRÉDITO, POUPANÇA E INVESTIMENTO CENTRO SERRA - SICREDI CENTRO SERRA RS"
0.10860627783977028,0.02991395522959225,COOPERATIVA DE CRÉDITO DE LIVRE ADMISSÃO DE ASSOCIADOS DO VALE DO VINHO - SICOOB VALE DO VINHO
0.20505822422705614,0.16277266198861465,COOPERATIVA DE CRÉDITO PRO
0.12286066235936344,-0.10373866720481859,"COOPERATIVA DE CRÉDITO, POUPANÇA E INVESTIMENTO DE ESPUMOSO - SICREDI ESPUMOSO RS/MG"
0.2597599526630405,0.45065465694776347,BANCO IBM S.A. - PRUDENCIAL
0.28486653541004653,0.41743345209469135,ICBC DO BRASIL BM S.A. - PRUDENCIAL
0.2613070726719505,0.13217864792393658,BANCO TOPÁZIO S.A. - PRUDENCIAL
0.19552054958556508,-0.11421582796458835,COOPERATIVA DE CREDITO DO ALTO PARANAIBA E REGIÃO LTDA. - SICOOB CREDIPATOS
0.13858359024318348,-0.4584586613640563,COOPERATIVA DE CRÉDITO LITORÂNEA
0.08043601232180052,0.11005438220205184,COOPERATIVA DE CRÉDITO SUL - SICOOB SUL
0.27184690343937723,0.330672601144758,BBC S.A. - PRUDENCIAL
0.0986612206748494,-0.6157730023673144,"COOPERATIVA DE CRÉDITO, POUPANÇA E INVESTIMENTO TERRA DOS PINHEIRAIS DO PARANÁ E NOROESTE PAULISTA - SICREDI PLANALTO DAS ÁGUAS PR/SP"
0.23599566436052813,0.42979970274808094,CORA SCFI - PRUDENCIAL
0.27551552850258443,0.36184452315158366,"COOPERATIVA CENTRAL DE CRÉDITO, POUPANÇA E INVESTIMENTO DE MATO GROSSO DO SUL, GOIÁS, DISTRITO FEDERAL E TOCANTINS - CENTRAL SICREDI BRASIL CENTRAL"
0.12049731357402461,-0.14178273320016674,COOPERATIVA DE CRÉDITO DE LIVRE ADMISSÃO DA REGIÃO CENTRAL E OESTE MINEIRO LTDA. - SICOOB DIVICRED
0.25203963041001637,-0.3045225027294833,CREDISIS - CENTRAL DE COOPERATIVAS DE CRÉDITO LTDA.
-0.013905377190289074,-0.03101445576713684,COOPERATIVA DE CRÉDITO SICOOB OURO VERDE
0.11784035779021203,0.10031583700312993,COOPERATIVA DE CRÉDITO DE LIVRE ADMISSÃO DA ZONA DA MATA LTDA   SICOOB COOPEMATA
0.060202090098807635,-0.7620522981620937,COOPERATIVA DE CRÉDITO SICOOB PRIMAVERA - SICOOB PRIMAVERA
0.007818085862141139,-1.7065444584813998,"COOPERATIVA DE CRÉDITO, POUPANÇA E INVESTIMENTO GRANDES LAGOS DO PARANÁ E LITORAL PAULISTA - SICREDI GRANDES LAGOS PR/SP"
0.0014841748953857384,-0.3217872792887685,COOPERATIVA DE CRÉDITO E INVESTIMENTO COM INTERAÇÃO SOLIDÁRIA RAIZ - CRESOL RAIZ
0.16648504513301615,-0.34124697026002887,COOPERATIVA DE CRÉDITO DO NORTE CATARINENSE E SUL PARANAENSE - SICOOB CREDINORTE
0.17300819379698426,-0.16456267962422597,"COOPERATIVA DE CRÉDITO DOS MÉDICOS, PROFISSIONAIS DA SAÚDE E EMPRESÁRIOS DE MATO GROSSO"
0.12431089425412466,-0.6162318609126408,COOPERATIVA DE CRÉDITO UNICRED DESBRAVADORA LTDA - UNICRED DESBRAVADORA
0.06671608144350825,-0.8546052303307166,COOPERATIVA DE CRÉDITO - SICREDI EXPANSÃO
0.22572213199695076,0.21545533234982317,COOPERATIVA DE CRÉDITO DE EMPRESÁRIOS - SICOOB/TRANSCREDI
0.15946625681944573,-0.21342664510836307,COOPERATIVA DE CRÉDITO DE LIVRE ADMISSÃO DO VALE - SICOOB CREDIVALE/SC
0.12647641148409455,-0.15814598329549193,"COOPERATIVA DE CRÉDITO, POUPANÇA E INVESTIMENTO INTEGRAÇÃO - SICREDI INTEGRAÇÃO PR/SC"
0.15653386504887748,-0.2341710875703642,COOPERATIVA DE CRÉDITO DE LIVRE ADMISSÃO DE ASSOCIADOS OESTE CATARINENSE
0.2715304419250812,0.3213826509557882,CAIXA GERAL - PRUDENCIAL
0.06980619589962578,-0.37923534436950174,COOPERATIVA DE CRÉDITO E INVESTIMENTO COM INTERAÇÃO SOLIDÁRIA FRONTEIRAS PR/SC/SP/ES - CRESOL FRONTEIRAS PR/SC/SP/ES
0.24760739758419995,-0.024133643141470817,BANCO RIBEIRÃO PRETO - PRUDENCIAL
0.12717821915244892,-0.09548378523486119,"COOPERATIVA DE CRÉDITO, POUPANÇA E INVESTIMENTO VALE DO JAGUARI E ZONA DA MATA - SICREDI VALE DO JAGUARI E ZONA DA MATA RS/MG"
0.1424978596649403,-0.14791169098346107,COOPERATIVA DE CRÉDITO CREDILIVRE LTDA. - SICOOB CREDILIVRE
0.2577556100607025,0.3841590833028039,BCO DES. DO ES S.A. - PRUDENCIAL
0.10436754458530019,-0.21150816510950565,COOPERATIVA DE CRÉDITO DA REGIÃO MERIDIONAL DO BRASIL - SICOOB UNICOOB MERIDIONAL
0.07525814914653785,-1.3954013738376774,"COOPERATIVA DE CRÉDITO, POUPANÇA E INVESTIMENTO VALOR SUSTENTÁVEL - SICREDI VALOR SUSTENTÁVEL PR/SP"
0.010253500187787454,-0.13359361627281313,COOPERATIVA DE CRÉDITO E INVESTIMENTO COM INTERAÇÃO SOLIDÁRIA DO VALE EUROPEU - CRESOL VALE EUROPEU
0.12274858143692577,-0.34935806703262107,COOPERATIVA DE CRÉDITO COCRE
0.0617349585539721,-1.5026184335469983,"COOPERATIVA DE CRÉDITO, POUPANÇA E INVESTIMENTO DA REGIÃO CENTRO OESTE PAULISTA - SICREDI CENTRO OESTE PAULISTA"
0.187798868257766,-0.25459759959814515,"COOPERATIVA DE CRÉDITO, POUPANÇA E INVESTIMENTO DO RIO GRANDE DO NORTE - SICREDI RIO GRANDE DO NORTE"
0.10910238786495412,-0.6055044235374996,COOPERATIVA DE CRÉDITO E INVESTIMENTO COM INTERAÇÃO SOLIDÁRIA TRADIÇÃO - CRESOL TRADIÇÃO
0.2602906861065086,0.23230032660768682,BANCO BARI DE INVESTIMENTO E FINANCI. - PRUDENCIAL
0.11914566463840184,-1.5581767564131441,CREDISIS PRIMACREDI COOPERATIVA DE CRÉDITO
0.1782222671064463,0.06916466726885721,COOPERATIVA DE CRÉDITO DE LIVRE ADMISSÃO DA REGIÃO METROPOLITANA DE GOIÂNIA LTDA.
0.08985400597769096,-0.13173435052347862,COOPERATIVA DE CRÉDITO E ECONOMIA COM INTERAÇÃO SOLIDÁRIA - CRESOL NOROESTE
0.11557101114580536,-0.09118263261390226,SICOOB MANTIQUEIRA - COOPERATIVA DE CRÉDITO DE LIVRE ADMISSÃO
0.22579427291560017,0.5390681588800883,HP FINANCIAL SERVICES AM S.A - PRUDENCIAL
0.2335872739390861,-0.28681348335880563,CENTRAL DAS COOPERATIVAS DE CRÉDITO DO ESTADO DE SÃO PAULO - SICOOB CENTRAL CECRESP
0.16877159126707042,-0.15355298553259256,COOPERATIVA DE CRÉDITO SUL-LITORÂNEA DO ESPÍRITO SANTO
0.2661586721159326,0.08368541238372018,"CENTRAL DAS COOPERATIVAS DE CRÉDITO DOS ESTADOS DE MATO GROSSO, MATO GROSSO DO SUL E DO MUNICÍPIO DE CACOAL/RO - SICOOB CENTRAL RONDON"
0.27949269444746355,0.8725361823921998,STATE STREET BRASIL - PRUDENCIAL
0.1240659830231466,0.024310158822849814,COOPERATIVA DE CRÉDITO DE LIVRE ADMISSÃO DO ALTO VALE DO ITAJAÍ - VIACREDI ALTO VALE
0.04480855958818089,-0.8627223075657646,COOPERATIVA DE CRÉDITO DE LIVRE ADMISSÃO DA UNIÃO DOS VALES DO PIRANGA E MATIPÓ LTDA. - SICOOB UNIÃO DOS VALES
0.23676906058830519,0.33357341971350224,LEASEPLAN AM S.A. - PRUDENCIAL
0.06310302131666227,-0.5961930802736279,COOPERATIVA DE CRÉDITO CREDIGUAÇU - SICOOB CREDIGUAÇU
0.1480077837453235,-0.167839195160546,COOPERATIVA DE CRÉDITO DE LIVRE ADMISSÃO DA REGIÃO DO CIRCUITO CAMPOS DAS VERTENTES LTDA - SICOOB COPERMEC
0.07997126733702946,-0.41007497005997534,COOPERATIVA DE CREDITO CREDICERIPA - SICOOB CREDICERIPA
0.12492210815009284,-0.5425277845042189,COOPERATIVA DE ECONOMIA E CRÉDITO MÚTUO UNICRED INTEGRAÇÃO LTDA.
0.23749132871842704,0.4787856708443743,AF DO ESTADO DE SC S.A. - PRUDENCIAL
0.039606844616544346,-0.3758949704110513,COOPERATIVA DE CRÉDITO E INVESTIMENTO COM INTERAÇÃO SOLIDÁRIA UNIÃO DOS VALES - CRESOL UNIÃO DOS VALES
0.2754992567303665,0.1445815365526151,BANCO PAULISTA - PRUDENCIAL
0.11906803416172455,-0.20873884066039117,COOPERATIVA DE CRÉDITO ALTO VALE DO ITAJAÍ - SICOOB ALTO VALE
0.2461271256268863,0.20097574179085745,BNY MELLON - PRUDENCIAL
0.1600730289024251,-0.4066260504113129,COOPERATIVA DE CRÉDITO UNICRED VALE LTDA - UNICRED VALE
0.2811496575730958,0.4040463958915197,BCO KEB DO BRASIL SA - PRUDENCIAL
0.14036289104010927,-0.10053926394885482,COOPERATIVA DE CRÉDITO COOPERAÇÃO - SICREDI COOPERAÇÃO
0.14203003594096444,-0.28408698913032976,COOPERATIVA DE CRÉDITO E INVESTIMENTO LIBERDADE - SICREDI LIBERDADE
0.16011134669051053,-0.15387924413956733,COOPERATIVA DE CRÉDITO E INVESTIMENTO COM INTERAÇÃO SOLIDÁRIA UNIÃO - CRESOL UNIÃO
0.2688100664182404,0.3700996610304887,QISTA S.A. CFI - PRUDENCIAL
0.12937591399580464,-0.041084859159712335,COOPERATIVA DE CRÉDITO UNICRED EVOLUÇÃO LTDA. - UNICRED EVOLUÇÃO
0.13385105686726262,-0.3292343165688219,COOPERATIVA DE CRÉDITO E INVESTIMENTO SICOOB CENTRO - SICOOB CENTRO
0.10317865659283727,-0.5551411904591672,COOPERATIVA DE CRÉDITO DA AMAZÔNIA - SICOOB AMAZÔNIA
0.11377704610561051,0.04701337377011807,"COOPERATIVA DE CRÉDITO DOS MÉDICOS, DENTISTAS, PROFISSIONAIS DA ÁREA DE SAÚDE E DE LIVRE ADMISSÃO DO ESTADO DE SÃO PAULO LTDA. - UNICRED DO ESTADO DE SÃO PAULO"
0.16897348045877483,-0.29105941821155995,COOPERATIVA DE ECONOMIA E CRÉDITO MÚTUO UNICRED ELEVA LTDA.
0.12666647496692388,-0.41855161266228774,COOPERATIVA DE CRÉDITO DO NORTE E NOROESTE DE MINAS GERAIS LTDA. - SICOOB CREDIGERAIS
0.2530548797290813,-0.2249961952675501,COOPERATIVA CENTRAL DE CRÉDITO DA BAHIA LTDA - SICOOB CENTRAL BA
0.13680545104653313,-0.05402577829230169,SICREDI CEARÁ - COOPERATIVA DE CRÉDITO DO ESTADO DO CEARÁ
0.23059994766624548,0.16948129771201118,COOPERATIVA DE CRÉDITO DE LIVRE ADMISSÃO DE ITAÚNA E REGIÃO LTDA - SICOOB CENTRO-OESTE
0.16696116365052172,-0.20220392044582808,COOPERATIVA DE CRÉDITO CREDINTER LTDA. - SICOOB CREDINTER
0.12986186951094958,-0.5938118234941009,COOPERATIVA DE CRÉDITO COOPACREDI LTDA. - SICOOB COOPACREDI
0.15379995947028977,-0.7569246628187867,COOPERATIVA DE CRÉDITO DE LIVRE ADMISSÃO DO OESTE MINEIRO LTDA. - SICOOB CREDICOPA
0.26817136305092854,0.36690771300387476,BANCO MONEO S.A. - PRUDENCIAL
0.16511950901547043,-0.14036949878449478,COOPERATIVA DE CRÉDITO DE LIVRE ADMISSÃO DE ASSOCIADOS DO PLANALTO CATARINENSE SICOOB CREDIPLANALTO SC/RS
0.062067902305838446,-1.1955497601082812,COOPERATIVA DE CRÉDITO DE LIVRE ADMISSÃO DO CENTRO NORTE DOS ESTADOS DE MATO GROSSO E MATO GROSSO DO SUL - SICOOB UNIÃO MT/MS
0.07639432979289683,-0.40249081269812254,COOPERATIVA DE CRÉDITO DE LIVRE ADMISSÃO SICOOB ARENITO PARANÁ / SÃO PAULO
0.15122128298910678,-0.15260891790200432,COOPERATIVA DE CRÉDITO E INVESTIMENTO COM INTERAÇÃO SOLIDÁRIA CENTRO SUL RS/MS - CRESOL CENTRO SUL RS/MS
0.11748165733550482,-0.24156622638734776,COOPERATIVA DE CRÉDITO E INVESTIMENTO COM INTERAÇÃO SOLIDÁRIA INTEGRAÇÃO - CRESOL INTEGRAÇÃO
0.1919398151032956,-0.13069977772531197,COOPERATIVA DE CRÉDITO DE LIVRE ADMISSÃO DA PARAÍBA - SICOOB PARAÍBA
0.1083554590279879,-0.636350488012333,COOPERATIVA DE CRÉDITO DE LIVRE ADMISSÃO DO NORTE DE MATO GROSSO - SICOOB NORTE MT
0.08435973516132937,-0.9358130557020682,COOPERATIVA DE CRÉDITO DE LIVRE ADMISSÃO DE SÃO ROQUE DE MINAS LTDA.
0.24079892403990383,0.042931671617851795,COOPERATIVA DE CRÉDITO NOROESTE DE MINAS LTDA. - SICOOB NOROESTE DE MINAS
0.11287065832944439,-0.32413108291049214,COOPERATIVA DE CRÉDITO SICOOB CREDICAPITAL
0.27549525782867545,0.24502155832106853,CHG-MERIDIAN DO BRASIL AM S.A. - PRUDENCIAL
0.19753103759173765,0.1623124531982732,COOPERATIVA DE CRÉDITO DE LIVRE ADMISSÃO DE ASSOCIADOS - SICOOB CREDICARU SC/RS
0.03691260140812938,-0.46700224384887296,COOPERATIVA DE CRÉDITO INTEGRADO - SICOOB INTEGRADO
0.12074782601409219,-0.5656957395535294,COOPERATIVA DE CREDITO CREDISUDESTE LTDA. - SICOOB CREDISUDESTE
0.16514000173500418,-0.05554591735976269,COOPERATIVA DE CRÉDITO CREDIVERTENTES LTDA. - SICOOB CREDIVERTENTES
0.16546221694185434,-0.28649356459274644,COOPERATIVA DE CRÉDITO CREDICAF LTDA - SICOOB CREDICAF
0.22068706129198376,0.1976030735203885,COOPERATIVA DE CRÉDITO CREDICOCAPEC
0.06313963580510701,-0.8711964196700562,COOPERATIVA DE CRÉDITO CREDINOR LTDA - SICOOB CREDINOR
0.19561053572539144,-0.27722567118122105,COOPERATIVA DE CRÉDITO NOSSOCRÉDITO LTDA - SICOOB NOSSOCRÉDITO
0.27490823440103623,0.348257522492305,BANCO KOMATSU DO BRASIL - PRUDENCIAL
0.273116935677259,0.050496023059230996,"COOPERATIVA CENTRAL DE CRÉDITO, POUPANÇA E INVESTIMENTO DO NORDESTE - CENTRAL SICREDI NORDESTE"
0.11970779033014863,-0.228593494097918,COOPERATIVA DE CRÉDITO DOS PROFISSIONAIS DA ÁREA DA SAÚDE E DE LIVRE ADMISSÃO LTDA - UNICRED ALIANÇA
0.2733975020975265,-0.0014109152753042833,CENTRAL DAS COOPERATIVAS DE CRÉDITO DO NORDESTE - SICOOB CENTRAL NE
0.09983899273638396,-1.2257481820354539,COOPERATIVA DE CREDITO COOPLIVRE
0.2825533168227424,0.26590428396977683,BANCO SEMEAR - PRUDENCIAL
0.10559821347960342,-0.48897903996174275,COOPERATIVA DE CRÉDITO E ECONOMIA COM INTERAÇÃO SOLIDÁRIA DO PLANALTO SERRA DO RIO GRANDE DO SUL - CRESOL PLANALTO SERRA
0.21403205475427894,-0.21261663099760936,COOPERATIVA DE CRÉDITO DE LIVRE ADMISSÃO DE ASSOCIADOS ITAPIRANGA - SICOOB CREDITAPIRANGA SC/RS
0.13853485740944121,-0.48863241594030943,COOPERATIVA DE CRÉDITO E INVESTIMENTO COM INTERAÇÃO SOLIDÁRIA VANGUARDA - CRESOL VANGUARDA
0.14260118438459235,-0.3497492640489221,COOPERATIVA DE CRÉDITO E INVESTIMENTO COM INTERAÇÃO SOLIDÁRIA DA AMAZÔNIA - CRESOL AMAZÔNIA
0.1772336559885424,-0.09757717124696265,CREDISIS CREDIARI - COOPERATIVA DE CRÉDITO LTDA.
0.16715398598037692,-0.09751726857193097,COOPERATIVA DE CRÉDITO DE LIVRE ADMISSÃO TRÊS FRONTEIRAS - SICOOB TRÊS FRONTEIRAS
0.26900267552098756,0.22136748655853164,COOPERATIVA DE CRÉDITO CREDISG LTDA. - SICOOB CREDISG
0.12896965366542287,-0.27868927134651916,COOPERATIVA DE POUPANÇA E CRÉDITO DO VALE DO RIO DOCE LTDA - SICOOB CREDIRIODOCE
0.1701238349103023,-0.231037977048923,COOPERATIVA DE CRÉDITO DE LIVRE ADMISSÃO DE ASSOCIADOS NOVA TRENTO   SICOOB TRENTOCREDI SC
0.19085876776311106,-0.23453580640521174,COOPERATIVA DE CRÉDITO CREDIUNA LTDA - SICOOB CREDIUNA
0.15511274022504817,0.07784597195593235,COOPERATIVA DE CRÉDITO DA FOZ DO RIO ITAJAÍ AÇU - CREDIFOZ
0.15177654454131628,-0.8142610716397173,COOPERATIVA DE CRÉDITO CREDISETE LTDA. - SICOOB CREDISETE
0.13267784995925055,-0.40648816436033713,COOPERATIVA DE CRÉDITO E INVESTIMENTO COM INTERAÇÃO SOLIDÁRIA DE MINAS GERAIS - CRESOL MINAS GERAIS
0.22312074812928534,0.14501836596424025,COOPERATIVA DE CRÉDITO CREDCOOPER LTDA - SICOOB CREDCOOPER
0.16067527557657907,-0.038430806423132874,CREDISIS JICRED - COOPERATIVA DE CRÉDITO DE LIVRE ADMISSÃO JICRED
0.24593404181667722,-0.14745278659298464,STARK SCD - PRUDENCIAL
0.2802567642104987,0.7327308086098134,BANCO B3 - PRUDENCIAL
0.1526005186241017,-0.3493018481141885,COOPERATIVA DE CRÉDITO EVOLUA
0.14961998166476922,-0.7463847840010599,"COOPERATIVA DE CRÉDITO, POUPANÇA E INVESTIMENTO DO NOROESTE DO ESTADO DE SÃO PAULO - SICREDI NOROESTE SP"
0.198410516077126,-0.27715508703879843,COOPERATIVA DE CRÉDITO DE LIVRE ADMISSÃO DE ASSOCIADOS VALE DO RIO DO PEIXE - SICOOB CREDIRIO SC
0.22508025113069205,-0.031151433007151723,COOPERATIVA DE CRÉDITO DE LIVRE ADMISSÃO DA REGIÃO DE FRUTAL LTDA.   SICOOB FRUTAL
0.16811566193732538,-0.9849569907128732,COOPERATIVA DE CRÉDITO CREDIFOR LTDA - SICOOB CREDIFOR
0.21319867094497205,0.008290155674682434,COOPERATIVA DE ECONOMIA E CRÉDITO MÚTUO DOS MÉDICOS DOS VALES DO TAQUARI E RIO PARDO E REGIÃO DA PRODUÇÃO LTDA. - UNICRED PREMIUM
0.18622540284641906,-0.15140250667125996,COOPERATIVA DE CRÉDITO DE LIVRE ADMISSÃO DE ASSOCIADOS VALE DO CHAPECOZINHO - SICOOB VALCREDI SUL
0.21483403412074625,-0.24321902880659726,COOPERATIVA DE CRÉDITO CREDIBOM LTDA. - SICOOB CREDIBOM
0.23432631444601207,-0.1493277998438734,COOPERATIVA DE CRÉDITO CREDICARPA LTDA. - SICOOB CREDICARPA
0.17709887624884937,-0.017811447475497483,COOPERATIVA DE CRÉDITO DE LIVRE ADMISSÃO DO ESTADO DE SÃO PAULO - SICOOB PAULISTA
0.16208994309279173,-0.32922186102863005,COOPERATIVA DE CRÉDITO E INVESTIMENTO COM INTERAÇÃO SOLIDÁRIA LIDERANÇA - CRESOL LIDERANÇA
0.1689372630790324,-0.2769998364568642,COOPERATIVA DE CRÉDITO UNIQUE BR
0.16198571103821524,-0.14319380907901824,COOPERATIVA DE CRÉDITO DO NORTE CATARINENSE - ACREDICOOP
0.18139683106620638,-0.793029870912958,COOPERATIVA DE CRÉDITO E CAPTAÇÃO SICOOB UNICIDADES
0.11930789273200045,-0.714528285751622,COOPERATIVA DE CRÉDITO DE LIVRE ADMISSÃO UNIÃO E NEGÓCIOS - SICOOB INTEGRAÇÃO
0.2910653058318348,0.3071638307312076,BCO WOORI BANK DO BRASIL S.A. - PRUDENCIAL
0.13290737411650677,-0.7972019267087452,COOPERATIVA DE CREDITO NOSSO - SICOOB NOSSO
0.18673390139022394,-0.1074968005142475,COOPERATIVA DE CRÉDITO E INVESTIMENTO COM INTERAÇÃO SOLIDÁRIA PROGRESSO - CRESOL PROGRESSO
0.2678221880900784,0.46432438737045556,NATURA &CO PAY SCD
0.13684218574976945,-1.0447937926450965,COOPERATIVA DE ECONOMIA E CRÉDITO MÚTUO UNICRED PONTO CAPITAL - UNICRED PONTO CAPITAL.
0.1908297997022266,-0.5765503226490618,"COOPERATIVA DE CRÉDITO, POUPANÇA E INVESTIMENTO DE ARARAQUARA E REGIÃO - SICREDI MORADA DO SOL SP"
0.13008947364805665,-0.5283254622242827,COOPERATIVA DE CRÉDITO DOS PROFISSIONAIS DOS CREAS E DEMAIS ÁREAS TECNOLÓGICAS - CREDCREA
0.1931829118061722,-0.11234043713225239,COOPERATIVA DE CRÉDITO DE LIVRE ADMISSÃO DO VALE DO PARANAPANEMA
0.1879164379850361,-0.2855765538774262,COOPERATIVA DE CRÉDITO ORIGINAL - SICOOB ORIGINAL
0.27810165460390024,0.31830902669954303,STARA FINANCEIRA S.A. - CFI - PRUDENCIAL
0.2625139949819292,0.07587827284571119,COOPERATIVA DE CRÉDITO CREDIPEU LTDA.  - SICOOB CREDIPEU
0.15556859590709,-0.25777789318487276,COOPERATIVA DE CRÉDITO E INVESTIMENTO COM INTERAÇÃO SOLIDÁRIA ESSÊNCIA - CRESOL ESSÊNCIA
0.13187014419519633,-0.35731808896237516,COOPERATIVA DE CRÉDITO CREDIVALE LTDA - SICOOB CREDIVALE
0.17949115503348106,-0.09519494353096108,COOPERATIVA DE CRÉDITO E INVESTIMENTO COM INTERAÇÃO SOLIDÁRIA NORTE PARANAENSE - CRESOL NORTE PARANAENSE
0.06833946612354101,-0.6760791328257368,COOPERATIVA DE CRÉDITO DE LIVRE ADMISSÃO DE PERNAMBUCO - SICOOB PERNAMBUCO
0.19791068047223734,-0.9853705747902287,FATOR - PRUDENCIAL
0.05853661822886687,-0.9654211100084528,COOPERATIVA DE CRÉDITO DE LIVRE ADMISSÃO DE BELO HORIZONTE E CIDADES POLO DO ESTADO DE MINAS GERAIS LTDA. - SICOOB NOSSACOOP
0.18726337033187118,-0.2733423987156145,COOPERATIVA DE CRÉDITO E INVESTIMENTO COM INTERAÇÃO SOLIDÁRIA TRIUNFO - CRESOL TRIUNFO
0.23046260194028387,-0.01999322739500792,COOPERATIVA DE ECONOMIA E CRÉDITO MÚTUO DOS PROFISSIONAIS DA SAÚDE DA REGIÃO DA ALTA MOGIANA - SICOOB CREDIMOGIANA
0.1149496265614838,-1.321566252970712,UNIPRIME PIONEIRA COOPERATIVA DE CRÉDITO
0.1959040351045733,0.08024595311878602,COOPERATIVA DE CRÉDITO DE LIVRE ADMISSÃO DO VALE DO PARANAÍBA LTDA.
0.2395670802920858,0.007347597772688278,"SICREDI RECIFE - COOPERATIVA DE CRÉDITO, POUPANÇA E INVESTIMENTO SICREDI RECIFE"
0.22499032459823506,0.21026256473278698,COOPERATIVA DE CRÉDITO SICOOB CREDSEGURO LTDA.
0.24320369045590742,0.193648032703816,COOPERATIVA DE CRÉDITO DE LIVRE ADMISSÃO DO VALE DO ARAGUAIA LTDA.
0.28432916046450313,0.34776907414410896,CSILATINA A.M. S.A. - PRUDENCIAL
0.16695685395858256,-0.6954290299384179,COOPERATIVA DE CRÉDITO DE LIVRE ADMISSÃO DE ASSOCIADOS NOVOS CAMPOS - SICOOB NOVOS CAMPOS
0.20453057606024178,-0.35225921593666226,"COOPERATIVA DE CRÉDITO, POUPANÇA E INVESTIMENTO SICREDI SERIGY - SICREDI SERIGY"
0.22476496814726094,0.35350352483801545,COOPERATIVA DE CRÉDITO COOCRELIVRE
0.2032440269002456,-0.343194955720999,COOPERATIVA DE CRÉDITO DE PRODUTORES RURAIS E DE LIVRE ADMISSÃO DO TRIÂNGULO LTDA    SICOOB CREDITRIL
0.27910732671021216,0.7164378411224465,AGROLEND SCFI - PRUDENCIAL
0.12647026103464779,-0.8728640462279083,COOPERATIVA DE CRÉDITO E INVESTIMENTO COM INTERAÇÃO SOLIDÁRIA HORIZONTE - CRESOL HORIZONTE
0.2069398809022229,-0.24871719343753923,COOPERATIVA DE CRÉDITO POUPANÇA E INVESTIMENTO DA ALTA NOROESTE DE SÃO PAULO - SICREDI ALTA NOROESTE SP
0.13629387538827734,-0.5312473778521948,COOPERATIVA DE CRÉDITO E INVESTIMENTO COM INTERAÇÃO SOLIDÁRIA DO RIO GRANDE DO SUL - CRESOL RIO GRANDE DO SUL
0.26673407055873577,0.24684487436523916,COOPERATIVA DE CRÉDITO DE LIVRE ADMISSÃO E DOS TRANSPORTADORES RODOVIÁRIOS DE VEÍCULOS - SICOOB CREDCEG
0.18416111511036315,-0.9104553906249352,COOPERATIVA DE CRÉDITO UNIÃO CENTRO OESTE LTDA. - SICOOB UNIÃO CENTRO OESTE
0.11059335358827373,-0.7533985518390591,COOPERATIVA DE CREDITO DE LIVRE ADMISSAO DO CENTRO NORDESTE MINEIRO LTDA - SICOOB CREDICENM
0.1782677241627669,-0.03155394726966507,COOPERATIVA DE CRÉDITO DA REGIÃO DO CONTESTADO - CIVIA
0.1692594628434431,-0.22962259740524685,COOPERATIVA DE CRÉDITO CREDICOPE LTDA. - SICOOB CREDICOPE
0.132286108731226,-0.577690834899183,COOPERATIVA DE CREDITO DE LIVRE ADMISSAO DO VALE DO AÇO LTDA - SICOOB VALE DO AÇO
0.2122559283760605,-0.37076038320069543,COOPERATIVA DE CRÉDITO DE LIVRE ADMISSÃO DA REGIÃO DE  PARÁ DE MINAS LTDA - SICOOB CREDIRURAL
0.22068790332701652,0.05956533563085479,COOPERATIVA DE CRÉDITO SICOOB EXTREMO SUL LTDA.
0.15331615940120202,-0.11195354940074681,SICOOB UNIMAIS METROPOLITANA - COOPERATIVA DE CRÉDITO DE LIVRE ADMISSÃO
0.22599324036893526,0.015101556995927598,SICOOB CREDINOVA - COOPERATIVA DE CRÉDITO DE LIVRE ADMISSÃO DE NOVA SERRANA E REGIÃO CENTRO-OESTE LTDA.
0.11722610285971496,-1.1785606584155617,COOPERATIVA DE CRÉDITO CREDPLUS LTDA. - SICOOB CREDPLUS
0.13859888890013652,-0.8702946862592215,COOPERATIVA DE CRÉDITO E INVESTIMENTO COM INTERAÇÃO SOLIDÁRIA GRANDES LAGOS PR/SP - CRESOL GRANDES LAGOS PR/SP
0.2531314810754191,0.0147873443805168,COOPERATIVA DE CRÉDITO DE LIVRE ADMISSÃO DE  LAGOA DA PRATA E REGIÃO LTDA.   SICOOB LAGOACRED GERAIS
0.2757427772437366,0.502883124394448,AGENCIA FOMENTO EST RJ S.A. - PRUDENCIAL
0.2024564668038354,-0.18635835272461695,COOPERATIVA DE CRÉDITO DE LIVRE ADMISSÃO SICOOB UNIMAIS CENTRO LESTE PAULISTA - SICOOB UNIMAIS CENTRO LESTE PAULISTA
0.2833660806357171,0.40922696407215586,BANCO XCMG BRASIL - PRUDENCIAL
0.1895387453902367,-0.5465858644353778,COOPERATIVA DE CRÉDITO CREDIARA LTDA - SICOOB CREDIARA
0.2871205435888556,0.3362622081137022,COOPERATIVA DE CRÉDITO CREDIFIEMG LTDA. - SICOOB CREDIFIEMG
0.21950116937726033,0.12693990093573285,COOPERATIVA DE CRÉDITO MÚTUO DOS ADVOGADOS DE SANTA CATARINA
0.20358424852647095,-0.3078531672087954,COOPERATIVA DE CRÉDITO E INVESTIMENTO COM INTERAÇÃO SOLIDÁRIA CONEXÃO - CRESOL CONEXÃO
0.2218832366143687,-0.6694833256985344,CREDIARE CFI - PRUDENCIAL
0.19750363107400143,-0.8154854229328243,COOPERATIVA DE CRÉDITO DE LIVRE ADMISSÃO DA REGIÃO LESTE DA BACIA DO RIO DOCE LTDA   SICOOB CREDILESTE
0.12565865457988518,-0.7388742314372221,COOPERATIVA DE CRÉDITO  DE FRONTEIRAS  LTDA. - SICOOB FRONTEIRAS
0.14703433860142637,-0.49703181934130203,COOPERATIVA DE CRÉDITO CREDIMATA LTDA. - SICOOB CREDIMATA
0.2729422326944532,0.41484121369634436,COOPERATIVA DE CRÉDITO RURAL COOPAVEL
0.24727201135165564,0.007409543617927696,COOPERATIVA DE CRÉDITO DE LIVRE ADMISSÃO DA GRANDE GOIÂNIA LTDA.
0.2850316873256927,0.37774895488659993,LEBES FINANCEIRA S.A. - CFI - PRUDENCIAL
0.22780736019960923,-0.4461768769754651,COOPERATIVA DE CRÉDITO COPERSUL LTDA - SICOOB COPERSUL
0.2331787764602433,0.14259170738722926,COOPERATIVA DE CRÉDITO SICOOB 3 COLINAS
0.2004385129990773,-0.8358646704688064,COOPERATIVA DE CRÉDITO DE LIVRE ADMISSÃO DE ASSOCIADOS DO MEIO OESTE CATARINENSE - SICOOB CREDIMOC SC
0.10953031122561817,-0.05461443028095476,COOPERATIVA DE CRÉDITO SICOOB ALIANÇA
0.14150576787244432,-0.300155827455612,COOPERATIVA DE CRÉDITO CENTRO LESTE NORTE MARANHENSE - SICOOB CENTROLESTE
0.17100166164198646,-0.239556464309092,COOPERATIVA DE CREDITO CREDIMOTA   SICOOB CREDIMOTA
0.10767586135570183,-0.8027439161532259,COOPERATIVA DE CRÉDITO CREDIJEQUITINHONHA LTDA. - SICOOB CREDIJEQUITINHONHA
0.2136453229848353,0.060841804419576095,COOPERATIVA DE CRÉDITO DO CENTRO SUL MINEIRO LTDA. - SICOOB CENTRO SUL MINEIRO
0.17550584167240207,-0.935067304892631,SICREDI NORTE - COOPERATIVA DE CRÉDITO
0.227365321111125,0.12816731019727254,COOPERATIVA DE CRÉDITO DA SERRA CATARINENSE - CREDICOMIN
0.12835192705092163,-0.12626528776629606,COOPERATIVA DE CRÉDITO SICOOB UNI SUDESTE
0.28221847345419104,0.41102046389521896,BCO TRICURY S.A. - PRUDENCIAL
0.22409085071807722,-0.4435503120341251,COOPERATIVA DE CREDITO DE LIVRE ADMISSAO DE PARA DE MINAS LTDA - SICOOB ASCICRED
0.24510632866258253,-0.02622962549400317,COOPERATIVA DE CREDITO DE LIVRE ADMISSÃO DO VALE DO SÃO PATRICIO LTDA.
0.22101845430200284,-0.1607452777237218,COOPERATIVA DE CRÉDITO SICOOB MÉDIO OESTE
0.20305202984470558,-0.25556761196588734,COOPERATIVA DE CRÉDITO CREDINACIONAL LTDA. - SICOOB CREDINACIONAL
0.2071860515010462,-0.464608638467464,COOPERATIVA DE CRÉDITO DE LIVRE ADMISSÃO DE SANTO ANTÔNIO DO MONTE LTDA.   SICOOB CREDIMONTE
0.2075379153546196,-0.16522095312232032,COOPERATIVA DE CRÉDITO CREDSAOPAULO - SICOOB CREDSAOPAULO
0.1869759918762724,-0.2525123220939109,COOPERATIVA DE CRÉDITO DE LIVRE ADMISSÃO DO TOCANTINS LTDA
0.19194577547578048,-0.4468382274333777,COOPERATIVA DE CRÉDITO ARACREDI LTDA. - SICOOB ARACREDI
0.27083008169053735,0.10011494204510939,COOPERATIVA DE CRÉDITO MONTECREDI LTDA. - SICOOB MONTECREDI
0.14762199963265438,-2.0085169439994823,UNIPRIME CENTRAL NACIONAL - CENTRAL NACIONAL DE COOPERATIVA DE CREDITO
0.08994224450497891,-1.360501224436624,COOPERATIVA DE CRÉDITO E INVESTIMENTO COM INTERAÇÃO SOLIDÁRIA ATIVA - CRESOL ATIVA
0.30677909285566396,1.5274408252399319,BBVA BRASIL BI S.A. - PRUDENCIAL
0.17614740052626704,-0.20148387167625975,COOPERATIVA DE CRÉDITO E INVESTIMENTO COM INTERAÇÃO SOLIDÁRIA ORIGENS - CRESOL ORIGENS
0.1531482982104522,-0.8446082583382046,COOPERATIVA DE CRÉDITO E INVESTIMENTO COM INTERAÇÃO SOLIDÁRIA TRANSFORMAÇÃO - CRESOL TRANSFORMAÇÃO
0.21177378733900698,-0.06026606034341466,COOPERATIVA DE CREDITO DE LIVRE ADMISSAO DE RUBIATABA E REGIAO LTDA
0.28890396368869825,0.3231837495512044,COOPERATIVA DE CRÉDITO DE LIVRE ADMISSÃO DE BOA ESPERANÇA LTDA. - SICOOB BELCREDI
0.20341784744162586,0.08864628652755917,COOPERATIVA DE CRÉDITO E INVESTIMENTO COM INTERAÇÃO SOLIDÁRIA VALE DAS ÁGUAS PR/MG - CRESOL VALE DAS ÁGUAS PR/MG
0.245311075193603,-0.10130867177714312,COOPERATIVA DE ECONOMIA E CRÉDITO MÚTUO UNICRED PROSPERAR LTDA. - UNICRED PROSPERAR
0.1724528704563973,-0.3067196407582821,COOPERATIVA DE CRÉDITO E INVESTIMENTO COM INTERAÇÃO SOLIDÁRIA COOPERAR - CRESOL COOPERAR
0.19010443877818545,-0.2571444554136671,COOPERATIVA DE CRÉDITO CREDIVERDE LTDA. - SICOOB CREDIVERDE
0.12899413889836567,-1.870388991453278,COOPERATIVA DE CRÉDITO DE LIVRE ADMISSÃO DO ALTO SÃO FRANCISCO LTDA.
0.18597850330532376,0.3459931091867493,COOPERATIVA DE CRÉDITO MÚTUO DOS EMPREGADOS DA EMBRAER- SICOOB COOPEREMB
0.1339062550284718,-1.036549031761872,SICOOB AC CREDI - COOPERATIVA DE CRÉDITO DE LIVRE ADMISSÃO DO LESTE E NORDESTE MINEIRO LTDA.
0.20560201613467888,-0.6339428465792549,COOPERATIVA DE CRÉDITO DE LIVRE ADMISSÃO DO VALE DO RIO GRANDE LTDA. - SICOOB UBERABA
0.21658286286514594,0.1474087280608331,COOPERATIVA DE CRÉDITO DE LIVRE ADMISSÃO DA REGIÃO CENTRAL DE RONDÔNIA   SICOOB OUROCREDI
0.23609490385115162,0.2496915326442515,COOPERATIVA DE CRÉDITO DE LIVRE ADMISSÃO CENTRO OESTE LTDA.
0.16195071864202948,-0.3819235961313689,COOPERATIVA DE CRÉDITO E INVESTIMENTO COM INTERAÇÃO SOLIDÁRIA ALTO VALE - CRESOL ALTO VALE
0.17193902327476457,-0.7940479609456088,COOPERATIVA DE CRÉDITO CREDICAMPO LTDA.- SICOOB CREDICAMPO
0.1943177992850063,-0.654236008775616,COOPERATIVA DE CRÉDITO GUARANICREDI LTDA. - SICOOB GUARANICREDI
0.21487869374916918,-0.5657597407422905,COOPERATIVA DE CREDITO SULCREDI AMPLEA
0.10534567737015878,-1.2518767358657876,COOPERATIVA DE CRÉDITO DE LIVRE ADMISSÃO BURITIS - SICOOB BURITIS
0.2791172555575732,0.24299139845176096,SIMPALA CFI - PRUDENCIAL
0.18504625458432786,-0.9209821370539006,"COOPERATIVA DE CRÉDITO, POUPANÇA E INVESTIMENTO DA REGIÃO DAS FLORES, DAS ÁGUAS E DOS VENTOS SP - SICREDI FORÇA DOS VENTOS SP"
0.14860832679504807,-0.3464887814339269,SOCIEDADE COOPERATIVA DE CRÉDITO COOPERE LTDA.  - SICOOB COOPERE
0.20991590876163146,-0.02554626021182126,COOPERATIVA DE CRÉDITO E INVESTIMENTO COM INTERAÇÃO SOLIDÁRIA CONFIANÇA - CRESOL CONFIANÇA
0.1968807331974168,-0.9798916434071574,COOPERATIVA DE CRÉDITO DE LIVRE ADMISSÃO DE RIO VERDE E REGIÃO LTDA.
0.2558272219774449,0.1613945754170337,COOPERATIVA DE CRÉDITO DO DISTRITO FEDERAL E ENTORNO LTDA
0.13082431917970747,-0.7314677629327104,COOPERATIVA DE CRÉDITO SICOOB SERTÃO LTDA
0.21087345941013116,-0.7745342990576349,COOPERATIVA DE CREDITO CREDIAGRO LTDA. - SICOOB CREDIAGRO
0.16574375731186936,-0.4198298808004762,COOPERATIVA DE CRÉDITO DE LIVRE ADMISSÃO DO ESTADO DO RIO DE JANEIRO - SICOOB FLUMINENSE
0.29354511128203936,0.27740364165362463,SICOOB CREDIGOIÁS COOPERATIVA DE CRÉDITO LTDA.
0.23607082071067156,0.3283345990771272,COOPERATIVA DE CRÉDITO DE LIVRE ADMISSÃO LTDA. - SICOOB CREDIJUSTRA
0.20855083550864376,-0.29399951424816956,COOPERATIVA DE CRÉDITO DA REGIÃO CENTRAL DE MINAS LTDA. - SICOOB UNIÃO CENTRAL
0.2785201254409198,0.37095478463396664,COOPERATIVA DE CREDITO DO MERCADO IMOBILIÁRIO - SICOOB IMOB.VC
0.18986684695193412,-0.3458282973311453,COOPERATIVA DE CRÉDITO E INVESTIMENTO COM INTERAÇÃO SOLIDÁRIA PLANALTO SUL - CRESOL PLANALTO SUL
0.19509682417719398,-0.2905025677507848,COOPERATIVA DE ECONOMIA E CRÉDITO MÚTUO DOS EMPREGADOS DE FURNAS E DAS DEMAIS EMPRESAS DO SISTEMA ELETROBRÁS LTDA. - SICOOB CECREMEF
0.1431512053236014,-1.0591221744966628,COOPERATIVA DE CRÉDITO E ECONOMIA COM INTERAÇÃO SOLIDÁRIA - CRESOL ALIANÇA
0.1602873935611603,-0.9628978695963392,COOPERATIVA DE CRÉDITO E ECONOMIA COM INTERAÇÃO SOLIDÁRIA CRESOL EVOLUÇÃO
0.2475138628719727,-0.03305094234670111,COOPERATIVA DE CRÉDITO DE LIVRE ADMISSÃO UNIÃO DO CENTRO OESTE DE MINAS LTDA - SICOOB CREDESP
0.2506442924984127,0.012128344165217478,COOPERATIVA DE CRÉDITO UNIÃO DO CENTRO OESTE DE MINAS LTDA. - SICOOB CENTRO UNIÃO
0.2139918454459987,-0.17310014454699055,COOPERATIVA DE CRÉDITO DE LIVRE ADMISSÃO DE ASSOCIADOS URUBICI - SICOOB CREDIARAUCÁRIA/SC
0.2376020408724566,-0.23120003077609683,COOPERATIVA DE CRÉDITO CREDIALP LTDA - SICOOB CREDIALP
0.27102692489414354,0.2163500200961214,COOPERATIVA E ECONOMIA E CRÉDITO MÚTUO DOS MÉDICOS DO PLANALTO MÉDIO DO RIO GRANDE DO SUL LTDA. - CREDISIS/CREDIPLAN
0.1340124113129804,-1.0998987676284069,COOPERATIVA DE CRÉDITO E INVESTIMENTO COM INTERAÇÃO SOLIDÁRIA ALTERNATIVA - CRESOL ALTERNATIVA
0.2895205487022254,0.3679874024387279,TODESCREDI S/A - CFI - PRUDENCIAL
0.2145466148269099,-0.7902818094449351,VIA CERTA CFI - PRUDENCIAL
0.16458271310288608,-0.7981161683604787,COOPERATIVA DE ECONOMIA E CRÉDITO MÚTUO UNICRED COALIZÃO LTDA - UNICRED COALIZÃO
0.2357282886078527,-0.20705262286023068,COOPERATIVA DE CRÉDITO UNIPRIME SUL
0.218679550817836,-0.03875444375287398,COOPERATIVA DE CRÉDITO E INVESTIMENTO COM INTERAÇÃO SOLIDÁRIA DE GOIÁS - CRESOL GOIÁS
0.29318275047414094,0.36917721195546804,SUPERLÓGICA SCD PRUDENCIAL
0.23829639368797897,0.01873251227086602,COOPERATIVA DE CRÉDITO CARLOS CHAGAS LTDA. - SICOOB CARLOS CHAGAS
0.26093087050002706,0.22772322561042205,COOPERATIVA DE CRÉDITO CREDIRAMA LTDA - SICOOB CREDIRAMA
0.24565815172249644,-0.08863726815589686,COOPERATIVA DE CRÉDITO DE LIVRE ADMISSÃO SICOOB CREDIACIL
0.2469598205882915,0.045417640716960826,COOPERATIVA DE CRÉDITO CREDIBELO LTDA. - SICOOB CREDIBELO
0.2349358508097892,-0.026728938753241043,COOPERATIVA DE CRÉDITO NOSSA SENHORA DO DESTERRO - SICOOB CREDISC
0.29551826715718843,0.3158187117925308,CONTA SIMPLES SCD - PRUDENCIAL
0.21235461939371944,-0.5762125563463716,COOPERATIVA DE CRÉDITO DO VALE DO SÃO FRANCISCO - SICREDI VALE DO SÃO FRANCISCO
0.16391666447954126,-0.7277124069032559,CREDISAN COOPERATIVA DE CRÉDITO
0.23913427936399806,-0.3811147619046101,COOPERATIVA DE CRÉDITO DE LIVRE ADMISSÃO DO ESTADO DO ACRE LTDA.
0.17518936160299362,-0.08614068940380992,COOPERATIVA DE CRÉDITO DA REGIÃO E COLAR METROPOLITANO DO VALE DO AÇO LTDA. - SICOOB COSMIPA
0.20735366382398168,-0.44558095176359747,COOPERATIVA DE CRÉDITO E INVESTIMENTO COM INTERAÇÃO SOLIDÁRIA CENTRO NORTE - CRESOL CENTRO NORTE
0.2353331698247742,-0.04610826470926589,COOPERATIVA DE CRÉDITO E ECONOMIA COM INTERAÇÃO SOLIDÁRIA - CRESOL INTERAÇÃO
0.2020865722655655,-0.6371453825636217,COOPERATIVA DE CRÉDITO DE LIVRE ADMISSÃO DE ANÁPOLIS E REGIÃO LTDA
0.21978405542809235,-0.2250237179524053,COOPERATIVA DE CRÉDITO DE LIVRE ADMISSÃO DO CENTRO-SUL GOIANO LTDA
0.2674500107227546,0.04591222445164397,COOPERATIVA DE CRÉDITO DE LIVRE ADMISSÃO DE PIRACANJUBA LTDA. - SICOOB CERRADO
0.21906713164280292,0.48954577193390764,CREDI&GENTE - COOPERATIVA DE CRÉDITO E INVESTIMENTOS
0.28347534053753015,0.4705068786120443,KREDILIG S.A. - CFI - PRUDENCIAL
0.2505779884401755,0.04297536662477857,COOPERATIVA DE CRÉDITO UNICRED AMPLA LTDA - UNICRED AMPLA
0.2037674280404034,-0.6514171259061265,COOPERATIVA DE CREDITO DE LIVRE ADMISSAO DE PITANGUI E REGIAO LTDA. - SICOOB CREDPIT
0.2257994391382769,-0.5291781186035927,COOPERATIVA DE CRÉDITO DE LIVRE ADMISSÃO E DOS ADVOGADOS LTDA. - SICOOB CREDIJUR
0.27164357171066467,0.3158595956284181,COOPERATIVA DE CRÉDITO DOS INTEGRANTES DO PODER JUDICIÁRIO E DO MINISTÉRIO PÚBLICO DO ESTADO DE MINAS GERAIS LTDA. - SICOOB JUS-MP
0.21374189903017543,-0.06781219317951478,COOPERATIVA DE CRÉDITO DE LIVRE ADMISSÃO DO SUL CATARINENSE - ACENTRA
0.215530184512559,-0.29454249005945415,COOPERATIVA DE CRÉDITO SICOOB COSTA DO DESCOBRIMENTO LTDA.
0.22399118329681647,-0.6289359186163351,COOPERATIVA DE CRÉDITO SACRAMENTO LTDA - SICOOB SACRAMENTO
0.206392800468105,-0.7200532015150197,COOPERATIVA DE ECONOMIA E CRÉDITO MÚTUO DOS INTEGRANTES DO MINISTÉRIO PÚBLICO E DA DEFENSORIA PÚBLICA NO ESTADO DO RIO DE JANEIRO LIMITADA. - SICOOB COMPERJ
0.23725760857339193,0.17467315788445398,COOPERATIVA DE CRÉDITO DOS PROFISSIONAIS DA SAÚDE E LIVRE ADMISSÃO DO SUL DE MINAS LTDA
0.19065308529379282,-0.8111804168057283,COOPERATIVA DE CREDITO DO PLANALTO SUL - SICOOB CREDISSERRANA
0.27296553152062913,0.08598174859595828,COOPERATIVA DE CRÉDITO UNICRED COOMARCA LTDA. - COOMARCA
0.27653514748670105,0.06349357216227156,SOCINAL S.A. CFI - PRUDENCIAL
0.15151575072190976,-0.693501405636913,"UNIPRIME DO IGUAÇU - COOPERATIVA DE CRÉDITO, POUPANÇA E INVESTIMENTO"
0.1826612291124086,-1.2718795816374229,"COOPERATIVA DE CRÉDITO DE LIVRE ADMISSÃO DE PITANGUI, PAPAGAIOS, MARAVILHAS E REGIÃO LTDA. - SICOOB CREDICOOP"
0.2246189130880851,0.04109106121629191,COOPERATIVA DE CRÉDITO DE LIVRE ADMISSÃO DO NOROESTE DE MINAS GERAIS LTDA.   SICOOB CREDIPINHO
0.21661132581467146,-0.3805370904275048,COOPERATIVA DE CRÉDITO CREDINORTE LTDA. - SICOOB CREDINORTE
0.2944706096058805,0.3554115335671261,COOPERATIVA DE CRÉDITO RURAL DE IRAÍ DE MINAS LTDA -SICOOB CREDIMIL
0.28403522112660223,0.17942975642804176,"COOPERATIVA DE CRÉDITO DOS SERVIDORES MILITARES, POLÍCIA CIVIL E DA SECRETARIA DE EDUCAÇÃO DO ESTADO DE MINAS GERAIS LTDA - SICOOB COOPEMG"
0.20471575132447584,-0.5553912479900566,COOPERATIVA DE CRÉDITO E INVESTIMENTO COM INTERAÇÃO SOLIDÁRIA NASCENTE - CRESOL NASCENTE
0.2366153248755346,-0.4744097174630887,COOPERATIVA DE CRÉDITO DE LIVRE ADMISSÃO DE CAMPOS GERAIS E CAMPO DO MEIO LTDA - SICOOB CREDCAM
0.17836831619883792,-1.0769395365835719,COOPERATIVA DE CRÉDITO DE LIVRE ADMISSÃO DO CENTRO SUL DE MATO GROSSO DO SUL - SICOOB CENTRO SUL MS
0.20477521291855075,-0.1797272639771933,CREDIALIANÇA COOPERATIVA DE CRÉDITO RURAL
0.21289134948137226,-0.019068754814908963,COOPERATIVA DE CRÉDITO DO VALE EUROPEU - SICOOB EURO VALE
0.26175340797460656,0.10230180117349902,COOPERATIVA DE CRÉDITO DE LIVRE ADMISSÃO DE ASSOCIADOS DO PLANALTO SERRANO - SICOOB CREDISERRA SC
0.1894013151533666,-0.5429506826170911,COOPERATIVA DE CRÉDITO E ECONOMIA COM INTERAÇÃO SOLIDÁRIA - CRESOL ENCOSTAS DA SERRA GERAL
0.19034440436083144,-0.7090045200485944,COOPERATIVA DE CRÉDITO SICOOB CONFIANÇA
0.281423284949543,0.35360245607633245,COOPERATIVA DE CRÉDITO DOS SERVIDORES DOS PODERES LEGISLATIVOS DO ESTADO DE MINAS GERAIS E DO SEU ÓRGÃO AUXILIAR E DE LIVRE ADMISSÃO LTDA. - SICOOB COFAL
0.24045681965471652,0.18454109819071865,COOPERATIVA DE CRÉDITO DO VALE DO ITAJAÍ E VALE DO ITAPOCÚ - SICOOB MULTICREDI
0.19856576383869476,-0.2935178493188428,COOPERATIVA DE CRÉDITO DE LIVRE ADMISSÃO DO ESTADO DE GOIÁS
0.2922420130376339,0.36850486718939945,"COOPERATIVA DE ECONOMIA E CRÉDITO MÚTUO DOS SERVIDORES DO PODER JUDICIÁRIO, DO TRIBUNAL DE CONTAS ESTADUAL E DEMAIS ÓRGÃOS PÚBLICOS MUNICIPAIS, ESTADUAIS E FEDERAIS NO ESTADO DO RIO DE JANEIRO LTDA."
0.2808168136576947,0.2371002730155641,AGORACRED S/A SCFI - PRUDENCIAL
0.20465764163245465,-0.4215101001233686,COOPERATIVA DE CRÉDITO DE LIVRE ADMISSÃO DE PEDRO LEOPOLDO LTDA - SICOOB CREDIPEL
0.2160911196136112,-0.14597127201513366,COOPERATIVA DE CRÉDITO E INVESTIMENTO COM INTERAÇÃO SOLIDÁRIA MISSÕES FRONTEIRA RS - CRESOL MISSÕES FRONTEIRA RS
0.24478874957213365,0.08248778529380782,COOPERATIVA DE CRÉDITO DA GRANDE FLORIANÓPOLIS - ÚNILOS
0.19162631764315743,-0.30323746958536085,COOPERATIVA DE CRÉDITO E ECONOMIA COM INTERAÇÃO SOLIDÁRIA DE JACUTINGA - CRESOL JACUTINGA
0.21331797809297226,-0.31777663153342256,COOPERATIVA DE CRÉDITO DE LIVRE ADMISSÃO DE ASSOCIADOS DO SUL DO BRASIL - CREVISC
0.20687700854882793,-0.1808470930913514,COOPERATIVA DE CRÉDITO E INVESTIMENTO COM INTERAÇÃO SOLIDÁRIA CENTRO SERRA - CRESOL CENTRO SERRA
0.1903089444208386,-0.23708799625719246,COOPERATIVA DE CRÉDITO RURAL DE ABELARDO LUZ - SULCREDI/CREDILUZ
0.25346827106830455,-0.17328872193796055,COOPERATIVA DE CRÉDITO DE LIVRE ADMISSÃO DE CARMO DO RIO CLARO LTDA - SICOOB CREDICARMO
0.28263224059953396,0.4531631900357888,SANTINVEST - PRUDENCIAL
0.19632406344092068,-0.3461074462310741,COOPERATIVA DE CRÉDITO E ECONOMIA COM INTERAÇÃO SOLIDÁRIA - CRESOL MAIS
0.21111903404994056,-0.31719704336067656,"COOPERATIVA DE CREDITO, POUPANCA E INVESTIMENTO DO RIO DE JANEIRO - SICREDI RIO RJ"
0.13932728840465092,0.2592905394023341,LAR COOPERATIVA DE CRÉDITO - LAR CREDI
0.28541587647797384,0.25227741443566415,FINAMAX S.A. CFI - PRUDENCIAL
0.2770118608478057,0.27301152021253133,COOPERATIVA DE ECONOMIA E CRÉDITO MÚTUO UNICRED HORIZONTES LTDA - UNICRED HORIZONTES
0.297160496743308,0.39136299658801416,DELCRED SCD - PRUDENCIAL
0.23525912311448285,0.17252879331615611,"COOPERATIVA DE CRÉDITO, POUPANÇA E INVESTIMENTO SICREDI CENTRO PERNAMBUCANA"
0.25553533827906477,0.13159435533245348,COOPERATIVA DE CRÉDITO DE LIVRE ADMISSÃO DE PALMEIRAS E REGIÃO LTDA.
0.28479853154920476,0.20496939261363775,"COOPERATIVA DE CRÉDITO, POUPANÇA E INVESTIMENTO DOS JUÍZES E CARREIRAS PÚBLICAS DO DIREITO DO ESTADO DO RIO GRANDE DO SUL - SICREDI AJURIS RS"
0.20684631218266955,-0.42739395947418146,COOPERATIVA DE CREDITO DE LIVRE ADMISSÃO DO VALE DO GORUTUBA LTDA - SICOOB CREDIVAG
0.2672205399109062,-0.033973819001906866,COOPERATIVA DE CRÉDITO DE TIROS E MATUTINA LTDA.- SICOOB CREDITIROS
0.22190173440409217,-0.2835560024267897,"COOPERATIVA DE ECONOMIA E CRÉDITO MÚTUO NOS ESTADOS DE ALAGOAS, SERGIPE E BAHIA - SICOOB LESTE"
0.24860595576592495,0.11874258579088952,COOPERATIVA DE CRÉDITO DOS SERVIDORES PÚBLICOS NO ESTADO DA BAHIA LTDA. - SICOOB CRED EXECUTIVO
0.2385138590735464,0.07442736224663488,SICREDI CREDUNI - COOPERATIVA DE ECONOMIA E CRÉDITO MÚTUO DOS SERV DAS INST PÚBLICAS DE ENSINO SUPERIOR DO ESTADO DA PARAÍBA E DAS DEMAIS INSTITUIÇÕES E ÓRGÃOS PÚBLICOS NO ESTADO DA PARAÍBA
0.26634550578127286,0.11225400264948386,COOPERATIVA DE ECONOMIA E CRÉDITO MÚTUO DO VALE DAS ANTAS LTDA. - UNICRED PIONEIRA
0.18261491762574372,0.18992378750990008,COOPERATIVA DE CRÉDITO SICOOB COOPMIL
0.27901240538515854,0.12073778866997456,TENTOS CFI - PRUDENCIAL
0.17796566364018682,-1.1393945070868507,"COOPERATIVA DE CRÉDITO, POUPANÇA E INVESTIMENTO SICREDI INTEGRAÇÃO BAHIA - SICREDI INTEGRAÇÃO BAHIA"
0.24619551472145285,-0.12853111073924098,COOPERATIVA DE CRÉDITO E ECONOMIA COM INTERAÇÃO SOLIDÁRIA DE ARATIBA - CRESOL ARATIBA
0.27757317691242694,0.23500763184047438,NEGRESCO S.A. - CFI - PRUDENCIAL
0.2882065161363037,0.29375897313059185,OXY CH - PRUDENCIAL
0.23017653877842154,-0.437337118577921,COOPERATIVA DE CRÉDITO CREDIVAZ LTDA. - SICOOB CREDIVAZ
0.28867753134723456,0.55113759984416,BARRACRED - COOPERATIVA DE ECONOMIA E CRÉDITO MÚTUO
0.25158346170282164,0.017175536862581445,COOPERATIVA DE CRÉDITO DE LIVRE ADMISSÃO SICOOB CREDMISSÃO LTDA. - SICOOB CREDMISSÃO
0.18893239531239048,-0.8205452744819706,COOPERATIVA DE CRÉDITO E ECONOMIA COM INTERAÇÃO SOLIDÁRIA CRESOL VALE
0.2085075696250679,0.12351684360547263,SICOOB CRESSEM - COOPERATIVA DE ECNONOMIA E CRÉDITO MUTUO DOS SERVIDORES MUNICIPAIS DA REGIÃO METROPOLITANA DO VALE DO PARAIBA E LITORAL NORTE
0.2260377944650506,-0.266156093651549,COOPERATIVA DE CRÉDITO DO SUDOESTE BAIANO LTDA - SICOOB CREDICONQUISTA
0.22178501420996252,-0.3283415708590852,COOPERATIVA DE CRÉDITO DO VALE DOS PINHAIS - SICOOB VALE DOS PINHAIS
0.260822193877164,0.029777376319249767,COOPERATIVA DE CRÉDITO CREDIBAM LTDA. - SICOOB CREDIBAM
0.25634253484508085,0.16967125340042696,COOPERATIVA DE ECONOMIA E CRÉDITO MÚTUO - SICOOB COOPERAC
0.21623933160192566,-0.6513504962292948,COOPERATIVA DE CRÉDITO DE LIVRE ADMISSÃO DE JATAÍ E REGIÃO LTDA.
0.19682614793667264,-0.637727081099859,COOPERATIVA DE CRÉDITO SICOOB NORTE SUL LTDA
0.2549390453865108,-0.27941561472270265,BRAZA BANK BCO CÂMBIO - PRUDENCIAL
0.25445260042011497,0.23342677517841737,COOPERATIVA DE ECONOMIA E CRÉDITO DE LIVRE ADMISSÃO LTDA. - SICOOB EMPRESARIAL
0.29698459945561156,0.648536150700825,LAUNCH PAD SCD - PRUDENCIAL
0.2390183975460998,0.25891234572644184,COOPERATIVA DE CRÉDITO DE LIVRE ADMISSÃO DE ASSOCIADOS LTDA. - SICOOB JUDICIÁRIO
0.1900474302621848,-1.1328871280853445,COOPERATIVA DE CRÉDITO DOS PROFISSIONAIS DE SAÚDE E DE LIVRE ADMISSÃO DO TRIÂNGULO MINEIRO E SUL DE MINAS LTDA. - UNICRED PROGRESSO
0.26312544691375217,0.05216858175280306,AFEAM - PRUDENCIAL
0.2961064926648297,0.40715204938379496,COOPERATIVA DE ECONOMIA E CRÉDITO MÚTUO DOS FUNCIONÁRIOS DA SECRETARIA DE ESTADO DA FAZENDA  DO ESTADO DE MINAS GERAIS E DE LIVRE ADMISSÃO LTDA - SICOOB COOPSEF
0.22280009442012985,-0.2765971737025579,COOPERATIVA DE CRÉDITO SICREDI ALTO SERTÃO PARAIBANO - SICREDI ALTO SERTÃO PARAIBANO
0.20318237185728344,-0.6217371707425112,"COOPERATIVA DE CRÉDITO, POUPANÇA E INVESTIMENTO BANDEIRANTES - SICREDI BANDEIRANTES SP"
0.2759517736405003,0.1914860138040764,COOPERATIVA DE ECONOMIA E CRÉDITO MÚTUO DOS PROFISSIONAIS DA ÁREA NOTARIAL E REGISTRAL - COOPNORE
0.2250279201317958,-0.6106600610962332,WESTERN UNION - PRUDENCIAL
0.2872855954712747,0.369184489924695,"COOPERATIVA DE CRÉDITO DOS MAGISTRADOS, SERVIDORES DA JUSTIÇA DO ESTADO DE GOIÁS E EMPREGADOS DA CELG LTDA."
0.2276262366205169,-0.22261147915469448,COOPERATIVA DE CRÉDITO HORIZONTE - SICOOB HORIZONTE
0.23116648747963373,-0.23362851955768235,COOPERATIVA DE CRÉDITO COOPCRED
0.2542215308924133,0.15795944641589993,COOPERATIVA DE CREDITO CLASSICA DO ESTADO DO RIO DE JANEIRO - SICOOB EMPRESAS RJ
0.26623005170189257,-0.10174583114501887,COOPERATIVA DE CRÉDITO CREDICAMPINA LTDA. - SICOOB CREDICAMPINA
0.24663728306872043,-0.27854664581755023,COOPERATIVA DE CRÉDITO DE LIVRE ADMISSÃO DE SANTA CRUZ DAS PALMEIRAS E REGIÃO
0.24965713968219794,-0.0752165160558357,COOPERATIVA DE CRÉDITO DE LIVRE ADMISSÃO SICOOB COOPJUS LTDA.
0.27281511372447165,0.41755260886439477,COOPERATIVA DE CRÉDITO DE LIVRE ADMISSÃO CREDFAZ LTDA. - SICOOB CREDFAZ
0.21164267590409297,-0.49849311891759035,COOPERATIVA DE CRÉDITO E ECONOMIA COM INTERAÇÃO SOLIDÁRIA - CRESOL DESENVOLVIMENTO
0.19609134477691365,-0.4180064114096932,COOPERATIVA DE CRÉDITO DE LIVRE ADMISSÃO DE ITAJUBÁ LTDA - SICOOB SUDESTE MAIS
0.24272600276914946,-0.18582390741600346,COOPERATIVA DE CREDITO POTIGUAR - SICOOB POTIGUAR
0.0911307225883535,-2.032282781301481,COOPERATIVA DE CRÉDITO CREDIESMERALDAS LTDA. - SICOOB CREDIESMERALDAS
0.2928006413560497,0.453569186412856,AGÊNCIA DE FOMENTO MATO GROSSO - PRUDENCIAL
0.25433454845097436,0.07867668276277894,COOPERATIVA DE CREDITO DE LIVRE ADMISSÃO DA REGIÃO SUDESTE DE MINAS GERAIS LTDA. - SICOOB CREDISUCESSO
0.26864183506387873,-0.025109771604906992,CREDISIS CAPITALCREDI - COOPERATIVA DE CRÉDITO DE LIVRE ADMISSÃO DO ACRE LTDA
0.24300556840103976,-0.18759104785463115,COOPERATIVA DE CRÉDITO VALE DO CANOAS - SICOOB/SC CREDICANOAS
0.21211269841491384,-0.4213918759348968,COOPERATIVA DE CRÉDITO E ECONOMIA COM INTERAÇÃO SOLIDÁRIA DE SÃO VALENTIM - CRESOL SÃO VALENTIM
0.21183735657589176,-0.4177541513789645,COOPERATIVA DE CRÉDITO SICOOB COOPEMAR LTDA
0.2338452809735343,-0.35860742117159605,"COOPERATIVA DE CRÉDITO, POUPANÇA E INVESTIMENTO EMPREENDEDORES - SICREDI EMPREENDEDORES PR"
0.2737271778508869,0.13256722847956662,COOPERATIVA DE CRÉDITO DE LIVRE ADMISSÃO DE ARCOS LTDA. - SICOOB ARCOMCREDI
0.21024797076366153,-0.4502055193719222,COOPERATIVA DE CRÉDITO RURAL E ECONOMIA COM INTERAÇÃO SOLIDÁRIA DE GETÚLIO VARGAS - CRESOL GETÚLIO VARGAS
0.09101895879579636,-2.2834152478578256,COOPERATIVA DE CRÉDITO E ECONOMIA COM INTERAÇÃO SOLIDÁRIA - CRESOL INOVAÇÃO
0.25177079884123865,-0.04438002383721956,COOPERATIVA DE CRÉDITO DE LIVRE ADMISSÃO DA MARGEM ESQUERDA DO URUCUIA E SÃO FRANCISCO LTDA - SICOOB CREDICHAPADA
0.20400072333083352,-0.3321043513755206,COOPERATIVA DE CRÉDITO E INVESTIMENTO COM INTERAÇÃO SOLIDÁRIA TRANSAMAZÔNICA - CRESOL TRANSAMAZÔNICA
0.258208068396615,0.2651657042765408,COOPERATIVA DE CRÉDITO DE LIVRE ADMISSÃO DO BRASIL CENTRAL LTDA. - SICOOB EXECUTIVO
0.28342260409532216,0.20568143818196047,SINOSSERRA FINANCEIRA S/A - PRUDENCIAL
0.2947339091996474,0.628376152767308,"COOPERATIVA DE ECONOMIA E CRÉDITO MÚTUO DOS SERVIDORES DA FEDERAÇÃO DO COMÉRCIO, SESC E SENAC DE SÃO PAULO"
0.25925473192399645,-0.09962384487559757,COOPERATIVA DE CRÉDITO DE LIVRE ADMISSÃO CREDIEMBRAPA LTDA - SICOOB.
0.2560315068077299,-0.21798927829372508,EBURY BANCO DE CÂMBIO - PRUDENCIAL
0.29369445945476563,0.42938113508495507,C&A PAY SCD - PRUDENCIAL
0.2969427095451414,0.4541674466278521,COOPERATIVA DE CRÉDITO DOS INTEGRANTES DO MINISTÉRIO PÚBLICO E DO PODER JUDICIÁRIO NOS ESTADOS DO AMAPÁ E CEARÁ E LIVRE ADMISSÃO NO ESTADO DO PARÁ - SICOOB COIMPPA
0.2637895749175294,0.14400136807082012,COOPERATIVA DE CRÉDITO DE LIVRE ADMISSÃO DE CERES E RIALMA LTDA
0.26351514092945094,0.10981329569647157,COOPERATIVA DE ECONOMIA E CRÉDITO MÚTUO DE LIVRE ADMISSÃO DE ARARAQUARA E REGIÃO - SICOOB
0.24374225449942974,-0.16523946246764,COOPERATIVA DE CRÉDITO SICOOB UNI SUL MS
0.25350897059428196,-0.12834757352660314,COOPERATIVA DE CREDITO RURAL SEARA - CREDISEARA
0.2438321713310726,-0.27810831804343444,COOPERATIVA DE CRÉDITO DA REGIÃO DO VALE DO RIO GRANDE LTDA. - SICOOB CREDILEITE
0.27964012849737596,0.09350171357688696,COOPERATIVA DE CRÉDITO SICOOB ITAPAGIPE LTDA - SICOOB ITAPAGIPE
0.20897118624493646,-0.6925801997227067,COOPERATIVA DE CRÉDITO DE LIVRE ADMISSÃO DA REGIÃO DE SÃO SEBASTIÃO DO PARAÍSO LTDA. - SICOOB PARAÍSOCRED
0.22686692936770875,-0.486883413839149,CREDISIS SUDOESTE/RO - COOPERATIVA DE CRÉDITO E INVESTIMENTO DO SUDOESTE DE RONDÔNIA
0.24773675812951532,-0.2090031182971228,COOPERATIVA DE CREDITO CREDLIDER - SICOOB CREDLIDER
0.22613907312152157,-0.4761866547210152,COOPERATIVA DE CRÉDITO DE LIVRE ADMISSÃO DE ASSOCIADOS - SICOOB CRUZ ALTA
0.24117698862671588,-0.2302340828814606,COOPERATIVA DE CREDITO E ECONOMIA COM INTERAÇÃO SOLIDÁRIA - CRESOL SERRA MAR
0.2221496529754599,-0.43814983156457127,COOPERATIVA DE CRÉDITO E INVESTIMENTO COM INTERAÇÃO SOLIDÁRIA DE NOVA MUTUM E REGIÃO - CRESOL MATO GROSSO
0.2899614007751023,0.36314256277709095,"COOPERATIVA DE CRÉDITO, POUPANÇA E INVESTIMENTO DOS INTEGRANTES DA MAGISTRATURA E DO MINISTÉRIO PÚBLICO NO ESTADO DO PARANÁ - SICREDI CREDJURIS"
0.2435238674019937,-0.35606269420569014,COOPERATIVA DE CRÉDITO LIVRE ADMISSÃO SICOOB OURICRED
0.2563131283049526,-0.03892460465036369,COOPERATIVA DE CRÉDITO DE LIVRE ADMISSÃO DA REGIÃO DE GUAXUPÉ LTDA. - SICOOB ACICREDI
0.27448562720043773,-0.04026029561483519,COOPERATIVA DE CRÉDITO CREDICAPI LTDA - SICOOB CREDICAPI
0.29150955234224396,0.2373039859401034,COOPERATIVA DE CRÉDITO DE LIVRE ADMISSÃO DFMIL LTDA. - SICOOB DFMIL
0.2280898324717168,-0.3681348882656891,COOPERATIVA DE CREDITO E ECONOMIA COM INTERAÇÃO SOLIDARIA - CRESOL LITORAL
0.22580412242121708,-0.49047695946859715,COOPERATIVA DE CRÉDITO E ECONOMIA COM INTERAÇÃO SOLIDÁRIA - CRESOL XANXERÊ
0.29119465887005264,0.279262499258852,PLANTAE CFI - PRUDENCIAL
0.2734194026927414,0.2488639938349971,COOPERATIVA DE CRÉDITO DE LIVRE ADMISSÃO DE ASSOCIADOS DE JARAGUÁ DO SUL E REGIÃO - SICOOB CEJASCRED
0.1877199656209033,-1.1219113569172654,SICOOB CREDIMONTES - COOPERATIVA DE CRÉDITO DE LIVRE ADMISSÃO REGIONAL DE MONTES CLAROS LTDA
0.2954976615852681,0.5853199069943216,COOPERATIVA DE ECONOMIA E CRÉDITO MÚTUO DOS FUNCIONÁRIOS DO ATACADÃO
0.177237797114345,-1.4198940640681457,COOPERATIVA DE CRÉDITO DE RIO RUFINO - SICOOB CREDIUNIÃO
0.1947959089540016,-0.8649661416987388,COOPERATIVA DE CRÉDITO DE LIVRE ADMISSÃO SICOOB UNIÃO SUDESTE
0.30105634990852886,0.7935708382227693,GPATIVA - COOPERATIVA DE ECONOMIA E CRÉDITO MÚTUO DOS EMPREGADOS DO GRUPO PÃO DE AÇÚCAR
0.2661994528916004,0.348431597984198,EAGLE SCD - PRUDENCIAL
0.1904365865887823,-0.6244609021022329,COOPERATIVA DE CRÉDITO DE LIVRE ADMISSÃO DO OESTE MARANHENSE - SICOOB OESTE MARANHENSE
0.2972091310695931,0.5571596320627746,COOPERATIVA DE CRÉDITO RURAL DOS FORNECEDORES DE CANA DA REGIÃO DE CATANDUVA-COFOCRED
0.26123571511274607,-0.026270445187979774,COOPERATIVA DE ECONOMIA E CRÉDITO MÚTUO DOS EMPREGADOS DA JOHNSON & JOHNSON
0.2449727290240875,-0.1367156226397725,COOPERATIVA DE ECONOMIA E CRÉDITO MÚTUO DOS MILITARES ESTADUAIS DE SANTA CATARINA - CREDPOM
0.29691331990067055,0.6194440804285607,COOPERATIVA DE ECONOMIA E CRÉDITO MÚTUO DOS TRABALHADORES DO GRUPO SÃO MARTINHO   USICRED
0.2791874527034619,0.03982843004185813,CARTOS SCD - PRUDENCIAL
0.2980144510694984,0.36491515425595206,OPEA SCD - PRUDENCIAL
0.1702707424433168,-1.3012907609411095,COOPERATIVA DE ECONOMIA E CRÉDITO MÚTUO SICOOB METALCRED
0.29798400455448937,0.47071983782929233,PIAUÍ FOMENTO - PRUDENCIAL
0.2560616694050037,-0.20863572239662503,COOPERATIVA DE CRÉDITO SICOOB IPÊ - SICOOB IPÊ
0.2294154268862651,-0.5549484708400408,CREDISIS CREDIBRÁS COOPERATIVA DE CRÉDITO E INVESTIMENTO DE LIVRE ADMISSÃO DO OESTE DE RONDÔNIA
0.19787209723519303,-1.1603779299417865,COOPERATIVA DE CRÉDITO CREDIMAC LTDA - SICOOB CREDIMAC
0.2785439943118545,0.14943246874805013,"COOPERATIVA DE CRÉDITO, POUPANÇA E INVESTIMENTO DOS MILITARES ESTADUAIS E SERVIDORES DA SEGURANÇA DO ESTADO DO RIO GRANDE DO SUL - SICREDI TRADIÇÃO RS"
0.22994861883782597,-0.5833869066164133,COOPERATIVA DE CRÉDITO CREDINOSSO LTDA - SICOOB CREDINOSSO
0.2028588397314674,-0.9151337458222624,COOPERATIVA DE CRÉDITO DE LIVRE ADMISSÃO DO ESTADO DO PARÁ - SICOOB COOESA
0.24936430283130645,-0.37128856962516665,COOPERATIVA DE CRÉDITO DE LIVRE ADMISSÃO DE ASSOCIADOS DE DORES DO INDAIÁ LTDA - COOPCREDI
0.2965703239862545,0.6259033995646446,COOPERATIVA DE CRÉDITO DOS EMPREGADOS DO GRUPO VALLOUREC NO BRASIL - COOVALL LTDA.
0.25644309913532765,-0.11070439472211344,COOPERATIVA DE CRÉDITO MÚTUO DOS DESPACHANTES DE TRÂNSITO DE SANTA CATARINA E RIO GRANDE DO SUL - SICOOB CREDITRAN
0.14770710606294088,-1.8016920962409924,COOPERATIVA DE CRÉDITO DE LIVRE ADMISSÃO DO CIRCUITO DAS ÁGUAS - SICOOB CIRCUITO DAS ÁGUAS
0.29625028001610526,0.30156928864320515,COOPERATIVA DE CRÉDITO MÚTUO DOS CORRETORES DE SEGUROS DO ESTADO DE SÃO PAULO - SICOOB CREDICOR/SP
0.28908149788457393,0.3945564783253407,CREDITÁ S.A. CFI - PRUDENCIAL
0.2517539907348041,-0.08046732230900548,COOPERATIVA DE CRÉDITO NO PIAUÍ - SICOOB PIAUÍ
0.27370021515381315,0.23620098792953553,COOPERATIVA DE CRÉDITO SICOOB CREDCOOP LTDA.
0.2917267626949154,0.38877010349810237,GREENCRED - COOPERATIVA DE CREDITO
0.29052376875962976,0.27585761114090146,"COOPERATIVA DE CRÉDITO, POUPANÇA E INVESTIMENTO DOS PROFESSORES, FUNCIONÁRIOS E ALUNOS DA UNIVERSIDADE DE CAXIAS DO SUL - SICREDI EDUCAÇÃO RS"
0.2908910742338002,0.42979793252204246,COOPERATIVA DE ECONOMIA E CRÉDITO MÚTUO DE LIVRE ADMISSÃO DOS SERVIDORES DA UNIVERSIDADE FEDERAL DE VIÇOSA LTDA. - SICOOB UFVCREDI
0.2944906369770635,0.6011420336215211,COOPERATIVA DE CRÉDITO MÚTUO DOS EMPREGADOS DA MAXION - CREDMAXION
0.2508737344628858,-0.2278042269055003,COOPERATIVA DE CREDITO E ECONOMIA COM INTERAÇÃO SOLIDÁRIA - CRESOL JACINTO MACHADO
0.25430860472451616,-0.06669079037588482,COOPERATIVA DE CRÉDITO E INVESTIMENTOS DE RONDÔNIA - SICOOB CREDJURD
0.2725659118723485,0.12532304161129876,COOPERATIVA DE CRÉDITO MÚTUO DO CEARÁ - SICOOB CEARÁ
0.30006651086896746,0.5850627212489813,COOPERATIVA DE ECONOMIA E CRÉDITO MÚTUO DOS EMPREGADOS DO GRUPO FEMSA BRASIL
0.294808977451255,0.3203685917278534,BANCO RNX S.A. - PRUDENCIAL
0.2921771851524684,0.3273567235100593,COOPERATIVA DE CRÉDITO RURAL - CREDICANA
0.24366317472321936,-0.3715254696580928,COOPERATIVA DE CREDITO E ECONOMIA COM INTERAÇÃO SOLIDÁRIA - CRESOL TREZE DE MAIO
0.2702497215534725,-0.15814961883986764,LECCA - PRUDENCIAL
0.27841865792548176,0.3056293754994026,COOPERATIVA DE ECONOMIA E CRÉDITO MÚTUO DOS SERVIDORES DA JUSTIÇA DO ESTADO DE MINAS GERAIS LTDA. - SICOOB CREDJUS
0.27517979017043703,0.1574193031805263,COOPERATIVA DE CRÉDITO DE LIVRE ADMISSÃO DE VITÓRIA DA CONQUISTA
0.29817881241269023,0.9277612094967209,ATRIA S.A. - CFI - PRUDENCIAL
0.2952543019970148,0.4288168657455237,CENTROCRED CFI - PRUDENCIAL
0.22915316705792796,-0.4843003499823938,COOPERATIVA DE CRÉDITO DE LIVRE ADMISSÃO DE RORAIMA LTDA.
0.2283961789687498,-0.527323045262133,COOPERATIVA DE CRÉDITO E ECONOMIA COM INTERAÇÃO SOLIDÁRIA - CRESOL COOPERACRED
0.2632689168148262,0.042520494595920735,COOPERATIVA DE CRÉDITO RURAL E ECONOMIA COM INTERAÇÃO SOLIDÁRIA DE ÁUREA - CRESOL ÁUREA
0.25633861734958396,-0.08587503901851487,COOPERATIVA DE CRÉDITO DE LIVRE ADMISSÃO - SICOOB COPESITA
0.2610476852633051,0.5480677480263257,COOPERATIVA DE CRÉDITO COGEM
0.2891298921952,0.28052146077939,COOPERATIVA DE ECONOMIA E CRÉDITO MÚTUO DOS SERVIDORES PÚBLICOS - SICOOB COOPERPLAN CREDSEF
0.2826102807500341,0.27434324680816274,COOPERATIVA DE ECONOMIA E CRÉDITO DE LIVRE ADMISSÃO DOS EMPREGADOS DOS CORREIOS LTDA. - SICOOB COOPERCORREIOS
0.28814328290036945,0.27455191378474125,"COOPERATIVA DE CRÉDITO, POUPANÇA E INVESTIMENTO DOS ESCRIVÃES, NOTÁRIOS E REGISTRADORES NO ESTADO DO PARANÁ - SICREDI CREDENOREG PR"
0.23944085788806704,-0.6375337448688987,COOPERATIVA DE CRÉDITO MÚTUO DOS PROFISSIONAIS DA SAÚDE E LIVRE ADMISSÃO DE TEÓFILO OTONI LTDA. - UNICRED TRÊS VALES
0.2848925887457339,0.10141365846846487,COOPERATIVA DE ECONOMIA E CRÉDITO MÚTUO DOS MAGISTRADOS DE SÃO PAULO - MAGISCRED
0.2928250203160425,0.5367777812795765,JBCRED S.A. SCFI - PRUDENCIAL
0.24453170897468232,-0.27541022701312995,COOPERATIVA DE CRÉDITO MÚTUO DE LIVRE ADMISSÃO DA REGIÃO ADMINISTRATIVA DE SOROCABA - SICOOB COOPERASO
0.29080367767229426,0.2324471262244997,COOPERATIVA DE CRÉDITO DE SÃO FRANCISCO DE SALES LTDA. - SICOOB CREDISALES
0.352396356534749,3.0904324377734804,REVOLUT SCD - PRUDENCIAL
0.28551111739409185,0.2334014198166823,"COOPERATIVA DE CRÉDITO, POUPANÇA E INVESTIMENTO DOS POLICIAIS FEDERAIS DO RIO GRANDE DO SUL E SANTA CATARINA - SICREDI POL RS/SC"
0.29606398334553435,0.43951952435946273,SICOOB CRED COPERCANA COOPERATIVA DE CRÉDITO
0.30072373937598734,0.5495209539432847,ASA SCD - PRUDENCIAL
0.2551632563792604,-0.25132039450529314,"COOPERATIVA DE CRÉDITO, POUPANÇA E INVESTIMENTO DO SISTEMA DE JUSTIÇA NO ESTADO DO CEARÁ - SICREDI COOPERJURIS"
0.2978098963378952,0.6274534991942293,COOPERATIVA DE ECONOMIA E CRÉDITO MÚTUO DOS FUNCIONÁRIOS DA NESTLÉ - CREDI NESTLÉ
0.289177858094901,0.2183411415432565,COOPERATIVA DE CRÉDITO DE LIVRE ADMISSÃO SUL MARANHENSE - SICOOB SUL MARANHENSE
0.2173392193111881,-0.5150120828693816,"COOPERATIVA DE ECONOMIA E CRÉDITO MÚTUO DOS EMPRESÁRIOS DE AMERICANA, LIMEIRA E REGIÃO - SICOOB ACICRED"
0.2480505637195592,-0.3685496295379986,"COOPERATIVA DE CRÉDITO, POUPANÇA E INVESTIMENTO DOS PROFISSIONAIS MÉDICOS E DA SAÚDE DE CURITIBA E REGIÃO METROPOLITANA - SICREDI MEDICRED PR"
0.2782699743375101,0.14140395495689212,COOPERATIVA DE ECONOMIA E CRÉDITO MÚTUO - COOPERSERV
0.27080235155332544,0.09142728340436371,SICOOB UNISP - COOPERATIVA DE CRÉDITO
0.27874675490052214,0.11142018254741128,FIDUCIA SCMEPP LTDA - PRUDENCIAL
0.28695072561983564,0.19701789720176913,"COOPERATIVA DE CRÉDITO, POUPANÇA E INVESTIMENTO DAS CARREIRAS DO MINISTÉRIO PÚBLICO, TRIBUNAL DE CONTAS E SECRETARIA DA FAZENDA DO RIO GRANDE DO SUL - SICREDI MP RS"
0.2160302391846774,-0.6165045202425895,COOPERATIVA DE CRÉDITO CLÁSSICA DOS EMPREGADOS DA VALE S/A E ENTIDADES VINCULADAS LTDA. - SICOOB COOPVALE
0.2851504922804388,0.1255586744851959,CREDISIS OESTE - COOPERATIVA DE CRÉDITO E INVESTIMENTO DO OESTE
0.3004707564927659,0.4297044015789748,COOPERATIVA DE ECONOMIA E CRÉDITO MÚTUO DOS EMPREGADOS DO BANRISUL
0.30603143364585106,0.9742269427769396,ACCREDITO SOCIEDADE DE CREDITO DIRETO - PRUDENCIAL
0.3113534765234696,1.4008714401070026,KANASTRA FINANCEIRA CFI - PRUDENCIAL
0.24480129536922157,-0.51373742845191706,"COOPERATIVA DE CRÉDITO DOS CONTADORES, ADMINISTRADORES DE EMPRESAS, ECONOMISTAS E CORRETORES DE SEGUROS LTDA. - SICOOB CREDITABIL"
0.1850933407837046,-1.4229744036821512,FINAXIS - PRUDENCIAL
0.27137700182120383,0.16099867867662584,COOPERATIVA DE CRÉDITO MÚTUO - SICOOB CREDIACISC
0.29183023957481286,0.3241002065818479,COOPERATIVA DE CRÉDITO MÚTUO DOS SERVIDORES MUNICIPAIS DE SÃO JOÃO DA BOA VISTA - CREDIVISTA
0.2989877701851711,0.3203075126012217,COOPERATIVA DE CRÉDITO DOS EMPRESÁRIOS DE MANAUS - SICOOB CREDEMPRESAS-AM
0.30797994669488815,1.0024014180795549,AF ESTADO DE PERNAMBUCO S.A. - PRUDENCIAL
0.2566929951380468,0.12350710729194161,SICOOB CREDICONSUMO - COOPERATIVA DE CRÉDITO
0.30398402530635593,0.6490707386768286,COOPERATIVA DE ECONOMIA E CREDITO MUTUO DOS EMPREGADOS DAS EMPRESAS RANDON
0.25904700571911454,-0.31360296190289927,SICOOB CREDIMED - COOPERATIVA DE CRÉDITO DE LIVRE ADMISSÃO DA CIDADE DE UBERABA LTDA.
0.24705815915293863,-0.3395262483347667,COOPERATIVA DE CRÉDITO DE LIVRE ADMISSÃO CENTRO NORDESTE - SICOOB CENTRO NORDESTE
0.3033726572384386,0.5711820155603542,COOPERÁGUIA - COOPERATIVA DE ECONOMIA E CRÉDITO MÚTUO DOS EMPREGADOS DO GRUPO ÁGUIA BRANCA
0.27007041060133075,0.19684484607744024,"COOPERATIVA DE ECONOMIA E CRÉDITO MÚTUO DOS SERVIDORES DA FUNDAÇÃO HOSPITALAR E EMPREGADOS DOS ESTABELECIMENTOS HOSPITALARES DE BELO HORIZONTE, REGIÃO METROPOLITANA E ZONA DA MATA LTDA.- SICOOB CECREF"
0.28158874740890955,0.22343765334699797,COOPERATIVA DE CRÉDITO - SICREDI COOMAMP
0.29796411794366673,0.5862800173586651,COOPERATIVA DE ECONOMIA E CRÉDITO MÚTUO DO GRUPO BASF
0.30137088593118977,0.5720673575403947,"COOPERATIVA DE CRÉDITO MÚTUO DOS EMPREGADOS DO MAGAZINE LUIZA, EMPRESAS CONTROLADAS E COLIGADAS - COOPLUIZA"
0.27645891786202564,0.13442833742010193,COOPERATIVA DE ECONOMIA E CRÉDITO MÚTUO DOS SERVIDORES PÚBLICOS DO ESTADO DE SÃO PAULO - CREDIPAULISTA
0.2995867870081685,0.6115056599223496,FFCRED SCD - PRUDENCIAL
0.27797043560666257,0.27628729204868013,DIRECAO S.A. CFI - PRUDENCIAL
0.24222656632506065,-0.43158602311519695,COOPERATIVA DE CREDITO SICOOB COOPEC LTDA.
0.25428065874016315,-0.3304797359550251,"COOPERATIVA DE CRÉDITO, POUPANÇA E INVESTIMENTO DA ADVOCACIA E SERVENTUÁRIOS DO PODER JUDICIÁRIO NO ESTADO DO RIO GRANDE DO SUL - SICREDI COOABCRED RS"
0.28557026539253505,0.127440896068362,COOPERATIVA DE CRÉDITO CREDIPIMENTA LTDA. - SICOOB CREDIPIMENTA
0.2741566650490591,0.011316541199393567,COOPERATIVA DE CRÉDITO DE LIVRE ADMISSÃO DA REGIÃO SUL DO MARANHÃO - SICREDI SUL DO MARANHÃO
0.08254289636364806,-2.799406341606482,COOPERATIVA DE ECONOMIA E CRÉDITO MÚTUO DOS COLABORADORES DA VALE S.A LTDA. - SICOOB CREDIVALE
0.2726229162211008,-0.057275219115623034,CREDISIS/CREDISUL COOPERATIVA DE CRÉDITO
0.303182841204917,0.5682767320189464,COOPERATIVA DE ECONOMIA E CRÉDITO MÚTUO DOS FUNCIONÁRIOS DA CARGILL
0.26910982474058825,0.09615606157449025,"COOPERATIVA DE CRÉDITO, POUPANÇA E SERVIÇOS FINANCEIROS DE AGRICULTORES E AEROPORTUÁRIOS DO BRASIL - CREHNOR"
0.19633605533634946,-1.3745348543895601,PAGOL SCD - PRUDENCIAL
0.27427400577205563,0.29203471740366327,COOPERATIVA DE ECONOMIA E CRÉDITO MÚTUO DOS EMPREGADOS DA CENTRAIS ELÉTRICAS DE SANTA CATARINA - CREDELESC
0.3010894050002944,0.4775869687046755,SCD CREDITAS - PRUDENCIAL
0.29090265697115847,0.4595876596219115,ECONOMIA CI S.A.-ECONOMISA - PRUDENCIAL
0.254705550183487,-0.2170531124108303,CREFAZ SCMEPP - PRUDENCIAL
0.18225595856137994,-1.5334826551512013,MOVA SEP - PRUDENCIAL
0.29895205916119655,0.43448789798513643,AG. FOMENTO ESTADO DO TOCANTINS - PRUDENCIAL
0.17792960130498015,-1.5769206078446527,"COOPERATIVA DE CRÉDITO, POUPANÇA E SERVIÇOS FINANCEIROS"
0.28543252833161226,0.16360718188490694,CAPITAL CONSIG SCD - PRUDENCIAL
0.3053794464963902,0.6437210350665273,COOPERATIVA DE CAPITAL E EMPRÉSTIMO COOPERMULTICRED - COOPERMC
0.2750306215541765,0.04104132867076311,UY3 SCD - PRUDENCIAL
0.2706899824412231,-0.0965317512860519,AFAL - PRUDENCIAL
0.3043828535360436,0.6146798210178271,COOPERATIVA DE ECONOMIA E CRÉDITO MÚTUO DOS EMPREGADOS DA MONDELEZ BRASIL E PHILIP MORRIS BRASIL - SICOOB COOPMOND
0.2555875399711734,-0.20802621604226296,COOPERATIVA DE CRÉDITO MÚTUO DOS SERVIDORES PÚBLICOS - CREDI-SP
0.2543959267953207,-0.3422817373131059,INTEX BANK BCO CÂMBIO - PRUDENCIAL
0.17122318513436025,-1.6574541714245752,ARTTA SCD PRUDENCIAL
0.29860259983867754,0.4672021209957344,COOPERATIVA DE CRÉDITO RURAL DOS PLANTADORES DE CANA DE ALAGOAS
0.30543771712041007,0.5615697470875595,COOPERATIVA DE ECONOMIA E CREDITO MUTUO DOS MEDICOS E DEMAIS PROFISSIONAIS DA SAUDE DE JOACABA
0.2893557251949267,0.4340990631915888,CREDISIS COOPERUFPA - COOPERATIVA DE ECONOMIA E CRÉDITO MÚTUO DOS SERVIDORES PÚBLICOS FEDERAIS E ESTADUAIS E DAS ENTIDADES DE ENSINO COM SEUS RESPECTIVOS FUNCIONÁRIOS NO ESTADO DO PARÁ
0.3008637402572077,0.7760634388933512,BCO INDUSCRED DE INVESTIM. S/A - PRUDENCIAL
0.2963895974997908,0.36922103349937024,COOPERATIVA  ECONOMIA CRÉDITO MÚTUO  SERVS E EMPREGADOS PÚBLICOS MUNIC DE BELO HORIZONTE BETIM BRUMADINHO CONTAGEM IBIRITÉ NOVA LIMA RIBEIRÃO DAS NEVES SABARÁ SANTA LUZIA E VESPASIANO SICOOB CREDISERV
0.2950156232441076,0.4773209647396967,GRAZZIOTIN FINANCEIRA - PRUDENCIAL
0.2966111501616813,0.4529191719608779,VALOR CFI - PRUDENCIAL
0.2847521919295357,0.08830838814934858,COOPERATIVA DE CRÉDITO DE ITAPETININGA - SICOOB CRED-ACI
0.25967224262961447,-0.16600081189486748,COOPERATIVA DE ECONOMIA E CRÉDITO MÚTUO SICOOB CRED-ACILPA
0.2911312717286368,0.32290845538439744,J17 SCD - PRUDENCIAL
0.3048583013612126,0.6610958805796396,COOPERATIVA DE ECONOMIA E CRÉDITO MÚTUO DOS EMPREGADOS DO GRUPO COLORADO
0.28223789369058017,0.23120856802915013,COOPERATIVA DE ECONOMIA E CREDITO MUTUO DOS FUNCIONARIOS DA COMIGO
0.30808734117024805,0.31294749151267753,DANK SCD - PRUDENCIAL
0.3108365673472013,1.1807183676531594,RED SCD - PRUDENCIAL
0.024456847832030844,-4.0851666394093185,SOMAPAY SCD - PRUDENCIAL
0.2997360628584675,0.5449879397336186,COOPERATIVA DE CREDITO DOS FORNECEDORES DE CANA E DEMAIS PRODUTORES RURAIS DO CENTRO DO ESTADO DE SAO PAULO - CREDICENTRO
0.30376928765553357,0.5677002665144816,COOPERATIVA DE ECONOMIA E CRÉDITO MÚTUO DOS FUNCIONÁRIOS DA FUNDAÇÃO ZERBINI E DA FUNDAÇÃO FACULDADE DE MEDICINA (FFM) - COOPINCOR
0.30453235256765604,0.6159434593686954,COOPERATIVA DE ECONOMIA E CRÉDITO MÚTUO DOS EMPREGADOS DO GRUPO SCHAEFFLER
0.28170808498749605,0.22207432561697238,MEDCRED COOPERATIVA DE CRÉDITO
0.2978590456329369,0.40316339700458315,COOPERATIVA DE CRÉDITO MÚTUO DOS SERVIDORES FEDERAIS NA PARAÍBA - SICOOB COOPERCRET
0.30024371910691805,0.6116752639594584,COOPERATIVA DE ECONOMIA E CRÉDITO MÚTUO DOS EMPREGADOS DA CBMM LTDA.
0.24970462194466686,-0.16488421280444288,SERVICOOP - COOPERATIVA DE CRÉDITO DOS SERVIDORES PÚBLICOS ESTADUAIS E MUNICIPAIS DO RIO GRANDE DO SUL
0.2670698729641225,0.24021918006880555,COOPERATIVA    DE    ECONOMIA    E    CRÉDITO   MÚTUO  MINUANO
0.29866544814938173,0.588418257297158,TAMBASA SCD - PRUDENCIAL
0.28762054933305015,0.37569949024808386,COOPERATIVA DE CRÉDITO MÚTUO DO ABC - COOPER 7
0.3055406626731948,0.6079139993029492,COOPERATIVA DE ECONOMIA E CRÉDITO MÚTUO DOS SERVIDORES DA UNIVERSIDADE ESTADUAL DE CAMPINAS - COOPERUNICAMP
0.2737842342382233,-0.01641618695370575,MONEYCORP - PRUDENCIAL
0.3055813710260555,0.71127862712154,TTSCD SCD  - PRUDENCIAL
0.3025811102099714,0.7607537991732087,BCO CEDULA S.A. - PRUDENCIAL
0.30246535646363953,0.6575845752297034,COMPREV CFI - PRUDENCIAL
0.30102517402810874,0.47915817883301465,COOPERATIVA DE CRÉDITO DOS FORNECEDORES DE CANA DE BARRA BONITA E REGIÃO
0.3052184850462718,0.6122451675612892,COOPERATIVA DE ECONOMIA E CRÉDITO MÚTUO DOS FUNCIONÁRIOS DA ERICSSON - COOPERICSSON
0.21592918444434359,-0.8883974702418614,COOPERATIVA DE ECONOMIA CRÉDITO MÚTUO - SICOOB CREDSAÚDE
0.30080846864096095,0.5787990910379703,PINTOS CFI - PRUDENCIAL
0.30031671773774443,0.514760963912824,COOPERATIVA DE CRÉDITO MÚTUO DOS SERVIDORES DO MINISTERIO DA EDUCAÇÃO EM SÃO PAULO - COOPEMESP
0.301768411149385,0.616685397960856,BANCO PORTO REAL DE INVEST.S.A - PRUDENCIAL
0.3007154582850661,0.5734500289390505,COOPERATIVA DE ECONOMIA E CRÉDITO MÚTUO DOS EMPREGADOS DAS EMPRESAS DO GRUPO ECONÔMICO RHODIA - CREDIRHODIA
0.27785266640904704,0.2532141086964814,COOPERATIVA DE CRÉDITO SICOOB CREDMETAL
0.3020204522962514,0.5811459557931202,Z-ON SCD - PRUDENCIAL
0.3055897759437988,0.58393656961238,CREBEL - COOPERATIVA DE ECONOMIA E CRÉDITO MÚTUO DOS COLABORADORES DAS EMPRESAS BELGO BEKAERT - CREBEL LTDA.
0.2561194198366618,-0.10643613970664614,COOPERATIVA DE CREDITO RURAL DE IBIAM - SULCREDI/IBIAM
0.2983587761491688,0.5759230969735654,BIGCASH SCD - PRUDENCIAL
0.30511153816131614,0.6123315014539037,COOPERATIVA DE ECONOMIA E CRÉDITO MÚTUO DOS FUNCIONÁRIOS DA TETRA PAK
0.2367103011928905,0.3476645040540975,"COOPERATIVA DE ECONOMIA E CRÉDITO MÚTUO DOS APOSENTADOS, PENSIONISTAS E IDOSOS - SICOOB COOPERNAPI"
0.304532925067713,0.5816117987709896,COOPERATIVA DE ECONOMIA E CRÉDITO MÚTUO DOS TRABALHADORES DA CIA. DE PROCESSAMENTO DE DADOS DO ESTADO DE SÃO PAULO - CREDIPRODESP
0.2889964575079494,0.5317464460199702,SER FINANCE SCD - PRUDENCIAL
0.27251030513735364,-0.024504407376987225,GOLCRED - PRUDENCIAL
0.2892357220992222,0.27978344517185794,COOPERATIVA DE ECONOMIA E CRÉDITO MÚTUO DOS SERVIDORES PÚBLICOS DE PINHÃO - CRESERV CREDISIS
0.3037242354249372,0.6219526724193672,BONUSPAGO SCD - PRUDENCIAL
0.3056758713631141,0.62924674948701,COOPERATIVA DE CRÉDITO MÚTUO DOS SERVIDORES DA ASSEMBLEIA LEGISLATIVA DO ESTADO DE SÃO PAULO - COOPERALESP
0.29080012840428826,0.4184865677096107,COOPERATIVA DE CRÉDITO DOS MAGISTRADOS DO ESTADO DO RIO DE JANEIRO LTDA. - MAGICREDI-RJ
0.30572242939833943,0.6327364381774998,COOPERATIVA DE ECONOMIA E CRÉDITO MÚTUO DOS FUNCIONÁRIOS DA VILLARES METALS
0.28823714416242063,0.3173755848447874,COOPERATIVA DE ECONOMIA E CRÉDITO MÚTUO DOS EMPREGADOS DA COMPANHIA BRASILEIRA DE ALUMÍNIO
0.30237954088885644,0.6630170332174528,COOPERATIVA DE ECONOMIA E CRÉDITO MÚTUO DOS COLABORADORES DO GRUPO EMPRESARIAL A COSTA LTDA.
0.2920119099235895,0.3411768734175138,COOPERATIVA DE ECONOMIA E CRÉDITO MÚTUO DOS EMPREGADOS DA AÇO MINAS GERAIS S.A. - AÇOMINAS E EMPRESAS SUBSIDIÁRIAS EM OURO BRANCO LTDA. - COOPAÇO
0.305403116763927,0.5932128090257739,COOPERATIVA DE ECONOMIA E CRÉDITO MÚTUO DOS FUNCIONÁRIOS DO GRUPO OWENS-ILLINOIS DO BRASIL
0.3060461640834923,0.8393352624004834,SOCIAL BANK BANCO MULTIPLO - PRUDENCIAL
0.30405873346638534,0.4880068679793956,INDEPENDÊNCIA COOPERATIVA DE CRÉDITO E INVESTIMENTO - INDEPENDÊNCIA COOPERATIVA DE CRÉDITO
0.219192994739869,-0.7654054333024141,COOPERATIVA DE ECONOMIA E CRÉDITO MÚTUO DOS FUNCIONÁRIOS DO GRUPO JAL LTDA.
0.3026036567551431,0.5476636230451685,COOPERATIVA DE ECONOMIA E CRÉDITO MÚTUO DOS EMPREGADOS DAS EMPRESAS CONTROLADAS E COLIGADAS DA USINA SANTA ADELIA - USAGRO
0.2985188174452012,0.5546040073238374,COPERCRED - COOPERATIVA DE ECONOMIA E CRÉDITO MÚTUO DOS EMPREGADOS DAS EMPRESAS ZILLO LORENZETTI
0.304983826559498,0.6072135527727126,COOPERATIVA DE ECONOMIA E CRÉDITO MÚTUO DOS SERVIDORES DA PREFEITURA MUNICIPAL DE ORLÂNDIA - CRED SERV
0.3057054522734919,0.6267788290004965,COOPERATIVA DE ECONOMIA E CRÉDITO MÚTUO DOS EMPREGADOS DAS EMPRESAS METALÚRGICAS DE MATÃO - METALCOOPERCRED
0.30177032161282824,0.560920920506459,COOPERATIVA DE CRÉDITO DOS EMPREGADOS DA MINERAÇÃO RIO DO NORTE
0.2992396778833338,0.3715336668456202,COBANSA CH S.A. - PRUDENCIAL
0.30788360341649657,0.7463565647016119,COOPERATIVA DE CRÉDITO DOS EMPREGADOS DE ELEVADORES ATLAS
0.23904405844180573,-0.4158939802425584,COOPERATIVA DE CRÉDITO DOS SERVIDORES PÚBLICOS MUNICIPAIS DA GRANDE VITÓRIA/ES
0.2889926880971535,0.37006795794380465,AG. FOMENTO ESTADO DE RORAIMA - PRUDENCIAL
0.29968839453757934,0.4267745816629078,VIA CAPITAL SCD  - PRUDENCIAL
0.3059634391060568,0.6155979013083591,COOPERATIVA DE ECONOMIA E CRÉDITO MÚTUO DOS SERVIDORES PÚBLICOS MUNICIPAIS EM JOÃO MONLEVADE LTDA. - COPREMON
0.2963226917253219,0.6138481260287242,COOPERATIVA DE ECONOMIA E CRÉDITO MÚTUO DOS COLABORADORES DA CEBRACE
0.25760439458232004,-0.17876855895045746,COOPERATIVA DE CRÉDITO E INVESTIMENTO UNINDÚSTRIA
0.3014644872682375,0.5149439132680851,LISTO SCD - PRUDENCIAL
0.29541210680778157,0.3086879382065302,COOPERATIVA DE CREDITO RURAL DE GUACUI - CREDIGUAÇUÍ
0.29853134005252985,0.3923122576884746,COOPERATIVA DE CRÉDITO MÚTUO DOS POLICIAIS FEDERAIS E SERVIDORES PÚBLICOS NO ESPÍRITO SANTO - CREDFEDERAL
0.3040869018076529,0.5049505846775618,COOPERATIVA DE ECONOMIA E CRÉDITO MÚTUO DOS FUNCIONÁRIOS DA TICKET SERVIÇOS COMÉRCIO E ADMINISTRAÇÃO
0.19376689430802052,-1.305443944303999,CDC SCD - PRUDENCIAL
0.3059133775113918,0.6078891820510879,COOPERATIVA DE ECONOMIA E CRÉDÍTO MÚTUO DOS FUNCIONÁRIOS DA MWM TUPY DO BRASIL
0.2870698155510055,0.251891065263458,COOPERATIVA DE CRÉDITO E SERVIÇOS FINANCEIROS DE CURITIBA E REGIÃO METROPOLITANA
0.28737804229288944,0.21067922651372878,COOPERATIVA DE ECONOMIA E CRÉDITO MÚTUO DOS EMPREGADOS DA CEMIG E DAS INDÚSTRIAS METALÚRGICAS E DE MATERIAL ELÉTRICO E DOS SERVIDORES PÚBLICOS MUNICIPAIS DE JUIZ DE FORA LTDA. - SICOOB CECREMEC
0.3016579925300917,0.5131024549040872,"COOPERATIVA DE ECONOMIA E CRÉDITO MÚTUO DOS EMPREGADOS DA UNIÃO MARISTA DO BRASIL E SUAS ASSOCIADAS, PROVÍNCIA MARISTA BRASIL CENTRO-NORTE E UNIÃO BRASILEIRA DE EDUCAÇÃO CATÓLICA."
0.2723932090209555,0.09504421493718107,FAMILIA PAULISTA CI S.A. - PRUDENCIAL
0.2342734250918375,-0.7261101838954828,COOPERATIVA DE ECONOMIA E CREDITO MUTUO DOS EMPREGADOS DE CHOCOLATES GAROTO LTDA. - CREDI-GAROTO
0.306148532746061,0.5968267593992115,COOPERATIVA DE ECONOMIA E CRÉDITO MÚTUO DOS  EMPREGADOS DA TUPY MINAS GERAIS LTDA. E NEMAK ALUMÍNIO DO BRASIL LTDA.
0.30734441565341314,0.6924741231221125,COOPERATIVA DE ECONOMIA E CRÉDITO MÚTUO DOS EMPREGADOS DO SISTEMA FIERGS - CRESUL
0.306099759328086,0.6212618861811456,COOPERATIVA DE ECONOMIA E CRÉDITO MÚTUO DOS FUNCIONÁRIOS PÚBLICOS MUNICIPAIS DE ITAPIRA - CREDITA
0.3059891104009177,0.6178298781307336,COOPERATIVA DE CRÉDITO COOPHARMA
0.30667193670443227,0.6369644709720966,COOPERATIVA DE ECONOMIA E CREDITO MUTUO DOS EMPREGADOS DO GRUPO BAYER LTDA
0.2735204532878647,-0.10562734972895842,CREDISIS COOPESA - COOPERATIVA DE ECONOMIA E CRÉDITO
0.2829668140783774,0.14218027054876467,BNK DIGITAL SCD - PRUDENCIAL
0.30391675415158353,0.6066099971696611,COOPERATIVA DE ECONOMIA E CREDITO MUTUO DOS SERVIDORES DA COMLURB LTDA
0.3077920032244429,0.693926344969771,COOPERATIVA DE CRÉDITO DOS SERVIDORES PÚBLICOS MUNICIPAIS DE TIMÓTEO LTDA. - COOPERTIM
0.30602347881613584,0.6085552038329881,COOPERATIVA DE ECONOMIA E CRÉDITO MÚTUO DOS EMPREGADOS DO GRUPO SBF LTDA. - COOPER ATIVA SBF
0.3067195654402106,0.641012736676706,COOPERATIVA DE ECONOMIA E CREDITO MUTUO DOS EMPREGADOS DE ELEVADORES ATLAS SCHINDLER LTDA.
0.30621276033462125,0.616504043308904,COOPERATIVA DE ECONOMIA E CRÉDITO MÚTUO DOS EMPREGADOS DA NOVELIS
0.3086594863154269,0.763984344850723,COOPERATIVA DE ECONOMIA E CRÉDITO MÚTUO DOS EMPREGADOS DA SAMARCO MINERAÇÃO S.A. LTDA - CREDISAM
0.306372965207168,0.6176568320368874,COOPERATIVA DE ECONOMIA E CRÉDITO MÚTUO DOS FUNCIONÁRIOS DA ASTRAZENECA DO BRASIL
0.3038823836654603,0.5331880289933111,COOPERATIVA DE ECONOMIA E CRÉDITO MÚTUO DOS SERVIDORES MUNICIPAIS DE POÇOS DE CALDAS LTDA. - COOPOÇOS
0.2928937925017179,0.3611537475348189,COOPERATIVA DE ECONOMIA E CRÉDITO MÚTUO DOS SERVIDORES PÚBLICOS DO PODER EXECUTIVO FEDERAL NO ESTADO DO ESPÍRITO SANTO - CREDES
0.30086812373118327,0.49821347680260464,SUDACRED SCD - PRUDENCIAL
0.29391545303375943,0.4067912727909201,UNAVANTI SCD - PRUDENCIAL
0.2954272137578211,0.4440627231664258,COOPERATIVA DE ECONOMIA E CRÉDITO MÚTUO DOS SERVIDORES PÚBLICOS DA REGIÃO METROPOLITANA DE BELÉM - CREDISIS CREDBEM METROPOLITANA
0.3042435932564815,0.5132498173979642,COOPERATIVA DE ECONOMIA E CRÉDITO MÚTUO DOS SERVIDORES MUNICIPAIS DE ITABIRA LTDA. - SICOOB COSEMI
0.2856434605620803,0.25507294910326805,COOPERATIVA DE ECONOMIA E CRÉDITO MÚTUO DOS MEMBROS DO MINISTÉRIO PÚBLICO DE SÃO PAULO - PROMOCRED
0.30658279642189307,0.6243993839118033,COOPERATIVA DE ECONOMIA E CRÉDITO MÚTUO DOS EMPREGADOS DA CONFAB
0.27490715202000976,0.04867573850163049,MONETARIE SCD - PRUDENCIAL
0.29523715558842056,0.3391806767777115,COOPERATIVA DE ECONOMIA E CREDITO MUTUO DOS SERVIDORES ESTATUTARIOS DA ADMINISTRAÇÃO DIRETA DO ESTADO DO ESPIRITO SANTO - COOPSERVIDOR ES
0.30629349574661713,0.608941100855813,COOPERATIVA DE CRÉDITO MÚTUO DOS EMPREGADOS DA SKF E COLIGADAS
0.3063924392614657,0.5956399762018927,COOPERATIVA DE ECONOMIA E CRÉDITO MÚTUO DOS FUNCIONÁRIOS DO GRUPO COMOLATTI - SÃO PAULO
0.3055746222312544,0.525794012336069,COOPERATIVA DE ECONOMIA E CRÉDITO MÚTUO DOS EMPREGADOS DA JOYSON SAFETY SYSTEMS - COOPERJSS
0.305418611711976,0.6005387785255291,COOPERATIVA DE ECONOMIA E CRÉDITO MÚTUO DOS FUNCIONÁRIOS DO FLEURY
0.306168735706689,0.585419679224009,COOPERATIVA DE ECONOMIA E CRÉDITO MÚTUO DOS FUNCIONÁRIOS DO GRUPO LORENZETTI
0.3064923288245675,0.6161497341008515,COOPERATIVA DE ECONOMIA E CRÉDITO MÚTUO DOS FUNCIONÁRIOS DA BOMBRIL
0.302043015460243,0.5493590610689043,MICROCASH SCMEPP - PRUDENCIAL
0.27662849587292204,0.026166203979333783,COOPERATIVA DE ECONOMIA E CRÉDITO MÚTUO DOS ELETRICITÁRIOS E DOS TRABALHADORES DAS EMPRESAS DO SETOR DE ENERGIA - COOPCRECE
0.2939863884616895,0.4215934690033351,CREDJUST - COOPERATIVA DE CRÉDITO MÚTUO DOS INTEGRANTES DA JUSTIÇA DO TRABALHO DA 13- REGIÃO LTDA.
0.2791109016715393,0.13723448044799028,CREDIFIT SCD - PRUDENCIAL
0.30418675893277974,0.6905922042976992,COOPERATIVA DE CRÉDITO RURAL DOS PLANTADORES DE CANA DA REGIÃO DE IGARAPAVA
0.18260139916208842,-1.4551527469289425,LEND SCD - PRUDENCIAL
0.3061190906861606,0.6213636730137242,COOPERATIVA DE CRÉDITO MÚTUO DOS EMPREGADOS DA PILKINGTON BRASIL
0.27657257193839324,0.07011857928367268,GLOBAL SCM LTDA - PRUDENCIAL
0.27391163925121687,0.045080075813301757,SOCIALCRED S/A SCMEPP - PRUDENCIAL
0.3010319679186756,0.5891104178008832,ONCRED SCD - PRUDENCIAL
0.2980417389800364,0.46301897628988553,BARU SCD - PRUDENCIAL
0.2714214231941838,-0.037215178740613065,COOPERATIVA DE ECONOMIA E CRÉDITO MÚTUO DOS SERVIDORES DO DISTRITO FEDERAL LTDA. - COOSERVCRED
0.29894178052904713,0.47166707146409664,COOPERATIVA DE ECONOMIA E CRÉDITO MÚTUO DOS SERVIDORES DA SECRETARIA DE DEFESA SOCIAL DO ESTADO DE MINAS GERAIS LTDA. - COOPSESP
0.3025061066672466,0.528555342900191,GALLERIA SCD - PRUDENCIAL
0.30834252625424985,0.9948697237706137,G5 SCD - PRUDENCIAL
0.306455203624539,0.5976226093925907,NOSSA TERRA COOPERATIVA DE CRÉDITO DOS EMPREGADOS DAS EMPRESAS DE AGRONEGÓCIO E AFINS
-0.3133042996364967,-9.540258021423519,ALL IN CRED SCD - PRUDENCIAL
0.3004333143798032,0.5614318914056086,ZM SCD PRUDENCIAL
0.2989465475650967,0.4045013470868322,COOPERATIVA DE ECONOMIA E CRÉDITO MÚTUO DOS FABRICANTES DE CALÇADOS DE SAPIRANGA LTDA.
0.30606881909134853,0.5800106632489839,COOPERATIVA DE CRÉDITO MÚTUO DOS SERVIDORES DA SEGURANÇA PÚBLICA DE SÃO PAULO - CREDIAFAM
0.30672327838770214,0.608283428775798,COOPERATIVA DE ECONOMIA E CRÉDITO MÚTUO DOS FUNCIONÁRIOS DO GRUPO AVIBRAS - COOPER AVIBRAS
0.2785191448916314,0.15608160626718504,COOPERATIVA DE ECONOMIA E CRÉDITO MÚTUO DOS TRABALHADORES NAS INDÚSTRIAS DE EXTRAÇÃO DE FERRO E METAIS BÁSICOS DA REGIÃO DE CONGONHAS LTDA. - COOFERSE
0.3052150708797101,0.592936663025999,COOPERATIVA DE ECONOMIA E CRÉDITO MÚTUO DOS FUNCIONÁRIOS DA FACULDADE DE CIÊNCIAS AGRÁRIAS E VETERINÁRIAS - CAMPUS DE JABOTICABAL/SP - COOPERFAC
0.30109904782692576,0.4929509883112406,RAPIDIUM SCMEPP - PRUDENCIAL
0.27900083250880686,0.3346221548896699,ATF SCD - PRUDENCIAL
0.3069330917843648,0.6342220413550708,COOPERATIVA DE ECONOMIA E CRÉDITO MÚTUO ALIANÇA - COOPERNITRO
0.2932684613801258,0.4217440681330489,CRETOVALE - COOPERATIVA DE ECONOMIA E CRÉDITO MÚTUO DOS TRABALHADORES DA VALE
0.3029061320754793,0.6387101528296747,HSCM SCMEPP LTDA. - PRUDENCIAL
0.23951601815497955,-0.5430345718196681,UP.P SEP - PRUDENCIAL
0.30075260546161836,0.4826587157495721,DAPPER SCD - PRUDENCIAL
0.30565094413167593,0.8890547147644343,MULTICRED SCD - PRUDENCIAL
0.3016881402015298,0.508675512647814,DUFRIO CFI - PRUDENCIAL
0.30642325098218104,0.6404079432442975,COOPERATIVA DE ECONOMIA E CRÉDITO MÚTUO DOS FUNCIONÁRIOS DA ELGIN
0.3039108262540468,0.5710413953948389,COOPERATIVA DE ECONOMIA E CRÉDITO MÚTUO DOS EMPREGADOS DO GRUPO TELEFÔNICA
0.10985796570674601,-2.5173309147857417,COOPERATIVA DE ECONOMIA E CREDITO MUTUO DOS SERVIDORES DA EMPRESA BRASILEIRA DE CORREIOS E TELEGRAFOS LTDA
0.30280078030351676,0.6357380017987044,DGBK CREDIT SCD - PRUDENCIAL
0.3069652677172359,0.6310981105042935,COOPERATIVA DE ECONOMIA E CRÉDITO MÚTUO DOS SERVIDORES DA FACULDADE DE ENGENHARIA DE ILHA SOLTEIRA - COOPERFEIS
0.2800754812737102,0.09290778734207074,SCB CRÉDITO SCMEPP - PRUDENCIAL
0.30284598217602304,0.638147115857291,COOPERATIVA DE ECONOMIA E CRÉDITO MÚTUO DOS EMPREGADOS DA EATON
0.3036852141595519,0.6674662313090248,GERU SCD - PRUDENCIAL
0.30625262315899315,0.5900715527676498,COOPERATIVA DE ECONOMIA E CRÉDITO MÚTUO DOS EMPREGADOS DA SAINT-GOBAIN DO BRASIL PRODUTOS INDUSTRIAIS E PARA CONSTRUÇÃO - DIVISÃO VIDRO PLANO
0.30488515253880955,0.5423492154522427,"COOPSEBRAE - COOPERATIVA DE CREDITO MUTUO DOS EMPREGADOS DO SEBRAE/PB, SEBRAE/RN, SESC/PB, SENAC/PB E SENAR/PB"
0.2992950785958673,0.362876820550204,PEAK SEP - PRUDENCIAL
0.25781194740001007,-0.1791869492749577,HBI SCD - PRUDENCIAL
0.3047744707015522,0.5893267438370147,SOLFÁCIL SCFI - PRUDENCIAL
0.296325076666689,0.4596760847498431,COOPERATIVA DE ECONOMIA E CRÉDITO MÚTUO DOS EMPREGADOS DA MOSAIC FERTILIZANTES DE UBERABA - COPERURA LTDA.
0.30568599452593814,0.6044452042234836,COOPERATIVA DE CRÉDITO MÚTUO DOS FUNCIONÁRIOS DA RICLAN
0.30573502324393653,0.5654995170519838,COOPERATIVA DE ECONOMIA E CRÉDITO MÚTUO DOS EMPREGADOS DA MAGNESITA REFRATÁRIOS S.A. LTDA. - CECREM
0.3052813369819181,0.5542189152426437,COOPERATIVA DE ECONOMIA E CRÉDITO MÚTUO DOS FUNCIONÁRIOS DA OWENS CORNING FIBERGLAS AMÉRICA DO SUL
0.30766219693252334,0.6749792583778673,COOPERATIVA DE ECONOMIA E CRÉDITO MÚTUO DOS FUNCIONÁRIOS DAS EMPRESAS DO GRUPO DANA - COOPDANA
0.306195492917518,0.5717247849866692,COOPERATIVA DE ECONOMIA E CRÉDITO MÚTUO DOS FUNCIONÁRIOS DAS EMPRESAS ITAÚ
0.27086567916419513,0.08584960997813311,COOPERATIVA DE ECONOMIA E CREDITO MUTUO DOS EMPREGADOS DAS EMPRESAS DE TRANSPORTES COLETIVOS RODOVIÁRIOS DE PASSAGEIROS DO GRANDE RIO LTDA
0.30523984272346866,0.7881906678058165,COOPERATIVA DE ECONOMIA E CREDITO MÚTUO DOS PROFESSORES ESTADUAIS DA REGIÃO METROPOLITANA DE PORTO ALEGRE - EDUCREDI
0.30705074626146295,0.6551572774683861,COOPERATIVA DE ECONOMIA E CRÉDITO MÚTUO DOS FUNCIONÁRIOS DO GRUPO MAUÁ E EMPRESAS COLIGADAS LTDA. - COOPMAUÁ
0.2974354340021839,0.43842711858243555,COOPERATIVA DE CRÉDITO DOS EMPREGADOS DA COMPANHIA INDUSTRIAL CATAGUASES E DA BAUMINAS LTDA. - COOPECIC
0.305622759464387,0.5810172631916319,COOPERATIVA DE CRÉDITO MÚTUO DOS EMPREGADOS DA FIAÇÃO ALPINA - COOPERALPINA
0.30528977136127416,0.5392904947078798,COOPERATIVA DE CRÉDITO RURAL DO AGRESTE ALAGOANO - COOPERAGRE
0.3043870701750816,0.5447306112385533,COOPERATIVA DE ECONOMIA E CRÉDITO MÚTUO DOS FUNCIONÁRIOS DAS EMPRESAS DE CERÂMICA - COOPASPACER
-0.4050442432864657,-11.029267011261062,MAGNUM SCD - PRUDENCIAL
0.2972138403551898,0.5858423539730312,PERCAPITAL SCD - PRUDENCIAL
0.3002102594332126,0.508609834574168,COOPERATIVA DE CRÉDITO MÚTUO DOS FUNCIONÁRIOS DAS EMPRESAS FERROVIÁRIAS NO ESTADO DE SÃO PAULO
0.29732701432297914,0.4446058582473008,COOPERATIVA DE ECONOMIA E CRÉDITO MÚTUO DOS EMPREGADOS DAS INDÚSTRIAS UNILEVER DO BRASIL
0.23447277754396784,-0.664691087113249,FONTECRED SCD - PRUDENCIAL
0.30588308626553984,0.5803736646288767,COOPERATIVA DE ECONOMIA E CRÉDITO MÚTUO DOS FUNCIONÁRIOS DAS EMPRESAS MELHORAMENTOS DE SÃO PAULO - COOPERMEL
0.2768461645100967,0.25876843549606704,COOPERATIVA DE CRÉDITO DOS BANCÁRIOS DE SÃO PAULO E MUNICÍPIOS LIMÍTROFES
0.29965610011417554,0.3713334734257649,N26 SCD - PRUDENCIAL
0.30236768549906046,0.3865331920594301,HR DIGITAL SCD - PRUDENCIAL
0.28048040305351457,0.1575083652484015,COOPERATIVA DE ECONOMIA E CREDITO MUTUO DOS SERVIDORES MUNICIPAIS DO SUL FLUMINENSE LTDA.
0.3074931245923641,0.6678187203360499,COOPERATIVA DE ECONOMIA E CRÉDITO MÚTUO DOS EMPREGADOS DA RECKITT BENCKISER
0.3009833548820582,0.4871441306821745,COOPERATIVA DE ECONOMIA E CRÉDITO MÚTUO DOS FUNCIONÁRIOS DO GRUPO GERDAU - AÇOS FINOS PIRATINI
0.2906445284463719,0.326822121925462,BMS SCD - PRUDENCIAL
0.3022995589687001,0.5544042297337601,TRYBE SCD - PRUDENCIAL
0.3070681424069965,0.6445905295563265,"COOPERATIVA DE ECONOMIA E CRÉDITO MÚTUO DOS EMPREGADOS DA CNC, SESC E SENAC ADMINISTRAÇÕES NACIONAIS LTDA."
0.31515628454857925,1.4316665907981048,INTEGRAÇÃO DE CRÉDITO E COBRANÇA SCD - PRUDENCIAL
0.3072045841851708,0.6594477822617026,COOPERATIVA DE ECONOMIA E CRÉDITO MÚTUO DOS EMPREGADOS DA PRODAM/SP - CREDIPRODAM
0.29813415629216683,0.5121229796900091,BANSUR JM SCD - PRUDENCIAL
0.2839808141814694,0.18505942677514975,COOPERATIVA DE CRÉDITO E INVESTIMENTO COM INTERAÇÃO SOLIDÁRIA DE TOLEDO E REGIÃO - CRESOL PRIMATO CREDI
0.28546904041721594,0.23038956748323308,COOPERATIVA DE ECONOMIA E CRÉDITO MÚTUO DOS SERVIDORES DA UNESP - COOPUNESP
0.3047759049105542,0.5721145432833696,COOPERATIVA DE ECONOMIA E CREDITO MUTUO DOS EMPREGADOS DOS LABORATORIOS B.BRAUN LTDA
0.3054640148101604,0.5757427585987587,COOPERATIVA DE CRÉDITO MÚTUO DOS SERVIDORES DE ÓRGAOS GESTORES DE RECURSOS HÍDRICOS DO ESTADO DE SÃO PAULO - COOPERHIDRO
0.30270669575011305,0.5955036432168993,BAMAQ CAPITAL SCD - PRUDENCIAL
0.303082351973722,0.6191380876940324,ATICCA SCD PRUDENCIAL
0.30606875857518856,0.5509547447967111,COOPERATIVA DE ECONOMIA E CRÉDITO MÚTUO DOS EMPREGADOS DAS EMPRESAS PLASCAR
0.3181033917828381,1.6315661792433755,NUMBRS SCD - PRUDENCIAL
0.30247036677178485,0.5802038129102576,DAUX SCD - PRUDENCIAL
0.30754390471007775,0.6522772531182732,COOPERATIVA DE ECONOMIA E CRÉDITO MÚTUO DOS EMPREGADOS DA EMPRESA SUPERMERCADOS JAU SERVE - COOPERJS
0.30254344885516654,0.4741961701752637,"COOPERATIVA DE CRÉDITO MÚTUO DOS FUNCIONÁRIOS DA FIEP, SESI, SENAI, IEL E DO CONDOMÍNIO EDIFÍCIO AGOSTINHO VELLOSO DA SILVEIRA (CEAVS  - CREDFISP LTDA."
0.3055666148526329,0.5751750464215664,COOPERATIVA DE ECONOMIA E CRÉDITO MÚTUO DOS EMPREGADOS DE KYN COMÉRCIO VAREJISTA E ATACADISTA - COOPER KYN
0.2997090303378207,0.3911383987079069,CREDPAR SCD - PRUDENCIAL
0.27832705646236466,0.17766628020651487,PALMA SCD - PRUDENCIAL
0.3018482170464235,0.5845676202442021,SOCRED S.A. SCM - PRUDENCIAL
0.2817644813051883,0.15751201056725414,COOPERATIVA DE ECONOMIA E CRÉDITO MÚTUO DOS COLABORADORES DA COOPEDER LTDA - COOPCREDER
0.28846023634076984,0.32676942456759467,COOPERATIVA DE ECONOMIA E CREDITO MUTUO DOS EMPREGADOS DE ESTABELECIMENTOS HOSPITALARES DO SUL DO ESTADO DO ESPIRITO SANTO - SULCRED
0.30174912410853494,0.5424059949443505,INCO SEP - PRUDENCIAL
0.3062135773672679,0.5669199114499304,COOPERATIVA DE ECONOMIA E CREDITO MUTUO DOS SERVIDORES DA ASCAR/EMATER-RS LTDA-CRESAL
0.3471216569117994,3.553808618537556,VBS SCD - PRUDENCIAL
0.3070201982706825,0.6252218869343682,COOPERATIVA DE ECONOMIA E CRÉDITO MÚTUO DOS FUNCIONÁRIOS DA ACUMENT BRASIL
0.10652230622124423,-2.6541537739807892,"COOPERATIVA DE ECONOMIA E CRÉDITO MÚTUO DOS EMPREGADOS DAS EMPRESAS SIDERÚRGICAS, METALÚRGICAS E ELETRO-MECÂNICAS DE JOÃO MONLEVADE LTDA. - CREDIBELGO"
0.30500697768179486,0.524333899682611,COOPERATIVA DE ECONOMIA E CRÉDITO MUTUO DOS FUNCIONÁRIOS DE INSTITUIÇÕES FINANCEIRAS PUBLICAS E PRIVADAS NO TERRITÓRIO NACIONAL - CREDBRASIL
0.580696534605914,19.097800071280655,VUON SCD - PRUDENCIAL
0.30383717458444226,0.5924825598405151,COOPERATIVA DE ECONOMIA E CREDITO MUTUO DOS FUNCIONARIOS DO EXPRESSO PRINCESA DOS CAMPOS
0.2742155983478375,0.05095588287971824,COOPERATIVA DE ECONOMIA E CREDITO MUTUO DOS SERVIDORES DA UERJ LTDA. - COOPUERJ
0.423557729984683,8.703823507250213,RV2 SEP - PRUDENCIAL
0.3116518965034269,1.1902181105295313,E.SIGA SCD - PRUDENCIAL
0.3048686814034909,0.7414345646715731,BRCONDOS SCD - PRUDENCIAL
0.3034936458024991,0.6490683669445865,SETHI SCD - PRUDENCIAL
0.2888683673233764,0.193331519161753,ZIPDIN SCD - PRUDENCIAL
0.29087734430643536,0.3199955806301092,CASA CREDITO S.A. SCM - PRUDENCIAL
0.3065825835214858,0.5858578829094434,COOPERATIVA DE ECONOMIA E CRÉDITO MÚTUO DOS FUNCIONÁRIOS DA USINA SANTA MARIA - PILONCRED
0.3045482577199739,0.7117392431494868,"COOPERATIVA DE ECONOMIA E CRÉDITO MÚTUO DOS EMPREGADOS DA BECTON DICKINSON INDÚSTRIAS CIRÚRGICAS LTDA., LTDA."
0.3063601856579431,0.6164989220962266,COOPERATIVA DE ECONOMIA E CRÉDITO MÚTUO DOS FUNCIONÁRIOS DA NAKATA
0.30222105716391257,0.5625362584933856,BFC SCD - PRUDENCIAL
0.29784316744573924,0.44161022603770045,COOPSERJ - COOPERATIVA DE CRÉDITO MÚTUO DOS SERVIDORES PÚBLICOS DO PODER EXECUTIVO DO ESTADO DO RIO DE JANEIRO LTDA.
0.30263264181189037,0.5863302776351738,A55 SCD - PRUDENCIAL
0.2712458916906128,0.013727173595374178,COOPERATIVA DE ECONOMIA E CREDITO MUTUO DOS FUNCIONARIOS DA VIACAO NOSSA SENHORA DO AMPARO LTDA. - COPERFAMP
0.30455870075332125,0.7174461137233832,SQUID SCD - PRUDENCIAL
0.31073007330733105,0.8621208734960574,COOPERATIVA DE ECONOMIA E CREDITO MUTUO DOS FUNCIONARIOS DA GKN DO BRASIL LTDA
0.3074068323221379,0.6382633356602834,COOPERATIVA DE ECONOMIA E CRÉDITO MÚTUO DOS EMPREGADOS DA JOLIMODE ROUPAS E EMPRESAS COLIGADAS LTDA
0.30845771276455697,0.7189632851985677,COOPERATIVA DE CRÉDITO DOS EMPREGADOS DAS EMPRESAS DO GRUPO INDORAMA NO BRASIL
0.29699141305228605,0.3456311895084767,NEXOOS SEP - PRUDENCIAL
0.30634018220216214,0.5836410709059747,COOPERATIVA DE ECONOMIA E CRÉDITO MÚTUO DOS EMPREGADOS DO SEBRAE BAHIA LTDA.
0.2993416485503661,0.41372524653516524,COOPERATIVA DE CRÉDITO MÚTUO DOS EMPREGADOS EM INSTITUIÇÕES DO SISTEMA FINANCEIRO NAS REGIÕES DE SÃO PAULO E CAMPINAS (SP) - CREDISCOOP
0.2909457220827719,0.3317482904495047,COOPERATIVA DE ECONOMIA E CRÉDITO MÚTUO DOS EMPREGADOS DA PONTIFÍCIA UNIVERSIDADE CATÓLICA DO RIO DE JANEIRO E EMPREGADOS EM ESTABELECIMENTOS PRIVADOS DE ENSINO DO MUNICÍPIO DO RIO DE JANEIRO LTDA.
0.30418961420486623,0.5847602364583753,COOPERATIVA DE ECONOMIA E CREDITO MUTUO DOS SERVIDORES DO COLEGIO PEDRO II
0.3049446539784426,0.5172528482343519,COOPERATIVA DE ECONOMIA E CRÉDITO MÚTUO DOS FUNCIONÁRIOS DA EDUCAÇÃO E COMUNICAÇÃO
0.3144086109410766,1.3776144170676077,CREDBRASIL - SCMEPP LTDA - PRUDENCIAL
0.294332805412837,0.34430386748934944,HR SCMEPP LTDA. - PRUDENCIAL
0.3016588707709383,0.5482950673801605,FINLEV SCD PRUDENCIAL
0.2639737058654539,-0.08769238246270224,EMCASH SERVICOS FINANCEIROS SEP - PRUDENCIAL
0.3000935180500393,0.48641295628771297,PÓLOCRED SCMEPP LTDA. - PRUDENCIAL
0.3052902091578393,0.7607331812629565,GIRO SCD - PRUDENCIAL
0.1548323533821962,-1.855419156433508,COOPERATIVA DE ECONOMIA E CREDITO MUTUO DOS TRABALHADORES EM CONSELHOS DE FISCALIZACAO PROFISSIONAL NO MUNICIPIO DO RIO DE JANEIRO LTDA.
0.3072132150139564,0.638848943841067,"COOPERATIVA DE CRÉDITO DOS EMPREGADOS DA CBA ITAPISSUMA E EMPREGADOS DE EMPRESAS PRESTADORA DE SERVIÇOS INDUSTRIAIS, NO ESTADO DE PERNAMBUCO - CREDCOOPE"
0.3058822197905654,0.538061175133518,COOPERATIVA DE ECONOMIA E CRÉDITO MÚTUO DOS EMPREGADOS DAS EMPRESAS SOMART LTDA.
0.30324098190251503,0.6271756019025201,FINANCRED SCMEPP LTDA. - PRUDENCIAL
0.2887309338995736,0.3997380636903986,CORPORE SCD - PRUDENCIAL
0.30742973317568345,0.7516528860343897,COOPERATIVA DE ECONOMIA E CRÉDITO MÚTUO DOS EMPREGADOS DO GRUPO PARAMOUNT
0.30231742514208765,0.5712233718194399,BRCARD SCD - PRUDENCIAL
0.3047848820494938,0.5639587824609783,COOPERATIVA DE ECONOMIA E CRÉDITO MÚTUO DOS EMPREGADOS DA FUNDAÇÃO ARTHUR BERNARDES LTDA. - COOFAB
0.3361436913824667,2.834577793724885,FARMTECH SCD - PRUDENCIAL
0.3014724301644077,0.42822219678189516,COOPERATIVA DE ECONOMIA E CRÉDITO MÚTUO DOS SERVIDORES DA POLÍCIA MILITAR DO ESTADO DE SÃO PAULO DA REGIÃO CENTRO-OESTE PAULISTA - CREDMIL
0.30927512329664714,0.7707280451572774,COOPERATIVA DE CRÉDITO MÚTUO DOS TRABALHADORES DO SISTEMA FINANCEIRO DE CURITIBA E REGIÃO - COOPCREFI
0.3039540314982805,0.5197841235646249,COOPERATIVA DE ECONOMIA E CRÉDITO MÚTUO DOS EMPREGADOS DA PROLEC GE BRASIL TRANSMISSÃO DE ENERGIA S.A.
0.3069363767391158,0.6029267610798146,COOPERATIVA DE ECONOMIA E CRÉDITO MÚTUO DOS EMPREGADOS DAS EMPRESAS DE DIVERSÕES DO ESTADO DE SÃO PAULO
0.2585344699988787,-0.14769977875098578,VNK SCMEPP - PRUDENCIAL
0.302201781819897,0.5547053548572116,ATLANTA SCM LTDA - PRUDENCIAL
0.1421836417109013,-2.2031925723637378,"COOPERATIVA DE ECONOMIA E CRÉDITO MÚTUO SERVIDORES PÚBLICOS ATIVOS, INATIVOS E PENSIONISTAS DA ADMINISTRAÇÃO DIRETA, INDIRETA E ASSEMBLÉIA LEGISLATIVA DO ESTADO DO RIO GRANDE SUL - COOPSERGS"
0.3017011976046721,0.5186440947923164,BIZCAPITAL SCD - PRUDENCIAL
0.2996983610553909,0.37851674670205115,BEZZ SCD - PRUDENCIAL
0.3052763274705628,0.5975650810212328,COOPERATIVA DE ECONOMIA E CRÉDITO MÚTUO DOS SERVIDORES DA PREFEITURA MUNICIPAL DE VOTORANTIM
0.30558149528636025,0.568708195323631,COOPERATIVA DE ECONOMIA E CRÉDITO MÚTUO DOS EMPREGADOS DA INDÚSTRIA DE PAPÉIS SUDESTE LTDA . - CREDESTE
0.29610745769774893,0.5651917043490244,LAMARA SCD - PRUDENCIAL
0.26447657383885725,-0.041231492596366166,FIDEM SCD - PRUDENCIAL
0.30955817808053365,1.0457628266097447,EASY MONEY SCD - PRUDENCIAL
0.3077603646254873,0.654363353576012,COOPERATIVA DE ECONOMIA E CRÉDITO MÚTUO DOS FUNCIONÁRIOS DO GRUPO VOTORANTIM LIMITADA.
0.28630403481181443,0.2715838974488922,COOPERATIVA DE CRÉDITO DOS EMPREGADOS DO GRUPO NEFFA E DEMAIS ESTABELECIMENTOS DO SETOR DE ALIMENTOS DA GRANDE VITÓRIA.
0.301351484183382,0.509739553910917,"COOPERATIVA DE CRÉDITO DOS FUNCIONÁRIOS DA PERPART, DO IPA E DA ADAGRO - COOPEMATER"
0.3068989990996792,0.6005336009364047,COOPERATIVA DE CRÉDITO DE CAPITAL E EMPRÉSTIMO DOS EMPREGADOS CELETISTAS DE COOPERATIVAS DOS ESTADOS DE SÃO PAULO E MINAS GERAIS - COCREUNI
0.30468140998083687,0.6489454152457214,"COOPERATIVA DE ECONOMIA E CREDITO MUTUO DOS EMPREGADOS NAS INDUSTRIAS QUIMICAS, FARMACEUTICAS E SIMILARES DA REGIAO METROPOLITANA DO RIO DE JANEIRO LTDA"
0.3085870187775698,0.7119629158156178,COOPERATIVA DE ECONOMIA E CREDITO MUTUO DOS TRABALHADORES DO GRUPO EMPRESARIAL ITATIAIA LTDA. - COOPERITA
0.301365543425251,0.5061491197616631,PROVU SCD - PRUDENCIAL
0.31395202396577915,1.3411197867912306,NIXFIN SCD - PRUDENCIAL
0.3034321416977218,1.040719259053484,OPPENS SEP - PRUDENCIAL
0.16707730400349577,-8.519392415686168,FIDO SEP - PRUDENCIAL
0.3075890273178918,0.6462455841210062,COOPERATIVA DE ECONOMIA E CRÉDITO MÚTUO DOS EMPREGADOS DA UNIFI - CREDIUNIFI
0.30678841109317595,0.5923853889111425,COOPERATIVA DE CRÉDITO DOS FUNCIONÁRIOS DO GRUPO PPG
0.30301525907959953,0.5876959257636337,COOPERATIVA DE ECONOMIA E CREDITO MUTUO DOS FUNCIONARIOS DA FMC LTDA
0.30315199476324317,0.6164422866083824,FATORI SCMEPP - PRUDENCIAL
0.3038865075313906,0.7873859739914923,QUEROCRED SCD - PRUDENCIAL
0.3064015958990345,0.5954138593265692,COOPERATIVA DE ECONOMIA E CREDITO MUTUO DOS EMPREGADOS DA CIA DE ELETRICIDADE DO ESTADO DO RJ CREDICERJ LTDA
0.30488130731040175,0.6119796692604841,COOPERATIVA DE ECONOMIA E CRÉDITO MÚTUO DOS EMPREGADOS DA MOSAIC FERTILIZANTES DO BRASIL - COCRESGO LTDA.
0.24124588841039415,-0.5866205162059647,"COOPERATIVA DE CRÉDITO MÚTUO DOS EMPREGADOS DAS INDÚSTRIAS DO PAPEL, PAPELÃO E CORTIÇA DE OTACÍLIO COSTA, LAGES E CORREA PINTO - PAPELCREDI"
0.31102209071276693,1.1467629362535814,KIKAI SCD PRUDENCIAL
0.3070397482723205,0.8795868650423871,CF GROUP SEP - PRUDENCIAL
0.29961890073037334,0.42321173066305234,COOPERATIVA DE ECONOMIA E CREDITO MUTUO DOS EMPREGADOS DO COLEGIO SANTO INACIO - COESI
0.3044057197370077,0.5092081842366531,COOPERATIVA DE ECONOMIA E CRÉDITO MÚTUO DOS BANCÁRIOS DO TRIÂNGULO LTDA.
0.3077260980236616,0.6536655370932971,COOPERATIVA DE CRÉDITO DE CAPITAL E EMPRÉSTIMO DOS TRABALHADORES NAS EMPRESAS DE TECNOLOGIA E INFORMÁTICA DE BELO HORIZONTE E CIDADES LIMÍTROFES LTDA - COOPERINFOR
0.29316533446569,0.3881845989845506,FINAZO SCD - PRUDENCIAL
0.16840737471297446,-1.7800200756989717,COOPERATIVA DE ECONOMIA E CRÉDITO MÚTUO DOS FUNCIONÁRIOS DA ASSEMBLÉIA LEGISLATIVA DO ESTADO DA PARAÍBA LTDA. -  COOPERLEGIS
0.30759223986201906,0.6445228523574414,COOPERATIVA DE ECONOMIA E CRÉDITO MÚTUO DOS BANCÁRIOS DE BELO HORIZONTE E REGIÃO METROPOLITANA LTDA. - COOPEB
0.3095531721398207,0.7748561213813355,COOPERATIVA DE ECONOMIA E CRÉDITO MÚTUO DOS FUNCIONÁRIOS DO BANESPA DE BOTUCATU E CIDADES LIMÍTROFES
0.3069583302960052,0.6545469579412633,COOPERATIVA DE ECONOMIA E CRÉDITO MÚTUO DOS BANCÁRIOS DE JUIZ DE FORA LTDA. - COCBAN
0.3065769933666721,0.5754691960613313,COOPERATIVA DE ECONOMIA E CRÉDITO MÚTUO DOS BANCÁRIOS DE SOROCABA E REGIÃO
0.2893518819757279,-0.35192019698433197,DELTA GLOBAL SCD - PRUDENCIAL
