ML1,ML2,ML3,banco
0.42000417846590055,24.187290275729186,-1.7528450438578203,ITAU - PRUDENCIAL
20.558942000746292,2.0570291798828224,5.534271387005299,BB - PRUDENCIAL
16.431618335000007,4.481155072335386,-18.968913385337313,CAIXA ECONÔMICA FEDERAL - PRUDENCIAL
9.646165232055484,6.749901423160547,5.152047082492187,BRADESCO - PRUDENCIAL
12.911740094506692,-1.1128777032130353,13.324594554399143,SANTANDER - PRUDENCIAL
-7.125434900527543,16.17745000612336,8.10073852446205,BNDES - PRUDENCIAL
-3.5470063912735954,8.670503740640797,3.7070131199044587,BTG PACTUAL - PRUDENCIAL
-0.23361135200064156,1.3015401513614646,-1.0633487337752918,XP - PRUDENCIAL
-0.01906771966293343,2.3936294915033027,-2.028920706183299,SAFRA - PRUDENCIAL
0.02918678031696073,0.6890893659257502,-3.1612554689155394,BCO COOPERATIVO SICREDI - PRUDENCIAL
-0.2822220903212403,1.3055885307962845,0.6446364673698208,CITIBANK - PRUDENCIAL
-0.33690777521539156,1.1253857639534295,-1.524695091927344,BANCOOB - PRUDENCIAL
3.450122998990532,-2.19980264669033,3.367412789644692,BANRISUL - PRUDENCIAL
-0.6441109725523366,1.7895570075770544,-2.2757495952669773,VOTORANTIM - PRUDENCIAL
-0.739087461370881,1.8203352867786757,-2.481882975904434,BANCO C6 - PRUDENCIAL
-0.6022591939120991,1.1654480812033294,2.437269802209748,JP MORGAN CHASE - PRUDENCIAL
-0.007682657464616101,0.3608407207541122,-1.3124410243957083,BANCO MASTER - PRUDENCIAL
-0.20363398111144496,1.0283586618468505,-0.6247316837322984,BCO DAYCOVAL S.A - PRUDENCIAL
-0.19919051148429084,0.7079465084538219,-0.8702843992517993,INTER - PRUDENCIAL
1.7605423009703567,-1.1251025892157882,4.680345852019585,BCO DO NORDESTE DO BRASIL S.A. - PRUDENCIAL
0.2824467940817037,0.42104618875063304,-1.2904653206581977,BRB - PRUDENCIAL
-0.22726423808255647,0.5897705265027228,-0.01871518383616277,ABC-BRASIL - PRUDENCIAL
0.40789842490738243,0.1421856799998365,0.7501865920158252,BCO DA AMAZONIA S.A. - PRUDENCIAL
-0.5678344420925896,1.2112898982772615,-1.2682071938671389,VOLKSWAGEN - PRUDENCIAL
-0.017687246235355888,0.368109819967733,-1.760320538533107,BCO RABOBANK INTL BRASIL S.A. - PRUDENCIAL
0.04602080527511955,0.24488999976642434,-0.6536865427218775,BMG - PRUDENCIAL
-0.41606490636289967,0.6310165823634829,1.470906949420887,BOFA MERRILL LYNCH - PRUDENCIAL
0.5690926016163506,-0.41919521413958183,0.6184725116903471,BANESTES - PRUDENCIAL
-0.43039929680895894,0.6380026677428969,1.5016376530866966,GOLDMAN SACHS - PRUDENCIAL
-0.42939220868579703,0.8137728193374422,-0.03604873867228932,AGIBANK - PRUDENCIAL
-0.1379519480830032,0.2106132756820402,0.012731735821928465,BNP PARIBAS - PRUDENCIAL
-0.07032774450906407,0.13068718687661088,-0.8251137386987059,ORIGINAL - PRUDENCIAL
-0.09884239478059041,0.19488274251465326,-0.4182727719569232,BOCOM - PRUDENCIAL
-0.13868851865567472,0.3240614179222502,-1.3390217483369653,BANCO CNH INDUSTRIAL CAPITAL S.A - PRUDENCIAL
-0.030455585404913575,-0.01025134933154112,1.5571192459135337,BCO CLASSICO S.A. - PRUDENCIAL
-0.23178594828661647,0.47401270449512045,0.13972708434601505,MERCANTIL DO BRASIL - PRUDENCIAL
-0.09213034502882807,0.05610301318482554,0.1369517560950887,COOPERATIVA CENTRAL DE CRÉDITO DE MINAS GERAIS LTDA. - SICOOB CENTRAL CREDIMINAS
-0.180404984467565,0.35954398035385354,-0.6402231920360244,BD REGIONAL DO EXTREMO SUL - PRUDENCIAL
-0.07557519510862334,0.13505555378296533,0.7680890517398934,UBS (BRASIL) - PRUDENCIAL
-0.18282034717076673,0.20929207980856682,0.9846862627944898,MORGAN STANLEY - PRUDENCIAL
-0.20683637031394045,0.36498705819733307,-0.5529751693994954,PORTO SEGURO - PRUDENCIAL
0.018096185161365512,0.02842965317977838,-0.4058912042129872,BANK OF CHINA (BRASIL) - PRUDENCIAL
-0.21245579599227682,0.35361240134585775,-0.4592708840582674,BCO CSF S.A. - PRUDENCIAL
-0.21669756792944042,0.3781299744871357,-0.2512330922777466,STELLANTIS - PRUDENCIAL
-0.07082738494506403,0.05910008602635523,-0.3220837592003964,BCO FIBRA S.A. - PRUDENCIAL
-0.12415251260832703,0.23145444192659959,-0.7677417882084062,MERCEDES-BENZ - PRUDENCIAL
-0.0778625661503577,0.016745973295043366,-1.413155055802465e-4,CENTRAL DAS COOPERATIVAS DE ECONOMIA E CREDITO DO ESTADO DE MINAS GERAIS LTDA. - SICOOB CENTRAL CECREMGE
-0.08507669409523341,0.021105167189149843,0.11848742833452149,COOPERATIVA CENTRAL DE CRÉDITO DE SANTA CATARINA E RIO GRANDE DO SUL - SICOOB CENTRAL SC/RS
1.1067776423674143,-0.9394553594981463,1.38490934541931,BCO DO EST. DO PA S.A. - PRUDENCIAL
-0.06989962102503902,0.06439708459507604,-0.2955472141225919,CREDIT AGRICOLE - PRUDENCIAL
-0.174923479516766,0.2806542282649692,-0.35080302687854065,VOLVO - PRUDENCIAL
-0.0756026545236378,0.12337713293913267,-0.8483085478471798,SCANIA - PRUDENCIAL
-0.1606990237034314,0.2024260825606923,0.12536711435203268,COOPERATIVA DE CREDITO CREDICITRUS
-0.06988795366055298,0.017717273570947597,0.32818947543096205,SCOTIABANK BRASIL - PRUDENCIAL
-0.16530357742291305,0.23714500188665566,-0.2056742901524832,GM - PRUDENCIAL
-0.19033204821296154,0.269097687557323,0.4291835895895851,HONDA - PRUDENCIAL
-0.07829777710442877,0.02992176318421612,-0.017686439276575785,MIZUHO - PRUDENCIAL
-0.07134357609904303,0.01758800615438201,0.12291059068979475,DEUTSCHE - PRUDENCIAL
-0.2704066883713801,0.36635410517377603,0.4682338340109878,COOPERATIVA DE CREDITO VALE DO ITAJAI - VIACREDI
-0.025568692254109085,0.020432374657844223,-0.8384297525126541,BCO DE LAGE LANDEN BRASIL S.A. - PRUDENCIAL
-0.03580233491471494,-0.05644005496874615,-0.02298487459601081,BR PARTNERS - PRUDENCIAL
-0.08161232978556415,8.215502700956391e-5,0.09141834154966322,COOPERATIVA CENTRAL DE CRÉDITO DO ESTADO DE SÃO PAULO - SICOOB SÃO PAULO
-0.08386926903357822,0.004128319691826728,0.09010204802078431,COOPERATIVA CENTRAL DE CRÉDITO COM INTERAÇÃO SOLIDÁRIA - CENTRAL CRESOL BASER
-0.08707693848054958,0.05183827741606822,-0.09374332818188551,BANCO HSBC - PRUDENCIAL
-0.053272447055792684,-0.045944601511801034,0.0057380609670388185,COOPERATIVA CENTRAL DE CRÉDITO UNICRED DO BRASIL - UNICRED DO BRASIL
-0.07270547980969358,0.009832211440468851,0.06654133702696487,BCO MUFG BRASIL S.A. - PRUDENCIAL
0.43477786043140504,-0.4543619061297152,0.5056878583003578,BCO DO EST. DE SE S.A. - PRUDENCIAL
-0.08569792276394027,0.062414822301456035,-0.15811670397285324,BCO DES. DE MG S.A. - PRUDENCIAL
-0.07283197792329078,0.04497883789924205,-0.3530039455822301,SICOOB COCRED COOPERATIVA DE CRÉDITO
-0.07342858716905604,0.04530562814896685,-0.2447112156157128,"COOPERATIVA DE CRÉDITO, POUPANÇA E INVESTIMENTO DEXIS - SICREDI DEXIS"
-0.10182625126678964,0.11004857329619784,-0.3610168363026414,BCO TOYOTA DO BRASIL S.A. - PRUDENCIAL
-0.046543876862190234,-0.055048706997278866,-0.05271957590581414,COOPERATIVA CENTRAL DE CRÉDITO - AILOS
-0.07730868101310692,-0.012949628046399998,0.07636956479528356,COOPERATIVA CENTRAL DE CREDITO DO ESPIRITO SANTO - SICOOB CENTRAL ES
-0.16066527350906276,0.1763937969871176,-0.0737554789996363,"COOPERATIVA DE CRÉDITO, POUPANÇA E INVESTIMENTO OURO VERDE DO MATO GROSSO - SICREDI OURO VERDE MT"
-0.09336668153068407,0.08847935750853085,-0.23999812756856065,PARANÁ BANCO - PRUDENCIAL
-0.06080947434651254,0.0171493833634003,-0.27689416455216925,"COOPERATIVA DE CRÉDITO, POUPANÇA E INVESTIMENTO VALE DO PIQUIRI ABCD - SICREDI VALE DO PIQUIRI ABCD PR/SP"
0.37339738447425724,-0.3804462364886709,1.1483170025157856,APE POUPEX - PRUDENCIAL
-0.19290077953798726,0.21826380665556577,0.15155647766649277,COOPERATIVA DE CRÉDITO CONEXÃO - SICOOB CONEXÃO
-0.10835220183017936,0.11339500183018081,-0.4069659248603528,BCO INBURSA S.A. - PRUDENCIAL
-0.12853126522318953,0.11799863130994762,-0.026961290286883065,"COOPERATIVA DE CRÉDITO, POUPANÇA E INVESTIMENTO VANGUARDA - SICREDI VANGUARDA PR/SP/RJ"
-0.0454512944433423,-0.06469997290048893,0.14575228849126948,"COOPERATIVA CENTRAL DE CRÉDITO, POUPANÇA E INVESTIMENTO DO SUL E SUDESTE - CENTRAL SICREDI SUL/SUDESTE"
-0.12661419087537235,0.10284934170096835,-0.04072766422884949,COOPERATIVA DE CRÉDITO SICREDI SERRANA RS/ES
-0.10875233296903195,0.07565091973550549,-0.10868184484825993,"COOPERATIVA DE CRÉDITO, POUPANÇA E INVESTIMENTO CAMPOS GERAIS E GRANDE CURITIBA - SICREDI CAMPOS GERAIS E GRANDE CURITIBA PR/SP"
-0.10622908580637608,0.06794936231214302,-0.07119298806057643,"COOPERATIVA DE CRÉDITO, POUPANÇA E INVESTIMENTO SICREDI PIONEIRA RS - SICREDI PIONEIRA RS"
-0.00430930555601839,-0.10499104644261986,-0.08177422035255459,BCO SUMITOMO MITSUI BRASIL S.A. - PRUDENCIAL
-0.1260850617941131,0.10495028302783935,0.03060287284859828,COOPERATIVA DE CRÉDITO MAXI ALFA DE LIVRE ADMISSÃO DE ASSOCIADOS - SICOOB MAXICRÉDITO
-0.1092269650274125,0.08518386115388216,-0.08057149264817991,COOPERATIVA DE CRÉDITO DE LIVRE ADMISSÃO CENTRO BRASILEIRA LTDA.
-0.007583571034325984,-0.10207427204533226,-0.12925014999457604,BANCO DIGIMAIS - PRUDENCIAL
-0.0727896800015893,0.03872378673015664,-0.24943721687339168,BANCO PACCAR - PRUDENCIAL
-0.06975504373673592,-0.02039755690730212,0.2219116636044879,SOCIETE GENERALE - PRUDENCIAL
-0.18088262928689497,0.28056496800901853,2.3493501484626282,CREFISA S.A. CFI - PRUDENCIAL
-0.09357236150021112,0.03899417416219463,-0.011027481220215716,SISPRIME DO BRASIL - COOPERATIVA DE CRÉDITO
-0.09237747046247696,0.05854648247882028,-0.09952986855258486,FACTA S.A. CFI - PRUDENCIAL
-0.07767963793700747,0.021443847243957617,-0.1246763299142673,"COOPERATIVA DE CRÉDITO, POUPANÇA E INVESTIMENTO UNIÃO - SICREDI UNIAO RS/ES"
-0.0682150903872848,0.0043061067033991285,-0.08421068658804291,"COOPERATIVA DE CRÉDITO, POUPANÇA E INVESTIMENTO DO SUDOESTE MT/PA - SICREDI SUDOESTE MT/PA"
-0.008069489156916406,-0.09438947526355695,-0.10570169718268924,BS2 - PRUDENCIAL
-0.11485861387962641,0.06784720233053748,0.03584743063163573,SICOOB CREDICOM - COOPERATIVA DE ECONOMIA E CREDITO MUTUO DOS MEDICOS E PROFISSIONAIS DA AREA DE SAUDE DO BRASIL LTDA.
-0.08626362236633961,0.029080564423334315,-0.09394085255453101,"COOPERATIVA DE CRÉDITO, POUPANÇA E INVESTIMENTO DO CENTRO SUL DO MATO GROSSO DO SUL E BAHIA - SICREDI CENTRO-SUL MS/BA"
-0.06576266276317207,-0.0049119992542589795,-0.13938477752493855,"COOPERATIVA DE CRÉDITO, POUPANÇA E INVESTIMENTO UNIÃO DE ESTADOS RIO GRANDE DO SUL, SANTA CATARINA E MINAS GERAIS - SICREDI UNIESTADOS"
-0.05375425348033766,-0.02757195784567933,-0.18798553879192118,"COOPERATIVA DE CRÉDITO, POUPANÇA E INVESTIMENTO UNIÃO DOS ESTADOS DE MATO GROSSO DO SUL, TOCANTINS E OESTE DA BAHIA - SICREDI UNIÃO MS/TO"
-0.11456896513486838,0.07363804524948626,-0.027506003345696556,COOPERATIVA DE CRÉDITO E INVESTIMENTO DO SUDOESTE  DA AMAZÔNIA LTDA - SICOOB CREDISUL
-0.06213484557406973,-0.048588555934196136,0.019721998324072152,CENTRAL SICOOB UNI DE COOPERATIVAS DE CRÉDITO
-0.04610167812667232,-0.07371601028035224,0.11375874043838381,"COOPERATIVA CENTRAL DE CRÉDITO, POUPANÇA E INVESTIMENTO DOS ESTADOS DO PARANÁ, SÃO PAULO E RIO DE JANEIRO - CENTRAL SICREDI PR/SP/RJ"
0.013092672340214792,-0.07443609666748537,-0.0972959888269772,INDUSTRIAL DO BRASIL - PRUDENCIAL
-0.11026768083599203,0.06335839924456382,-0.03603502912443117,"COOPERATIVA DE CRÉDITO, POUPANÇA E INVESTIMENTO PLANALTO - SICREDI PLANALTO RS/MG"
-0.08063817367266511,0.0033179682590933827,-0.03063843546090597,"COOPERATIVA DE CRÉDITO, POUPANÇA E INVESTIMENTO SORRISO - SICREDI CELEIRO MT/RR"
0.015704501333573217,-0.10993882894715834,-0.0354094127448808,OMNI - PRUDENCIAL
-0.0951116147844514,0.029235743400934065,-0.01906498019004616,COOPERATIVA DE CRÉDITO DE LIVRE ADMISSÃO DE ASSOCIADOS SÃO MIGUEL DO OESTE - SICOOB SÃO MIGUEL SC/PR/RS
-0.0623382796427667,-0.0032276102663254384,-0.20958472969615258,BCO CATERPILLAR S.A. - PRUDENCIAL
-0.11820575171162342,0.06478607759267391,0.05244481636855138,COOPERATIVA DE CRÉDITO SUL-SERRANA DO ESPÍRITO SANTO
-0.08714376630087087,0.02961103707062593,-0.08625928165548263,REALIZE CFI - PRUDENCIAL
-0.1018696670457709,0.048681855145425945,0.005515847112899821,MIDWAY S.A. - SCFI - PRUDENCIAL
-0.1281839369785005,0.06347254496034781,0.2204091905473202,"COOPERATIVA DE CRÉDITO, POUPANÇA E INVESTIMENTO DA REGIÃO DOS VALES - SICREDI REGIÃO DOS VALES RS"
-0.031180590587803075,-0.07335071265208332,-0.24288919178022686,"COOPERATIVA DE CRÉDITO, POUPANÇA E INVESTIMENTO DO ARAGUAIA E XINGU - SICREDI ARAXINGU"
-0.06631080949464256,-0.04766166095630283,0.0539997159572757,CENTRAL DAS COOPERATIVAS DE CREDITO UNICOOB - SICOOB CENTRAL UNICOOB
-0.04649092964815173,-0.07924630966477739,-0.02748837258797518,COOPERATIVA CENTRAL DE CRÉDITO E INVESTIMENTO COM INTERAÇÃO SOLIDÁRIA - CENTRAL CRESOL SICOPER
-0.0755597660817364,-0.0325660478560452,0.10401710177583791,"COOPERATIVA CENTRAL DE CRÉDITO DE GOIÁS, DISTRITO FEDERAL E TOCANTINS LTDA. - SICOOB NOVA CENTRAL"
-0.1404771720500139,0.09236725962285472,0.2164628225292217,COOPERATIVA DE CRÉDITO DE LIVRE ADMISSÃO DO SUDOESTE GOIANO
-0.0725332208679443,-0.011390342809874719,-0.05956561386768901,"COOPERATIVA DE CRÉDITO, POUPANÇA E INVESTIMENTO NORTE MATO-GROSSENSE E OESTE PARAENSE - SICREDI GRANDES RIOS MT/PA/AM"
0.0150294881778689,-0.14455879991990392,-0.2833529874128592,PEFISA S.A. - PRUDENCIAL
-0.06694060768902703,-0.023489480781999406,-0.05093970508428717,COOPERATIVA DE CRÉDITO ALIANÇA RS/SC/ES - SICREDI ALIANÇA RS/SC/ES
-0.08224172292544138,0.0033506749604874726,0.054623702068434865,COOPERATIVA DE CRÉDITO SICOOB METROPOLITANO
-0.08334488758821758,0.006185048005244674,-0.0907758033032996,COOPERATIVA DE CRÉDITO ARACOOP LTDA. - SICOOB ARACOOP
-0.04193069474484554,-0.06706828065032432,-0.12303485776055431,"COOPERATIVA DE CRÉDITO, POUPANÇA E INVESTIMENTO CELEIRO CENTRO OESTE - SICREDI CELEIRO CENTRO OESTE"
-0.07596260361555035,-0.012089119294122042,0.0918004112910412,INTESA SANPAOLO BRASIL S.A. - PRUDENCIAL
-0.0956759746955394,0.019125676885629862,0.1367933443541865,CREDICOAMO CREDITO RURAL COOPERATIVA
-0.047781690759029126,-0.050945157085539365,-0.11999643889877146,"COOPERATIVA DE CRÉDITO, POUPANÇA E INVESTIMENTO CONEXÃO - SICREDI CONEXÃO"
-0.0887459824335202,0.00420317758298931,0.028890527740033593,"COOPERATIVA DE CRÉDITO, POUPANÇA E INVESTIMENTO INTERESTADOS - SICREDI INTERESTADOS RS/ES"
-0.028162743633681268,-0.0879459026260223,-0.1866611547021314,"COOPERATIVA DE CRÉDITO, POUPANÇA E INVESTIMENTO DA REGIÃO DA PRODUÇÃO - SICREDI REGIÃO DA PRODUÇÃO RS/SC/MG"
-0.0722589107745873,-0.014726223373716412,-0.09744281126930775,"COOPERATIVA DE CRÉDITO, POUPANÇA E INVESTIMENTO DA REGIÃO ALTOS DA SERRA - SICREDI ALTOS DA SERRA RS/SC"
-0.04991816822438748,-0.0764324709479301,-0.008089147058026241,COOPERATIVA CENTRAL DE CRÉDITO E ECONOMIA COM INTERAÇÃO SOLIDÁRIA - CRESOL CENTRAL BRASIL
-0.04712348680244509,-0.07976370728403873,0.08202438160805581,"COOPERATIVA CENTRAL DE CRÉDITO, POUPANÇA E INVESTIMENTO DO CENTRO NORTE DO BRASIL - CENTRAL SICREDI CENTRO NORTE"
-0.08512159504039789,-0.0014185080035640577,0.002310059137346866,COOPERATIVA DE CRÉDITO DO VALE DO ITAJAÍ E LITORAL CATARINENSE - SICREDI VALE LITORAL SC
-0.05889989551982481,-0.038015226643347326,-0.13578192180558946,"COOPERATIVA DE CREDITO, POUPANÇA E INVESTIMENTO ALIANÇA - SICREDI ALIANÇA PR/SP"
-0.05282220940120977,-0.07273664870488547,-0.012899900955207155,CONFEDERAÇÃO NACIONAL DAS COOPERATIVAS CENTRAIS DE CRÉDITO E ECONOMIA FAMILIAR E SOLIDÁRIA - CRESOL CONFEDERAÇÃO
-0.08548785438148845,0.0012011497350829419,-0.017312130327776936,COOPERATIVA DE CRÉDITO DE LIVRE ADMISSÃO DE ASSOCIADOS DO VALE DO CANOINHAS - SICOOB CREDICANOINHAS/SC
-0.06856862213815416,-0.02541555590105053,-0.03759559901934644,"COOPERATIVA DE CRÉDITO, POUPANÇA E INVESTIMENTO DAS REGIÕES CENTRO DO RS E MG - SICREDI REGIÃO CENTRO RS/MG"
-0.10705142221106789,0.0311513392023392,0.12287515820286969,COOPERATIVA DE CRÉDITO SUL DO ESPÍRITO SANTO - SICOOB SUL
-0.09525655345058512,0.018136908624818985,0.03519440338232002,COOPERATIVA DE CRÉDITO DE LIVRE ADMISSÃO DO CENTRO SUL RONDONIENSE - SICOOB CREDIP.
-0.006233354714984248,-0.11121227971580772,-0.20936542797901875,YAMAHA MOTOR - PRUDENCIAL
-0.05552584891553512,-0.06839337277494861,0.003848036833279388,COOPERATIVA CENTRAL DE CRÉDITO DO NORTE DO BRASIL - SICOOB NORTE
0.15219407254163955,-0.3466635874018798,-0.5163356782752032,DM FINANCEIRA CFI - PRUDENCIAL
0.02279989259482016,-0.11879230547974741,0.24316638723938888,RENDIMENTO - PRUDENCIAL
-0.07663081541324258,-0.017042537468854403,-0.00657358368480186,"COOPERATIVA DE CRÉDITO, POUPANÇA E INVESTIMENTO OURO BRANCO - SICREDI OURO BRANCO RS/MG"
-0.016925814336448047,-0.10583423639826386,-0.27009424828567313,"COOPERATIVA DE CRÉDITO, POUPANÇA E INVESTIMENTO VALE DO CERRADO - SICREDI VALE DO CERRADO"
-0.09523025920256084,0.01781571318688654,0.294068649071341,AF DESENVOLVE SP S.A. - PRUDENCIAL
-0.057541076895168235,-0.0414238509007805,-0.10635620467161604,"COOPERATIVA DE CRÉDITO, POUPANÇA E INVESTIMENTO FRONTEIRAS DO PARANÁ, SANTA CATARINA E SÃO PAULO - SICREDI FRONTEIRAS PR/SC/SP"
0.04437183338549436,-0.16747856848404066,0.055992337990443244,GENIAL - PRUDENCIAL
-0.03671691056550849,-0.0665140472680045,-0.2084972758956156,NOVO BCO CONTINENTAL S.A. - BM - PRUDENCIAL
-0.06939176065369347,-0.031002315616489456,-0.034043237929235914,"COOPERATIVA DE CRÉDITO, POUPANÇA E INVESTIMENTO ESSÊNCIA RS/ES - SICREDI ESSÊNCIA"
-0.07597840600313069,-0.021760110716716997,-0.013268778116034906,"COOPERATIVA DE CRÉDITO, POUPANÇA E INVESTIMENTO SUL RIOGRANDENSE - SICREDI ORIGENS RS"
-0.0766990670256699,-0.01740407377887542,0.0052284386371079725,"COOPERATIVA DE CRÉDITO, POUPANÇA E INVESTIMENTO DE IBIRAIARAS - SICREDI IBIRAIARAS RS/MG"
-0.09249478606790006,0.0030463515508010524,0.07884964550821967,"COOPERATIVA DE CRÉDITO, POUPANÇA E INVESTIMENTO DE LAJEADO - SICREDI INTEGRAÇÃO RS/MG"
-0.0691907269558323,-0.03116174039092021,-0.01858712023017254,COOPERATIVA DE CRÉDITO E INVESTIMENTO DE LIVRE ADMISSÃO AGROEMPRESARIAL - SICREDI AGROEMPRESARIAL PR/SP
-0.045599059479074014,-0.056718513541356645,-0.13914959331625032,BCO LUSO BRASILEIRO S.A. - PRUDENCIAL
-0.08661369925295417,-0.0018083765757332376,0.01223462243700658,"COOPERATIVA DE CRÉDITO, POUPANÇA E INVESTIMENTO DO NORTE E NORDESTE DE SANTA CATARINA - SICREDI NORTE SC"
-0.07230780611621596,-0.029537331456641357,-0.020616367963049297,COOPERATIVA DE CRÉDITO UNICRED VALOR CAPITAL LTDA - UNICRED VALOR CAPITAL
-0.09269756404566042,0.011900749484757028,0.3343850038533822,AF PARANÁ - PRUDENCIAL
-0.09151126967450812,0.0017096763309958564,0.04752547206128354,COOPERATIVA DE CRÉDITO COOPERMAIS - SICOOB COOPERMAIS
-0.07630876357835727,-0.01802113457939038,0.008621619450362493,COOPERATIVA DE CRÉDITO DE LIVRE ADMISSÃO DO CENTRO NORTE BRASILEIRO
-0.04922828000386159,-0.03633871749401481,-0.07966866196062863,BMW - PRUDENCIAL
-0.05203713331900854,-0.05901153845862882,-0.05983483054293873,"COOPERATIVA DE CRÉDITO, POUPANÇA E INVESTIMENTO REGIÕES DAS CULTURAS - SICREDI DAS CULTURAS RS/MG"
-0.07204434932317966,-0.027501675555289814,-0.014812698199507238,"COOPERATIVA DE CRÉDITO, POUPANÇA E INVESTIMENTO IGUAÇU - SICREDI IGUAÇU PR/SC E REGIÃO METROPOLITANA DE CAMPINAS/SP"
-0.07333113328207458,-0.026543782489854974,0.010413674770809251,"COOPERATIVA DE CRÉDITO, POUPANÇA E INVESTIMENTO SICREDI EVOLUÇÃO - SICREDI EVOLUÇÃO"
-0.06231941260591032,-0.03877084291534581,-0.04541449612469387,"COOPERATIVA DE CRÉDITO, POUPANÇA E INVESTIMENTO UNIVALES - SICREDI UNIVALES MT/RO"
-0.062375382209576384,-0.04659743991237428,-0.05326720989867766,COOPERATIVA DE CRÉDITO SICOOB ENGECRED LTDA.
-0.08324306583962919,-0.012646143179277671,0.0018196856430982744,COOPERFORTE COOPERATIVA DE CRÉDITO E INVESTIMENTOS LTDA
-0.054909821585798,-0.04557870102684838,-0.0057752692881108915,BADESUL DESENVOLVIMENTO AF/RS - PRUDENCIAL
-0.05819784437582223,-0.04988997899304474,-0.05950906671787876,"COOPERATIVA DE CRÉDITO, POUPANÇA E INVESTIMENTO DO PLANALTO CENTRAL - SICREDI PLANALTO CENTRAL"
-0.050301441060603296,-0.06119743441367709,-0.07009837755123305,"COOPERATIVA DE CREDITO, POUPANÇA E INVESTIMENTO PARQUE DAS ARAUCARIAS - SICREDI PARQUE DAS ARAUCARIAS PR/SC/SP"
-0.06141524011287693,-0.04430583918589692,-0.05663701904864784,"COOPERATIVA DE CRÉDITO, POUPANÇA E INVESTIMENTO INTEGRAÇÃO DE ESTADOS DO RIO GRANDE DO SUL, SANTA CATARINA E MINAS GERAIS - SICREDI INTEGRAÇÃO DE ESTADOS RS/SC/MG"
-0.050573124939726315,-0.05207706301145348,-0.046705910140361406,BCO CARGILL S.A. - PRUDENCIAL
-0.05931907833357516,-0.0518063147076306,-0.052336814558782065,"COOPERATIVA DE CRÉDITO, POUPANÇA E INVESTIMENTO DO SUL DO ESTADO DE SANTA CATARINA - SICREDI SUL SC"
-0.06494338924090144,-0.04219082102147532,-0.04586520596307645,COOPERATIVA DE CRÉDITO UNICRED UNIÃO LTDA - UNICRED UNIÃO
-0.027988853859673975,-0.09546927276645928,0.10443217678511113,BCO ABN AMRO CLEARING - PRUDENCIAL
-0.038717544795385035,-0.08145621417459165,-0.14134946591509132,"COOPERATIVA DE CRÉDITO, POUPANÇA E INVESTIMENTO DE CAMPO GRANDE E REGIÃO - SICREDI CAMPO GRANDE MS"
-0.06684197062149422,-0.038885447762900566,-0.023073752703852396,COOPERATIVA DE CRÉDITO DE LIVRE ADMISSÃO DE ASSOCIADOS DO ALTO URUGUAI CATARINENSE - SICOOB CREDIAUC
-0.058978350390112115,-0.05435411580828403,-0.0564644557716303,COOPERATIVA DE CRÉDITO UNICRED CENTRO-SUL LTDA - UNICRED CENTRO-SUL
-0.08429526439954317,-0.01325973649973429,0.04645428849059762,"COOPERATIVA DE CRÉDITO DE LIVRE ADMISSÃO DO MÉDIO PIRACICABA, CIRCUITO DO OURO, GRANDE BH E RIO GRANDE DO NORTE LTDA. -  SICOOB CREDIMEPI"
-0.0684772245650099,-0.02140041765465688,0.023428153711849368,RANDON - PRUDENCIAL
-0.06267093055617123,-0.04448024849402993,-0.0046099081206020945,"COOPERATIVA DE CRÉDITO, POUPANÇA E INVESTIMENTO RAÍZES - SICREDI RAÍZES RS/SC/MG"
-0.08619194775673895,-0.016360616640583095,0.12131148235700355,COOPERATIVA DE CRÉDITO AGROCREDI LTDA. - SICOOB AGROCREDI
-0.1251389428045205,0.056502504573855424,0.36161964092100474,BMP SCMEPP LTDA - PRUDENCIAL
-0.04671739748659904,-0.06950523890615488,-0.10878408913974796,COOPERATIVA DE CRÉDITO ROTA DAS TERRAS - SICREDI ROTA DAS TERRAS RS/MG
-0.05547244329883021,-0.05858553296840472,-0.03970020034416645,COOPERATIVA DE ECONOMIA E CREDITO MUTUO DOS MEDICOS DE PORTO ALEGRE LTDA-UNICRED PORTO ALEGRE
-0.06976490578104357,-0.032959580278252784,-0.03369974358821581,"COOPERATIVA DE CRÉDITO, POUPANÇA E INVESTIMENTO BOTUCARAÍ - SICREDI BOTUCARAÍ RS/MG"
-0.0717655704553632,-0.032254778334990686,-0.020736623738617607,"COOPERATIVA DE CRÉDITO, POUPANÇA E INVESTIMENTO NOVOS HORIZONTES - SICREDI NOVOS HORIZONTES PR/SP/RJ"
-0.061984197581715236,-0.04890685099980662,-0.036070222215292276,"COOPERATIVA DE CRÉDITO, POUPANÇA E INVESTIMENTO INTEGRAÇÃO DO SUL DE MATO GROSSO, AMAPÁ E PARÁ - SICREDI INTEGRAÇÃO MT/AP/PA"
-0.07911914178578784,-0.02195095862545042,0.10333017172587598,OURIBANK - PRUDENCIAL
-0.07062257815172196,-0.038133172313871304,0.02805371165512896,COOPERATIVA DE CRÉDITO CREDIVAR LTDA. - SICOOB CREDIVAR
-0.02922323543601311,-0.0972493978416104,-0.1422255328827783,"COOPERATIVA DE CRÉDITO, POUPANÇA E INVESTIMENTO DO NOROESTE DE MATO GROSSO, ACRE E AMAZONAS - SICREDI BIOMAS"
-0.04357858051031555,-0.08006852443103671,0.05078476029152482,BCO KDB BRASIL S.A. - PRUDENCIAL
-0.04953621978149659,-0.06739599016166752,-0.09311868880698565,"COOPERATIVA DE CRÉDITO, POUPANÇA E INVESTIMENTO PROGRESSO - SICREDI PROGRESSO PR/SP"
-0.06437150412100891,-0.045019947315547426,-0.07671013067370415,COOPERATIVA DE CRÉDITO DE LIVRE ADMISSÃO DO PONTAL DO TRIANGULO LTDA - SICOOB CREDIPONTAL
-0.05854097469211448,-0.052706604809349515,-0.039411659451905494,"COOPERATIVA DE CRÉDITO, POUPANÇA E INVESTIMENTO CENTRO SUL - SICREDI CENTRO SUL PR/SC/RJ"
-0.054909126441493185,-0.07456727019899563,0.013297551937608695,COOPERATIVA CENTRAL DE ECONOMIA E CRÉDITO SICOOB UNIMAIS RIO LTDA.
-0.05856971745501252,-0.05601590749528448,-0.03757248301576567,COOPERATIVA DE CREDITO CREDIROCHAS - SICOOB CREDIROCHAS
-0.043278559081172466,-0.0783412874426235,-0.10276903063153993,"COOPERATIVA DE CRÉDITO, POUPANÇA E INVESTIMENTO DO CERRADO DE GOIÁS - SICREDI CERRADO GO"
-0.05451000500197475,-0.059451290118624135,-0.049715103825808654,"COOPERATIVA DE CRÉDITO, POUPANÇA E INVESTIMENTO PARANAPANEMA SERRANA PR/SP/RJ - SICREDI PARANAPANEMA SERRANA PR/SP/RJ"
-0.072724677854427,-0.03440629480106506,0.0295949257686231,"COOPERATIVA DE CRÉDITO, POUPANÇA E INVESTIMENTO CONFIANÇA - SICREDI CONFIANÇA"
-0.06017417020544597,-0.05262528522187502,-0.06632322213027468,COOPERATIVA DE CRÉDITO POUPANÇA E INVESTIMENTO PANTANAL DO MATO GROSSO DO SUL - SICREDI PANTANAL MS
-0.06955655451434199,-0.041337408130610646,-0.001839189116408429,"COOPERATIVA DE CRÉDITO, POUPANÇA E INVESTIMENTO DO VALE DO RIO PARDO - SICREDI VALE DO RIO PARDO RS"
-0.0758734883917481,-0.03182580540582942,0.04108972892412589,COOPERATIVA DE CRÉDITO DE LIVRE ADMISSÃO DE ASSOCIADOS SUL CATARINENSE - SICOOB CREDISULCA SC
-0.062031442513216954,-0.050530975567185415,-0.009162821959144406,"COOPERATIVA DE CRÉDITO, POUPANÇA E INVESTIMENTO RIO PARANÁ - SICREDI RIO PARANÁ"
-0.08873939035941891,-0.005595976530710858,0.05714087880528464,COOPERATIVA DE CREDITO E INVESTIMENTO COM INTERACAO SOLIDARIA PIONEIRA - CRESOL PIONEIRA
-0.05709068391831,-0.05446070399448882,-0.06245607863172271,COOPERATIVA DE CRÉDITO DOS EMPRESÁRIOS E EMPREGADOS DOS TRANSPORTES E CORREIOS DO SUL DO BRASIL - TRANSPOCRED
-0.06135213916995852,-0.05303146888307423,-0.03515664790150042,"COOPERATIVA DE CRÉDITO, POUPANÇA E INVESTIMENTO CAMINHO DAS ÁGUAS RS - SICREDI CAMINHO DAS ÁGUAS RS"
-0.07522438411120541,-0.02964951635297346,0.04377471749469661,COOPERATIVA DE CRÉDITO SICOOB VALE SUL
-0.05012198316565618,-0.07008097527274822,-0.05826111652095041,"COOPERATIVA DE CRÉDITO, POUPANÇA E INVESTIMENTO NORTE SUL - SICREDI NORTE SUL"
-0.06999815135391507,-0.03890902979814277,-1.8680786315346254e-4,COOPERATIVA DE CRÉDITO GERAÇÕES - SICREDI GERAÇÕES RS/MG
-0.05400304646059238,-0.06436940296487842,-0.051862138881350654,"COOPERATIVA DE CRÉDITO, POUPANÇA E INVESTIMENTO SUL MINAS DO RIO GRANDE DO SUL E MINAS GERAIS - SICREDI SUL MINAS RS/MG."
-0.06551836383042457,-0.046313754843815176,-0.019069018852171663,COOPERATIVA DE CREDITO DE LIVRE ADMISSÃO DE ASSOCIADOS ITAIPU SICOOB CREDITAIPU
-0.03875174653087276,-0.07840078309618531,-0.007608699192452103,BCO GUANABARA S.A. - PRUDENCIAL
-0.06585649028673206,-0.05072849203214764,0.02383329770424649,COOPERATIVA DE CRÉDITO DE LIVRE ADMISSÃO DE ASSOCIADOS AURIVERDE -  SICOOB - CREDIAL SC/RS
-0.06557761542568714,-0.04859906664633061,0.04521316114057948,COOPERATIVA DE CREDITO DE LIVRE ADMISSÃO DO SUL DE MINAS LTDA - SICOOB CREDIVASS
-0.04594248705936785,-0.0777291683006266,-0.06755179486654432,"COOPERATIVA DE CRÉDITO, POUPANÇA E INVESTIMENTO NOSSA TERRA - SICREDI NOSSA TERRA PR/SP"
-0.0895084403504176,-0.012643766412201557,0.09544288034047796,"COOPERATIVA DE CRÉDITO, POUPANÇA E INVESTIMENTO CENTRO SERRA - SICREDI CENTRO SERRA RS"
-0.05542419611292486,-0.06449822259386893,-0.012732056639702206,COOPERATIVA DE CRÉDITO DE LIVRE ADMISSÃO DE ASSOCIADOS DO VALE DO VINHO - SICOOB VALE DO VINHO
-0.060915782485889594,-0.0578779682935183,-0.010638285768995434,COOPERATIVA DE CRÉDITO PRO
-0.06499135018417634,-0.04724118182535224,-0.0023402726541501026,"COOPERATIVA DE CRÉDITO, POUPANÇA E INVESTIMENTO DE ESPUMOSO - SICREDI ESPUMOSO RS/MG"
-0.04631559252494877,-0.06801512860178721,-0.03588525258630462,BANCO IBM S.A. - PRUDENCIAL
-0.0352593411553277,-0.09558136001864614,-8.682828834364289e-4,ICBC DO BRASIL BM S.A. - PRUDENCIAL
-0.040775061402583766,-0.08792729733215232,0.040749396123768156,BANCO TOPÁZIO S.A. - PRUDENCIAL
-0.020773631861199553,-0.11839675396365336,-0.1613797333478943,COOPERATIVA DE CREDITO DO ALTO PARANAIBA E REGIÃO LTDA. - SICOOB CREDIPATOS
-0.07235820847037289,-0.038186501991050864,0.009093287080082417,COOPERATIVA DE CRÉDITO LITORÂNEA
-0.06225312352484976,-0.05130174447005698,-0.006549385772560843,COOPERATIVA DE CRÉDITO SUL - SICOOB SUL
-0.024442470396061386,-0.09629067808305752,-0.10439330822407612,BBC S.A. - PRUDENCIAL
-0.043870837562410676,-0.08045832044108295,-0.08316471673603455,"COOPERATIVA DE CRÉDITO, POUPANÇA E INVESTIMENTO TERRA DOS PINHEIRAIS DO PARANÁ E NOROESTE PAULISTA - SICREDI PLANALTO DAS ÁGUAS PR/SP"
-0.10629083319647666,0.01460899352085962,0.2238412244409589,CORA SCFI - PRUDENCIAL
-0.04702786385806715,-0.08829447518293054,0.019977684819490724,"COOPERATIVA CENTRAL DE CRÉDITO, POUPANÇA E INVESTIMENTO DE MATO GROSSO DO SUL, GOIÁS, DISTRITO FEDERAL E TOCANTINS - CENTRAL SICREDI BRASIL CENTRAL"
-0.05195556680902687,-0.07248683745596476,-0.013569889365981101,COOPERATIVA DE CRÉDITO DE LIVRE ADMISSÃO DA REGIÃO CENTRAL E OESTE MINEIRO LTDA. - SICOOB DIVICRED
-0.043321544963829256,-0.09387303492044918,-0.031450802889236934,CREDISIS - CENTRAL DE COOPERATIVAS DE CRÉDITO LTDA.
-0.05338074938867069,-0.0630423885403199,-0.012891857325377653,COOPERATIVA DE CRÉDITO SICOOB OURO VERDE
-0.06106320481035408,-0.0569121700465934,0.00834113254619645,COOPERATIVA DE CRÉDITO DE LIVRE ADMISSÃO DA ZONA DA MATA LTDA   SICOOB COOPEMATA
-0.04035498255380993,-0.0849352878294386,-0.08795833046897633,COOPERATIVA DE CRÉDITO SICOOB PRIMAVERA - SICOOB PRIMAVERA
-0.054780572165495485,-0.0654682768226105,-0.019433641676114194,"COOPERATIVA DE CRÉDITO, POUPANÇA E INVESTIMENTO GRANDES LAGOS DO PARANÁ E LITORAL PAULISTA - SICREDI GRANDES LAGOS PR/SP"
-0.06685704014987819,-0.04273129416251761,0.0183067071283649,COOPERATIVA DE CRÉDITO E INVESTIMENTO COM INTERAÇÃO SOLIDÁRIA RAIZ - CRESOL RAIZ
-0.04884130307605921,-0.07580852203662342,-0.06703902512491329,COOPERATIVA DE CRÉDITO DO NORTE CATARINENSE E SUL PARANAENSE - SICOOB CREDINORTE
-0.05208497252817113,-0.07071008182377014,-0.05329741950224581,"COOPERATIVA DE CRÉDITO DOS MÉDICOS, PROFISSIONAIS DA SAÚDE E EMPRESÁRIOS DE MATO GROSSO"
-0.05514233187955208,-0.06561125816703499,-0.04408702083008103,COOPERATIVA DE CRÉDITO UNICRED DESBRAVADORA LTDA - UNICRED DESBRAVADORA
-0.05837137528540942,-0.06107589286440727,0.003069105896280047,COOPERATIVA DE CRÉDITO - SICREDI EXPANSÃO
-0.07790295585403492,-0.030406074089063276,5.329531767441039e-4,COOPERATIVA DE CRÉDITO DE EMPRESÁRIOS - SICOOB/TRANSCREDI
-0.06606630717567347,-0.05000562359729475,-0.007329361541989327,COOPERATIVA DE CRÉDITO DE LIVRE ADMISSÃO DO VALE - SICOOB CREDIVALE/SC
-0.05698481251894949,-0.0652864298006723,-0.0025675753473379664,"COOPERATIVA DE CRÉDITO, POUPANÇA E INVESTIMENTO INTEGRAÇÃO - SICREDI INTEGRAÇÃO PR/SC"
-0.050327664987009406,-0.0754616883206756,-0.03927405097298338,COOPERATIVA DE CRÉDITO DE LIVRE ADMISSÃO DE ASSOCIADOS OESTE CATARINENSE
-0.01765907478472446,-0.11056813424307407,-0.0036050551146394145,CAIXA GERAL - PRUDENCIAL
-0.07391817195219735,-0.03417622168343619,0.020770495236210045,COOPERATIVA DE CRÉDITO E INVESTIMENTO COM INTERAÇÃO SOLIDÁRIA FRONTEIRAS PR/SC/SP/ES - CRESOL FRONTEIRAS PR/SC/SP/ES
-0.04381114846080342,-0.0767096501591098,-0.026565721535118738,BANCO RIBEIRÃO PRETO - PRUDENCIAL
-0.05707796022126721,-0.06353952426900938,-0.0037150797011240386,"COOPERATIVA DE CRÉDITO, POUPANÇA E INVESTIMENTO VALE DO JAGUARI E ZONA DA MATA - SICREDI VALE DO JAGUARI E ZONA DA MATA RS/MG"
-0.06639211647896241,-0.05190374071885327,0.03650001996500641,COOPERATIVA DE CRÉDITO CREDILIVRE LTDA. - SICOOB CREDILIVRE
-0.05129718477128141,-0.0689041764201824,0.06367960016145428,BCO DES. DO ES S.A. - PRUDENCIAL
-0.0553499431900859,-0.06584185046599259,-0.017612091528661913,COOPERATIVA DE CRÉDITO DA REGIÃO MERIDIONAL DO BRASIL - SICOOB UNICOOB MERIDIONAL
-0.05045910105946269,-0.07282928636931224,-0.057205803665811086,"COOPERATIVA DE CRÉDITO, POUPANÇA E INVESTIMENTO VALOR SUSTENTÁVEL - SICREDI VALOR SUSTENTÁVEL PR/SP"
-0.07873125543968196,-0.02740125439129131,0.08061601433954763,COOPERATIVA DE CRÉDITO E INVESTIMENTO COM INTERAÇÃO SOLIDÁRIA DO VALE EUROPEU - CRESOL VALE EUROPEU
-0.05211511118960423,-0.07401056821240107,-0.0075743741508143385,COOPERATIVA DE CRÉDITO COCRE
-0.046274359798165215,-0.08224044388469262,-0.03936361311165155,"COOPERATIVA DE CRÉDITO, POUPANÇA E INVESTIMENTO DA REGIÃO CENTRO OESTE PAULISTA - SICREDI CENTRO OESTE PAULISTA"
-0.06401401131097742,-0.05567730709588831,-0.00827999248424828,"COOPERATIVA DE CRÉDITO, POUPANÇA E INVESTIMENTO DO RIO GRANDE DO NORTE - SICREDI RIO GRANDE DO NORTE"
-0.07124665672044847,-0.040608726173627985,0.005460726144890935,COOPERATIVA DE CRÉDITO E INVESTIMENTO COM INTERAÇÃO SOLIDÁRIA TRADIÇÃO - CRESOL TRADIÇÃO
-0.028253171518132347,-0.08901104176690802,-0.03854273895896742,BANCO BARI DE INVESTIMENTO E FINANCI. - PRUDENCIAL
-0.05485189603957146,-0.06612393378026073,-0.07145942063840445,CREDISIS PRIMACREDI COOPERATIVA DE CRÉDITO
-0.08510725645840814,-0.019903921631841258,0.05059395555628861,COOPERATIVA DE CRÉDITO DE LIVRE ADMISSÃO DA REGIÃO METROPOLITANA DE GOIÂNIA LTDA.
-0.05029571477305487,-0.07216810248640397,-0.03815863777898505,COOPERATIVA DE CRÉDITO E ECONOMIA COM INTERAÇÃO SOLIDÁRIA - CRESOL NOROESTE
-0.02255062302251058,-0.11762937147464171,-0.10894963670046441,SICOOB MANTIQUEIRA - COOPERATIVA DE CRÉDITO DE LIVRE ADMISSÃO
-0.0501117487771057,-0.05333762413473318,0.10570867568557507,HP FINANCIAL SERVICES AM S.A - PRUDENCIAL
-0.06410176455021259,-0.06266082791821206,0.051515703013939367,CENTRAL DAS COOPERATIVAS DE CRÉDITO DO ESTADO DE SÃO PAULO - SICOOB CENTRAL CECRESP
-0.05882242261053921,-0.06442543745279926,0.0020491375784318297,COOPERATIVA DE CRÉDITO SUL-LITORÂNEA DO ESPÍRITO SANTO
-0.04702081172932166,-0.089562352332498,-0.012962604737924883,"CENTRAL DAS COOPERATIVAS DE CRÉDITO DOS ESTADOS DE MATO GROSSO, MATO GROSSO DO SUL E DO MUNICÍPIO DE CACOAL/RO - SICOOB CENTRAL RONDON"
-0.029259042505014175,-0.10739326074877556,0.05254657454834658,STATE STREET BRASIL - PRUDENCIAL
-0.06720581719169846,-0.048208068128618685,0.018231142221028573,COOPERATIVA DE CRÉDITO DE LIVRE ADMISSÃO DO ALTO VALE DO ITAJAÍ - VIACREDI ALTO VALE
-0.05107253314394389,-0.07467798668396151,-0.0014117162951261465,COOPERATIVA DE CRÉDITO DE LIVRE ADMISSÃO DA UNIÃO DOS VALES DO PIRANGA E MATIPÓ LTDA. - SICOOB UNIÃO DOS VALES
-0.09110642733065201,-0.010978507188361325,0.21000240086585684,LEASEPLAN AM S.A. - PRUDENCIAL
-0.05163580127210154,-0.07457001825577379,0.009778429938492272,COOPERATIVA DE CRÉDITO CREDIGUAÇU - SICOOB CREDIGUAÇU
-0.06305102958021912,-0.058293182232718,0.02492241113460337,COOPERATIVA DE CRÉDITO DE LIVRE ADMISSÃO DA REGIÃO DO CIRCUITO CAMPOS DAS VERTENTES LTDA - SICOOB COPERMEC
-0.05197105827174236,-0.07356867823411098,-1.3260075225028796e-4,COOPERATIVA DE CREDITO CREDICERIPA - SICOOB CREDICERIPA
-0.06163124332174441,-0.05936279482420076,0.003297904613159739,COOPERATIVA DE ECONOMIA E CRÉDITO MÚTUO UNICRED INTEGRAÇÃO LTDA.
-0.05661003282299823,-0.054778940072179226,0.06596964058430395,AF DO ESTADO DE SC S.A. - PRUDENCIAL
-0.07228631284958849,-0.037983986734513586,0.03367415808363632,COOPERATIVA DE CRÉDITO E INVESTIMENTO COM INTERAÇÃO SOLIDÁRIA UNIÃO DOS VALES - CRESOL UNIÃO DOS VALES
-0.027326839492227466,-0.10494916512090052,-0.06902931403473334,BANCO PAULISTA - PRUDENCIAL
-0.05843212105189685,-0.06454174972988047,0.012331470668618682,COOPERATIVA DE CRÉDITO ALTO VALE DO ITAJAÍ - SICOOB ALTO VALE
-0.012405080004657279,-0.11947311026595389,0.10293140285808804,BNY MELLON - PRUDENCIAL
-0.048724847542150826,-0.07940335987162685,-0.04885670968463258,COOPERATIVA DE CRÉDITO UNICRED VALE LTDA - UNICRED VALE
-0.037819102231652545,-0.09330408605694318,0.01437740728868034,BCO KEB DO BRASIL SA - PRUDENCIAL
-0.05661079266057838,-0.06566211770427448,-0.011688529276052883,COOPERATIVA DE CRÉDITO COOPERAÇÃO - SICREDI COOPERAÇÃO
-0.05741444810194526,-0.06566790127248852,-0.0032569651687617196,COOPERATIVA DE CRÉDITO E INVESTIMENTO LIBERDADE - SICREDI LIBERDADE
-0.06186480200778294,-0.057174037852309706,-0.023386931482227077,COOPERATIVA DE CRÉDITO E INVESTIMENTO COM INTERAÇÃO SOLIDÁRIA UNIÃO - CRESOL UNIÃO
-0.05950402292486413,-0.05593468906321799,0.032348537994657145,QISTA S.A. CFI - PRUDENCIAL
-0.035248066647495045,-0.09988608202851959,-0.06384799708784686,COOPERATIVA DE CRÉDITO UNICRED EVOLUÇÃO LTDA. - UNICRED EVOLUÇÃO
-0.049890424524451076,-0.07720159246022835,-0.027473183238897386,COOPERATIVA DE CRÉDITO E INVESTIMENTO SICOOB CENTRO - SICOOB CENTRO
-0.04699443303229491,-0.07992789611957626,-0.04453984216895755,COOPERATIVA DE CRÉDITO DA AMAZÔNIA - SICOOB AMAZÔNIA
-0.048902350254241625,-0.0790268793687685,-0.007251826176906879,"COOPERATIVA DE CRÉDITO DOS MÉDICOS, DENTISTAS, PROFISSIONAIS DA ÁREA DE SAÚDE E DE LIVRE ADMISSÃO DO ESTADO DE SÃO PAULO LTDA. - UNICRED DO ESTADO DE SÃO PAULO"
-0.040418536779993616,-0.09271242371162947,-0.07125962191863702,COOPERATIVA DE ECONOMIA E CRÉDITO MÚTUO UNICRED ELEVA LTDA.
-0.041567670426526565,-0.08873088850800886,-0.07011936329827285,COOPERATIVA DE CRÉDITO DO NORTE E NOROESTE DE MINAS GERAIS LTDA. - SICOOB CREDIGERAIS
-0.053029542956067266,-0.08106416595215105,0.004496522529563256,COOPERATIVA CENTRAL DE CRÉDITO DA BAHIA LTDA - SICOOB CENTRAL BA
-0.058917014150123695,-0.06554516241406619,0.024123535988995044,SICREDI CEARÁ - COOPERATIVA DE CRÉDITO DO ESTADO DO CEARÁ
-0.055545295492054496,-0.07125633215497261,-0.025527309697609475,COOPERATIVA DE CRÉDITO DE LIVRE ADMISSÃO DE ITAÚNA E REGIÃO LTDA - SICOOB CENTRO-OESTE
-0.04713167675954054,-0.08218623690440482,-0.046120104749733756,COOPERATIVA DE CRÉDITO CREDINTER LTDA. - SICOOB CREDINTER
-0.05683054713424276,-0.06733459693849078,-0.004517899787613094,COOPERATIVA DE CRÉDITO COOPACREDI LTDA. - SICOOB COOPACREDI
-0.06314613613791738,-0.05825849774676862,0.004964197062073892,COOPERATIVA DE CRÉDITO DE LIVRE ADMISSÃO DO OESTE MINEIRO LTDA. - SICOOB CREDICOPA
-0.0465199667964758,-0.07238920554894643,-0.027807096294841068,BANCO MONEO S.A. - PRUDENCIAL
-0.05183133287338199,-0.07447022023064045,-0.040764860497867886,COOPERATIVA DE CRÉDITO DE LIVRE ADMISSÃO DE ASSOCIADOS DO PLANALTO CATARINENSE SICOOB CREDIPLANALTO SC/RS
-0.04234571045337229,-0.08834144407945459,-0.051337511086513854,COOPERATIVA DE CRÉDITO DE LIVRE ADMISSÃO DO CENTRO NORTE DOS ESTADOS DE MATO GROSSO E MATO GROSSO DO SUL - SICOOB UNIÃO MT/MS
-0.05550159832983403,-0.06930100176279143,0.011707405056767161,COOPERATIVA DE CRÉDITO DE LIVRE ADMISSÃO SICOOB ARENITO PARANÁ / SÃO PAULO
-0.06269987073544073,-0.05766176612903799,-0.0017848518994253645,COOPERATIVA DE CRÉDITO E INVESTIMENTO COM INTERAÇÃO SOLIDÁRIA CENTRO SUL RS/MS - CRESOL CENTRO SUL RS/MS
-0.060015775180796656,-0.0613507634555378,-0.0016220013997492345,COOPERATIVA DE CRÉDITO E INVESTIMENTO COM INTERAÇÃO SOLIDÁRIA INTEGRAÇÃO - CRESOL INTEGRAÇÃO
-0.0726399692386982,-0.04462714491797273,0.03421038764705802,COOPERATIVA DE CRÉDITO DE LIVRE ADMISSÃO DA PARAÍBA - SICOOB PARAÍBA
-0.046569223156228017,-0.0833135685422182,-0.03529346896564113,COOPERATIVA DE CRÉDITO DE LIVRE ADMISSÃO DO NORTE DE MATO GROSSO - SICOOB NORTE MT
-0.04863667606678223,-0.08188698489309584,-0.00616692679042218,COOPERATIVA DE CRÉDITO DE LIVRE ADMISSÃO DE SÃO ROQUE DE MINAS LTDA.
-0.05060608445121852,-0.07845753275170633,-0.059672506618796244,COOPERATIVA DE CRÉDITO NOROESTE DE MINAS LTDA. - SICOOB NOROESTE DE MINAS
-0.05492731048594732,-0.07069061664280951,-0.002396681630266233,COOPERATIVA DE CRÉDITO SICOOB CREDICAPITAL
-0.03851573403758548,-0.09154961084213978,-1.3335241124922808e-4,CHG-MERIDIAN DO BRASIL AM S.A. - PRUDENCIAL
-0.060311976107393736,-0.06259042095931373,-0.009507580813327003,COOPERATIVA DE CRÉDITO DE LIVRE ADMISSÃO DE ASSOCIADOS - SICOOB CREDICARU SC/RS
-0.050649078658095675,-0.07678717368930896,0.012630562173179235,COOPERATIVA DE CRÉDITO INTEGRADO - SICOOB INTEGRADO
-0.05023867069571629,-0.08058399758215742,-4.65022226510882e-4,COOPERATIVA DE CREDITO CREDISUDESTE LTDA. - SICOOB CREDISUDESTE
-0.05339267913950808,-0.07576504047389328,0.0036011702470210368,COOPERATIVA DE CRÉDITO CREDIVERTENTES LTDA. - SICOOB CREDIVERTENTES
-0.05106486447031866,-0.0785270468787382,-0.017804360342173958,COOPERATIVA DE CRÉDITO CREDICAF LTDA - SICOOB CREDICAF
-0.06242866095539624,-0.061137478032372156,0.005253431933785488,COOPERATIVA DE CRÉDITO CREDICOCAPEC
-0.05218396322421129,-0.07658112539435492,0.017339419356447804,COOPERATIVA DE CRÉDITO CREDINOR LTDA - SICOOB CREDINOR
-0.05544185711377857,-0.07344827489995438,-0.006562482217555911,COOPERATIVA DE CRÉDITO NOSSOCRÉDITO LTDA - SICOOB NOSSOCRÉDITO
-0.04222197381483538,-0.08174540005313366,-0.028068625188054582,BANCO KOMATSU DO BRASIL - PRUDENCIAL
-0.04651736227410348,-0.09239027990310306,-0.014077986583455548,"COOPERATIVA CENTRAL DE CRÉDITO, POUPANÇA E INVESTIMENTO DO NORDESTE - CENTRAL SICREDI NORDESTE"
-0.04042088637083519,-0.09557907772352653,-0.026763430694401125,COOPERATIVA DE CRÉDITO DOS PROFISSIONAIS DA ÁREA DA SAÚDE E DE LIVRE ADMISSÃO LTDA - UNICRED ALIANÇA
-0.048281342638596805,-0.08946983534140227,-0.0173142753353768,CENTRAL DAS COOPERATIVAS DE CRÉDITO DO NORDESTE - SICOOB CENTRAL NE
-0.04645244844064627,-0.08596576657468681,-0.026518447396045104,COOPERATIVA DE CREDITO COOPLIVRE
-0.03372086474852692,-0.09849010017074314,-0.03108835596668302,BANCO SEMEAR - PRUDENCIAL
-0.053300892966806374,-0.07373450081496469,-0.008605365999078345,COOPERATIVA DE CRÉDITO E ECONOMIA COM INTERAÇÃO SOLIDÁRIA DO PLANALTO SERRA DO RIO GRANDE DO SUL - CRESOL PLANALTO SERRA
-0.05141413329620854,-0.0796520347010679,-0.03173958313535267,COOPERATIVA DE CRÉDITO DE LIVRE ADMISSÃO DE ASSOCIADOS ITAPIRANGA - SICOOB CREDITAPIRANGA SC/RS
-0.05808287656015404,-0.06626451376225449,-0.01505629361391083,COOPERATIVA DE CRÉDITO E INVESTIMENTO COM INTERAÇÃO SOLIDÁRIA VANGUARDA - CRESOL VANGUARDA
-0.062335450555301285,-0.059444721172005235,-0.0015941545703669555,COOPERATIVA DE CRÉDITO E INVESTIMENTO COM INTERAÇÃO SOLIDÁRIA DA AMAZÔNIA - CRESOL AMAZÔNIA
-0.03692141202497298,-0.1002946710529919,-0.04623259585373752,CREDISIS CREDIARI - COOPERATIVA DE CRÉDITO LTDA.
-0.05209364996617213,-0.0773928684757113,-0.016211700624521423,COOPERATIVA DE CRÉDITO DE LIVRE ADMISSÃO TRÊS FRONTEIRAS - SICOOB TRÊS FRONTEIRAS
-0.05599651698549125,-0.07354305785388324,-0.01920745506078553,COOPERATIVA DE CRÉDITO CREDISG LTDA. - SICOOB CREDISG
-0.05253742092233268,-0.07821997720911779,0.01680922650125842,COOPERATIVA DE POUPANÇA E CRÉDITO DO VALE DO RIO DOCE LTDA - SICOOB CREDIRIODOCE
-0.06295714753780494,-0.06147839738553168,0.024218938868079767,COOPERATIVA DE CRÉDITO DE LIVRE ADMISSÃO DE ASSOCIADOS NOVA TRENTO   SICOOB TRENTOCREDI SC
-0.0658736927560876,-0.05796775063073915,0.03131245175295423,COOPERATIVA DE CRÉDITO CREDIUNA LTDA - SICOOB CREDIUNA
-0.0549342456955606,-0.07162491779301033,-0.006666936338230215,COOPERATIVA DE CRÉDITO DA FOZ DO RIO ITAJAÍ AÇU - CREDIFOZ
-0.055657224436237274,-0.07423856255618198,0.006826423771907096,COOPERATIVA DE CRÉDITO CREDISETE LTDA. - SICOOB CREDISETE
-0.05511269929504917,-0.0719995842636084,-0.007113950732551835,COOPERATIVA DE CRÉDITO E INVESTIMENTO COM INTERAÇÃO SOLIDÁRIA DE MINAS GERAIS - CRESOL MINAS GERAIS
-0.05517830901725633,-0.07493717879147115,-0.003150295764075092,COOPERATIVA DE CRÉDITO CREDCOOPER LTDA - SICOOB CREDCOOPER
-0.035989420871121225,-0.1022340815309285,-0.051939878433144716,CREDISIS JICRED - COOPERATIVA DE CRÉDITO DE LIVRE ADMISSÃO JICRED
-0.03733025901868877,-0.09690042048135797,0.03952785680925111,STARK SCD - PRUDENCIAL
-0.04145992172060091,-0.08604316492992686,0.08201297100264639,BANCO B3 - PRUDENCIAL
-0.04928805080833296,-0.08094393720727584,-0.03238878774880052,COOPERATIVA DE CRÉDITO EVOLUA
-0.053518629644080544,-0.07729696926193275,-0.0023640821551396715,"COOPERATIVA DE CRÉDITO, POUPANÇA E INVESTIMENTO DO NOROESTE DO ESTADO DE SÃO PAULO - SICREDI NOROESTE SP"
-0.05171099834007787,-0.08022415347969479,-0.01891433453137244,COOPERATIVA DE CRÉDITO DE LIVRE ADMISSÃO DE ASSOCIADOS VALE DO RIO DO PEIXE - SICOOB CREDIRIO SC
-0.055702718669590756,-0.07272446260918196,-0.024350950786752094,COOPERATIVA DE CRÉDITO DE LIVRE ADMISSÃO DA REGIÃO DE FRUTAL LTDA.   SICOOB FRUTAL
-0.05151905861166158,-0.08141777305820051,-0.014060116736733025,COOPERATIVA DE CRÉDITO CREDIFOR LTDA - SICOOB CREDIFOR
-0.04823555059980792,-0.08548073462608072,-0.028784686130292718,COOPERATIVA DE ECONOMIA E CRÉDITO MÚTUO DOS MÉDICOS DOS VALES DO TAQUARI E RIO PARDO E REGIÃO DA PRODUÇÃO LTDA. - UNICRED PREMIUM
-0.046702124430748,-0.08634111098619114,-0.04017752780830431,COOPERATIVA DE CRÉDITO DE LIVRE ADMISSÃO DE ASSOCIADOS VALE DO CHAPECOZINHO - SICOOB VALCREDI SUL
-0.0597708177777179,-0.06851971558343875,0.006855295587708561,COOPERATIVA DE CRÉDITO CREDIBOM LTDA. - SICOOB CREDIBOM
-0.05382252363953419,-0.07680145711238917,-0.02134430828679336,COOPERATIVA DE CRÉDITO CREDICARPA LTDA. - SICOOB CREDICARPA
-0.04735104064808652,-0.08585611469064842,-0.02581564573100358,COOPERATIVA DE CRÉDITO DE LIVRE ADMISSÃO DO ESTADO DE SÃO PAULO - SICOOB PAULISTA
-0.04952253817460506,-0.08132122410403925,-0.02863809982601954,COOPERATIVA DE CRÉDITO E INVESTIMENTO COM INTERAÇÃO SOLIDÁRIA LIDERANÇA - CRESOL LIDERANÇA
-0.05158839768833774,-0.07926468208230404,-0.013406309969157216,COOPERATIVA DE CRÉDITO UNIQUE BR
-0.04327834658042377,-0.09102564117167614,-0.04380836368619054,COOPERATIVA DE CRÉDITO DO NORTE CATARINENSE - ACREDICOOP
-0.020614123463854044,-0.12799370853028774,-0.113230860535036,COOPERATIVA DE CRÉDITO E CAPTAÇÃO SICOOB UNICIDADES
-0.04130468531500754,-0.0942341629042531,-0.04098675053363771,COOPERATIVA DE CRÉDITO DE LIVRE ADMISSÃO UNIÃO E NEGÓCIOS - SICOOB INTEGRAÇÃO
-0.028347972038407145,-0.11126006148486631,-0.010069898050954092,BCO WOORI BANK DO BRASIL S.A. - PRUDENCIAL
-0.053377216790517115,-0.07788018215824125,0.007480907382525201,COOPERATIVA DE CREDITO NOSSO - SICOOB NOSSO
-0.05661582673478586,-0.07070747415792566,-0.01608782086542102,COOPERATIVA DE CRÉDITO E INVESTIMENTO COM INTERAÇÃO SOLIDÁRIA PROGRESSO - CRESOL PROGRESSO
-0.044260551635017985,-0.08300661173441687,0.055094109989427105,NATURA &CO PAY SCD
-0.04547921838274183,-0.08863431516983675,-0.04012604368066555,COOPERATIVA DE ECONOMIA E CRÉDITO MÚTUO UNICRED PONTO CAPITAL - UNICRED PONTO CAPITAL.
-0.04906391887100879,-0.08437517403038691,-0.0336942605203004,"COOPERATIVA DE CRÉDITO, POUPANÇA E INVESTIMENTO DE ARARAQUARA E REGIÃO - SICREDI MORADA DO SOL SP"
-0.04784638292278604,-0.08509145689501287,-0.012081241079139831,COOPERATIVA DE CRÉDITO DOS PROFISSIONAIS DOS CREAS E DEMAIS ÁREAS TECNOLÓGICAS - CREDCREA
-0.05141662064917264,-0.0819204025184166,0.0012669176167855183,COOPERATIVA DE CRÉDITO DE LIVRE ADMISSÃO DO VALE DO PARANAPANEMA
-0.055695303281562115,-0.07470524844591594,0.006969042642430403,COOPERATIVA DE CRÉDITO ORIGINAL - SICOOB ORIGINAL
-0.03936046706451806,-0.08858479631842298,-0.022978145710262767,STARA FINANCEIRA S.A. - CFI - PRUDENCIAL
-0.05442661433430735,-0.07836422916079479,-0.011858008087743325,COOPERATIVA DE CRÉDITO CREDIPEU LTDA.  - SICOOB CREDIPEU
-0.05735286230714462,-0.07013039729397287,0.0018901500672964884,COOPERATIVA DE CRÉDITO E INVESTIMENTO COM INTERAÇÃO SOLIDÁRIA ESSÊNCIA - CRESOL ESSÊNCIA
-0.05539434925475207,-0.07534628417135622,0.030828319964271784,COOPERATIVA DE CRÉDITO CREDIVALE LTDA - SICOOB CREDIVALE
-0.05679307384652987,-0.07098774885874941,-0.008066525361898846,COOPERATIVA DE CRÉDITO E INVESTIMENTO COM INTERAÇÃO SOLIDÁRIA NORTE PARANAENSE - CRESOL NORTE PARANAENSE
-0.0486920567957383,-0.08231426836560164,-0.0011539258834862747,COOPERATIVA DE CRÉDITO DE LIVRE ADMISSÃO DE PERNAMBUCO - SICOOB PERNAMBUCO
-0.028782053606502683,-0.10549656927616094,0.05084892739841524,FATOR - PRUDENCIAL
-0.03961700727493727,-0.09760722641851048,-0.018541194895856025,COOPERATIVA DE CRÉDITO DE LIVRE ADMISSÃO DE BELO HORIZONTE E CIDADES POLO DO ESTADO DE MINAS GERAIS LTDA. - SICOOB NOSSACOOP
-0.0668704747112028,-0.0554767329834247,0.012672324557323988,COOPERATIVA DE CRÉDITO E INVESTIMENTO COM INTERAÇÃO SOLIDÁRIA TRIUNFO - CRESOL TRIUNFO
-0.04724272916678638,-0.08691481780950629,-0.04692565410858224,COOPERATIVA DE ECONOMIA E CRÉDITO MÚTUO DOS PROFISSIONAIS DA SAÚDE DA REGIÃO DA ALTA MOGIANA - SICOOB CREDIMOGIANA
-0.03409032700569922,-0.10685528734191357,-0.06422508749456693,UNIPRIME PIONEIRA COOPERATIVA DE CRÉDITO
-0.05028143005587848,-0.08196778964076715,-0.007563598500300891,COOPERATIVA DE CRÉDITO DE LIVRE ADMISSÃO DO VALE DO PARANAÍBA LTDA.
-0.05048508011020582,-0.08380162993422752,-0.02310463538217694,"SICREDI RECIFE - COOPERATIVA DE CRÉDITO, POUPANÇA E INVESTIMENTO SICREDI RECIFE"
-0.05345410190948677,-0.078695824191598,0.0029787002184665655,COOPERATIVA DE CRÉDITO SICOOB CREDSEGURO LTDA.
-0.0629139323909291,-0.06367677642081793,0.02466888465934582,COOPERATIVA DE CRÉDITO DE LIVRE ADMISSÃO DO VALE DO ARAGUAIA LTDA.
-0.039414601034827475,-0.09202157017226206,0.002626769700999623,CSILATINA A.M. S.A. - PRUDENCIAL
-0.04679027416405725,-0.08808106438312026,-0.029714994851546547,COOPERATIVA DE CRÉDITO DE LIVRE ADMISSÃO DE ASSOCIADOS NOVOS CAMPOS - SICOOB NOVOS CAMPOS
-0.054556804853786896,-0.07768183952558987,-0.001359121533702246,"COOPERATIVA DE CRÉDITO, POUPANÇA E INVESTIMENTO SICREDI SERIGY - SICREDI SERIGY"
-0.05330189591443916,-0.07963844693246502,0.015142337902308546,COOPERATIVA DE CRÉDITO COOCRELIVRE
-0.054360681427942086,-0.07858936769837853,0.009041075308346325,COOPERATIVA DE CRÉDITO DE PRODUTORES RURAIS E DE LIVRE ADMISSÃO DO TRIÂNGULO LTDA    SICOOB CREDITRIL
-0.03985206773214859,-0.0913576288257818,0.04307205746951753,AGROLEND SCFI - PRUDENCIAL
-0.050409702705993396,-0.08102831840986774,-0.01911155279544659,COOPERATIVA DE CRÉDITO E INVESTIMENTO COM INTERAÇÃO SOLIDÁRIA HORIZONTE - CRESOL HORIZONTE
-0.04951120050686075,-0.0843062708807819,-0.02923099222081861,COOPERATIVA DE CRÉDITO POUPANÇA E INVESTIMENTO DA ALTA NOROESTE DE SÃO PAULO - SICREDI ALTA NOROESTE SP
-0.04785518133245859,-0.08505443924506217,-0.021832722913273376,COOPERATIVA DE CRÉDITO E INVESTIMENTO COM INTERAÇÃO SOLIDÁRIA DO RIO GRANDE DO SUL - CRESOL RIO GRANDE DO SUL
-0.05729235247239182,-0.07259702938575395,-0.012375940531421362,COOPERATIVA DE CRÉDITO DE LIVRE ADMISSÃO E DOS TRANSPORTADORES RODOVIÁRIOS DE VEÍCULOS - SICOOB CREDCEG
-0.05186729963248395,-0.08205656340368592,-0.009480288917624282,COOPERATIVA DE CRÉDITO UNIÃO CENTRO OESTE LTDA. - SICOOB UNIÃO CENTRO OESTE
-0.05258164125987419,-0.07962320881260979,0.017900884298286394,COOPERATIVA DE CREDITO DE LIVRE ADMISSAO DO CENTRO NORDESTE MINEIRO LTDA - SICOOB CREDICENM
-0.05229413202965048,-0.0787521907595134,-0.013011963097303698,COOPERATIVA DE CRÉDITO DA REGIÃO DO CONTESTADO - CIVIA
-0.05368351202455304,-0.0786485969165627,0.012749908597439756,COOPERATIVA DE CRÉDITO CREDICOPE LTDA. - SICOOB CREDICOPE
-0.05002800384859391,-0.0843217911436494,0.0121797323504835,COOPERATIVA DE CREDITO DE LIVRE ADMISSAO DO VALE DO AÇO LTDA - SICOOB VALE DO AÇO
-0.05618507405809478,-0.07535568876831525,-8.866241496395258e-4,COOPERATIVA DE CRÉDITO DE LIVRE ADMISSÃO DA REGIÃO DE  PARÁ DE MINAS LTDA - SICOOB CREDIRURAL
-0.050168003143657006,-0.08460206428453355,-0.00373120099055281,COOPERATIVA DE CRÉDITO SICOOB EXTREMO SUL LTDA.
-0.048278037838588736,-0.08492555567608545,-0.0131686158503015,SICOOB UNIMAIS METROPOLITANA - COOPERATIVA DE CRÉDITO DE LIVRE ADMISSÃO
-0.050535962849835483,-0.08478616404566905,-0.005336088835715772,SICOOB CREDINOVA - COOPERATIVA DE CRÉDITO DE LIVRE ADMISSÃO DE NOVA SERRANA E REGIÃO CENTRO-OESTE LTDA.
-0.04641938110086845,-0.09002221249347567,-0.007626735516073359,COOPERATIVA DE CRÉDITO CREDPLUS LTDA. - SICOOB CREDPLUS
-0.05294246431808725,-0.07784566636188477,-0.011784258349187761,COOPERATIVA DE CRÉDITO E INVESTIMENTO COM INTERAÇÃO SOLIDÁRIA GRANDES LAGOS PR/SP - CRESOL GRANDES LAGOS PR/SP
-0.05357876081562535,-0.07953669225353721,-0.013856237010079136,COOPERATIVA DE CRÉDITO DE LIVRE ADMISSÃO DE  LAGOA DA PRATA E REGIÃO LTDA.   SICOOB LAGOACRED GERAIS
-0.04462654808700626,-0.08929278367534398,0.034434060716973136,AGENCIA FOMENTO EST RJ S.A. - PRUDENCIAL
-0.05464231874639456,-0.07678302405857616,-0.0062227546802962495,COOPERATIVA DE CRÉDITO DE LIVRE ADMISSÃO SICOOB UNIMAIS CENTRO LESTE PAULISTA - SICOOB UNIMAIS CENTRO LESTE PAULISTA
-0.03611800118352158,-0.0963423791939503,-0.001913079448069589,BANCO XCMG BRASIL - PRUDENCIAL
-0.052537095381440566,-0.07993818451595186,-0.014767189703772174,COOPERATIVA DE CRÉDITO CREDIARA LTDA - SICOOB CREDIARA
-0.05510232643997717,-0.07822416733924162,-0.012929392095091058,COOPERATIVA DE CRÉDITO CREDIFIEMG LTDA. - SICOOB CREDIFIEMG
-0.05136049007710151,-0.08345126754324572,0.0012923399336374286,COOPERATIVA DE CRÉDITO MÚTUO DOS ADVOGADOS DE SANTA CATARINA
-0.050318584016773985,-0.08295895432274879,-0.02952393591140491,COOPERATIVA DE CRÉDITO E INVESTIMENTO COM INTERAÇÃO SOLIDÁRIA CONEXÃO - CRESOL CONEXÃO
-0.02699712229865353,-0.10602504305317903,3.1374469103357094e-4,CREDIARE CFI - PRUDENCIAL
-0.05605067950906038,-0.07497440339309391,-0.012753907309775533,COOPERATIVA DE CRÉDITO DE LIVRE ADMISSÃO DA REGIÃO LESTE DA BACIA DO RIO DOCE LTDA   SICOOB CREDILESTE
-0.04727555359788902,-0.08776543313015309,-0.007877206267271786,COOPERATIVA DE CRÉDITO  DE FRONTEIRAS  LTDA. - SICOOB FRONTEIRAS
-0.05001035440466294,-0.08452407881642342,0.005259656557534249,COOPERATIVA DE CRÉDITO CREDIMATA LTDA. - SICOOB CREDIMATA
-0.06028894057195356,-0.06926568779828686,0.013882149415229824,COOPERATIVA DE CRÉDITO RURAL COOPAVEL
-0.05156877447068144,-0.08299910634637968,-0.01770947493577778,COOPERATIVA DE CRÉDITO DE LIVRE ADMISSÃO DA GRANDE GOIÂNIA LTDA.
-0.039248481975064135,-0.09237119952499853,0.0027457724314330382,LEBES FINANCEIRA S.A. - CFI - PRUDENCIAL
-0.04969860975456089,-0.08701018396535712,-0.017053717027448054,COOPERATIVA DE CRÉDITO COPERSUL LTDA - SICOOB COPERSUL
-0.04855175001589214,-0.0872063144752487,-0.023458044284004317,COOPERATIVA DE CRÉDITO SICOOB 3 COLINAS
-0.0516339394603131,-0.08381159307814973,-0.008135330583332698,COOPERATIVA DE CRÉDITO DE LIVRE ADMISSÃO DE ASSOCIADOS DO MEIO OESTE CATARINENSE - SICOOB CREDIMOC SC
-0.04719243390391716,-0.08739056231270638,0.012274364044360647,COOPERATIVA DE CRÉDITO SICOOB ALIANÇA
-0.05456292963880768,-0.07570568991322295,0.008839814032721629,COOPERATIVA DE CRÉDITO CENTRO LESTE NORTE MARANHENSE - SICOOB CENTROLESTE
-0.047368172743560914,-0.08797898895506537,-0.017107051813051628,COOPERATIVA DE CREDITO CREDIMOTA   SICOOB CREDIMOTA
-0.05003690796251589,-0.0846342336324434,0.020362591923453792,COOPERATIVA DE CRÉDITO CREDIJEQUITINHONHA LTDA. - SICOOB CREDIJEQUITINHONHA
-0.053008361017102996,-0.08044053380827704,0.0012814433659866864,COOPERATIVA DE CRÉDITO DO CENTRO SUL MINEIRO LTDA. - SICOOB CENTRO SUL MINEIRO
-0.03898965374721422,-0.10281990897842878,-0.0447220843985343,SICREDI NORTE - COOPERATIVA DE CRÉDITO
-0.048532248348385036,-0.08709461486793964,-0.021742944572186163,COOPERATIVA DE CRÉDITO DA SERRA CATARINENSE - CREDICOMIN
-0.04776471121591425,-0.08712136979964782,0.00710135603591458,COOPERATIVA DE CRÉDITO SICOOB UNI SUDESTE
-0.04038713121027552,-0.09170717034758491,0.024885737434013986,BCO TRICURY S.A. - PRUDENCIAL
-0.0536335475822983,-0.08110981276649071,-0.002295991465077903,COOPERATIVA DE CREDITO DE LIVRE ADMISSAO DE PARA DE MINAS LTDA - SICOOB ASCICRED
-0.055228319250510347,-0.07708686914752227,-0.008431278510619492,COOPERATIVA DE CREDITO DE LIVRE ADMISSÃO DO VALE DO SÃO PATRICIO LTDA.
-0.050405186912246054,-0.08424249421199669,-0.020597890022127644,COOPERATIVA DE CRÉDITO SICOOB MÉDIO OESTE
-0.050255009802573865,-0.08533405229431153,-0.007030442106951018,COOPERATIVA DE CRÉDITO CREDINACIONAL LTDA. - SICOOB CREDINACIONAL
-0.051876515255071975,-0.08256275920136279,-0.01358092433661848,COOPERATIVA DE CRÉDITO DE LIVRE ADMISSÃO DE SANTO ANTÔNIO DO MONTE LTDA.   SICOOB CREDIMONTE
-0.032438657405962745,-0.11314791890444108,-0.053412797638510257,COOPERATIVA DE CRÉDITO CREDSAOPAULO - SICOOB CREDSAOPAULO
-0.04714167841820866,-0.08907523333354136,-0.01749107784253393,COOPERATIVA DE CRÉDITO DE LIVRE ADMISSÃO DO TOCANTINS LTDA
-0.04913579299100495,-0.0865287564593762,-0.015044377389613022,COOPERATIVA DE CRÉDITO ARACREDI LTDA. - SICOOB ARACREDI
-0.048163000439052674,-0.08952088529312359,-0.028194195831765752,COOPERATIVA DE CRÉDITO MONTECREDI LTDA. - SICOOB MONTECREDI
-0.046676141832895916,-0.09343170959524483,-0.013437231919647245,UNIPRIME CENTRAL NACIONAL - CENTRAL NACIONAL DE COOPERATIVA DE CREDITO
-0.050308682224128834,-0.08279886960723853,-0.004846418699602364,COOPERATIVA DE CRÉDITO E INVESTIMENTO COM INTERAÇÃO SOLIDÁRIA ATIVA - CRESOL ATIVA
-0.012343656120981627,-0.1373389404276496,0.001218047893248783,BBVA BRASIL BI S.A. - PRUDENCIAL
-0.05556960752267613,-0.07504306854119876,3.838328400511579e-4,COOPERATIVA DE CRÉDITO E INVESTIMENTO COM INTERAÇÃO SOLIDÁRIA ORIGENS - CRESOL ORIGENS
-0.050992973372617656,-0.08302238587191484,-0.008962644879829533,COOPERATIVA DE CRÉDITO E INVESTIMENTO COM INTERAÇÃO SOLIDÁRIA TRANSFORMAÇÃO - CRESOL TRANSFORMAÇÃO
-0.051800562718825334,-0.08304838773913147,0.0018364053347282136,COOPERATIVA DE CREDITO DE LIVRE ADMISSAO DE RUBIATABA E REGIAO LTDA
-0.0498818696858808,-0.08760369789830272,-0.02089655187119122,COOPERATIVA DE CRÉDITO DE LIVRE ADMISSÃO DE BOA ESPERANÇA LTDA. - SICOOB BELCREDI
-0.051936871060883634,-0.08123779408150372,-0.007234699924868946,COOPERATIVA DE CRÉDITO E INVESTIMENTO COM INTERAÇÃO SOLIDÁRIA VALE DAS ÁGUAS PR/MG - CRESOL VALE DAS ÁGUAS PR/MG
-0.049209721298522684,-0.08722637950134489,-0.026950332986090363,COOPERATIVA DE ECONOMIA E CRÉDITO MÚTUO UNICRED PROSPERAR LTDA. - UNICRED PROSPERAR
-0.05217210116649837,-0.08100578581995567,-0.0033166942086474524,COOPERATIVA DE CRÉDITO E INVESTIMENTO COM INTERAÇÃO SOLIDÁRIA COOPERAR - CRESOL COOPERAR
-0.047662877386411034,-0.08937397947880206,-0.007710813533985034,COOPERATIVA DE CRÉDITO CREDIVERDE LTDA. - SICOOB CREDIVERDE
-0.05114075079917709,-0.08417311243016967,-0.008903147785188883,COOPERATIVA DE CRÉDITO DE LIVRE ADMISSÃO DO ALTO SÃO FRANCISCO LTDA.
-0.0632613573043002,-0.06352041209496449,0.06166481467957357,COOPERATIVA DE CRÉDITO MÚTUO DOS EMPREGADOS DA EMBRAER- SICOOB COOPEREMB
-0.046940101434243105,-0.09011178979587643,-0.005942126115995573,SICOOB AC CREDI - COOPERATIVA DE CRÉDITO DE LIVRE ADMISSÃO DO LESTE E NORDESTE MINEIRO LTDA.
-0.05096103507532627,-0.08410469769497425,-0.01972357228772689,COOPERATIVA DE CRÉDITO DE LIVRE ADMISSÃO DO VALE DO RIO GRANDE LTDA. - SICOOB UBERABA
-0.04996169528932386,-0.08513911175675491,-0.008971944220295455,COOPERATIVA DE CRÉDITO DE LIVRE ADMISSÃO DA REGIÃO CENTRAL DE RONDÔNIA   SICOOB OUROCREDI
-0.055474925955854876,-0.07689861965386668,0.0034150282217359413,COOPERATIVA DE CRÉDITO DE LIVRE ADMISSÃO CENTRO OESTE LTDA.
-0.05260144830657454,-0.0801805627764661,1.6104618254976545e-4,COOPERATIVA DE CRÉDITO E INVESTIMENTO COM INTERAÇÃO SOLIDÁRIA ALTO VALE - CRESOL ALTO VALE
-0.050907372280665567,-0.08413866651043926,-0.005587213536227944,COOPERATIVA DE CRÉDITO CREDICAMPO LTDA.- SICOOB CREDICAMPO
-0.0491842946343145,-0.08814891719406841,-0.008425677205352677,COOPERATIVA DE CRÉDITO GUARANICREDI LTDA. - SICOOB GUARANICREDI
-0.04719336229428266,-0.09142644470386141,-0.020588666207029867,COOPERATIVA DE CREDITO SULCREDI AMPLEA
-0.04668269727898917,-0.08979294790711952,-0.008590533439637385,COOPERATIVA DE CRÉDITO DE LIVRE ADMISSÃO BURITIS - SICOOB BURITIS
-0.034429913734686596,-0.09753024497664348,0.03646311067983252,SIMPALA CFI - PRUDENCIAL
-0.04573086900672897,-0.0927202943118257,-0.029935756427429742,"COOPERATIVA DE CRÉDITO, POUPANÇA E INVESTIMENTO DA REGIÃO DAS FLORES, DAS ÁGUAS E DOS VENTOS SP - SICREDI FORÇA DOS VENTOS SP"
-0.04740369882389168,-0.0892821439075624,0.005539249861961747,SOCIEDADE COOPERATIVA DE CRÉDITO COOPERE LTDA.  - SICOOB COOPERE
-0.05034146404586837,-0.08468621625463062,-0.013589472763674887,COOPERATIVA DE CRÉDITO E INVESTIMENTO COM INTERAÇÃO SOLIDÁRIA CONFIANÇA - CRESOL CONFIANÇA
-0.05166528350276696,-0.08350605920788723,-0.01766760820338793,COOPERATIVA DE CRÉDITO DE LIVRE ADMISSÃO DE RIO VERDE E REGIÃO LTDA.
-0.04950513361770866,-0.08693593105347908,-0.02225654600616164,COOPERATIVA DE CRÉDITO DO DISTRITO FEDERAL E ENTORNO LTDA
-0.04612451733704012,-0.09111388449621158,-0.0022037680014136657,COOPERATIVA DE CRÉDITO SICOOB SERTÃO LTDA
-0.045682863600479864,-0.09351964591002154,-0.030768943841888594,COOPERATIVA DE CREDITO CREDIAGRO LTDA. - SICOOB CREDIAGRO
-0.045737294258107686,-0.09187330794102164,-0.014384096471943983,COOPERATIVA DE CRÉDITO DE LIVRE ADMISSÃO DO ESTADO DO RIO DE JANEIRO - SICOOB FLUMINENSE
-0.0402079932069348,-0.10249058051634705,-0.05015761476392008,SICOOB CREDIGOIÁS COOPERATIVA DE CRÉDITO LTDA.
-0.04835549664433548,-0.08902633960003353,-0.009314131383650524,COOPERATIVA DE CRÉDITO DE LIVRE ADMISSÃO LTDA. - SICOOB CREDIJUSTRA
-0.04989600722698913,-0.08724152199334925,-5.148824385049023e-4,COOPERATIVA DE CRÉDITO DA REGIÃO CENTRAL DE MINAS LTDA. - SICOOB UNIÃO CENTRAL
-0.04877001955068237,-0.08980396247159073,-0.016678821883820236,COOPERATIVA DE CREDITO DO MERCADO IMOBILIÁRIO - SICOOB IMOB.VC
-0.04983809313613087,-0.08559827089178133,-0.012433588633671328,COOPERATIVA DE CRÉDITO E INVESTIMENTO COM INTERAÇÃO SOLIDÁRIA PLANALTO SUL - CRESOL PLANALTO SUL
-0.043464732905938316,-0.09714734039410548,-0.01647727228536669,COOPERATIVA DE ECONOMIA E CRÉDITO MÚTUO DOS EMPREGADOS DE FURNAS E DAS DEMAIS EMPRESAS DO SISTEMA ELETROBRÁS LTDA. - SICOOB CECREMEF
-0.047778146916672926,-0.08885856059463694,-0.01343425682699975,COOPERATIVA DE CRÉDITO E ECONOMIA COM INTERAÇÃO SOLIDÁRIA - CRESOL ALIANÇA
-0.051499254321425304,-0.08345602498290002,-0.005978198021850028,COOPERATIVA DE CRÉDITO E ECONOMIA COM INTERAÇÃO SOLIDÁRIA CRESOL EVOLUÇÃO
-0.05267137089563701,-0.08315051833073193,-0.006334889547434738,COOPERATIVA DE CRÉDITO DE LIVRE ADMISSÃO UNIÃO DO CENTRO OESTE DE MINAS LTDA - SICOOB CREDESP
-0.05073754674185065,-0.08646599978574805,-0.008236520402526695,COOPERATIVA DE CRÉDITO UNIÃO DO CENTRO OESTE DE MINAS LTDA. - SICOOB CENTRO UNIÃO
-0.04942910334202677,-0.0873578775052536,-0.009767957651291223,COOPERATIVA DE CRÉDITO DE LIVRE ADMISSÃO DE ASSOCIADOS URUBICI - SICOOB CREDIARAUCÁRIA/SC
-0.04860388950185663,-0.08899592887639098,-0.022316222994017216,COOPERATIVA DE CRÉDITO CREDIALP LTDA - SICOOB CREDIALP
-0.049634507264429265,-0.08873077963431489,-0.013034064737302384,COOPERATIVA E ECONOMIA E CRÉDITO MÚTUO DOS MÉDICOS DO PLANALTO MÉDIO DO RIO GRANDE DO SUL LTDA. - CREDISIS/CREDIPLAN
-0.05122359364057066,-0.08331024815223739,-0.0032374879273266185,COOPERATIVA DE CRÉDITO E INVESTIMENTO COM INTERAÇÃO SOLIDÁRIA ALTERNATIVA - CRESOL ALTERNATIVA
-0.03737675942218737,-0.0961898738175801,-0.007039513414480998,TODESCREDI S/A - CFI - PRUDENCIAL
-0.04346261898888835,-0.0871498984002056,0.019706225027409544,VIA CERTA CFI - PRUDENCIAL
-0.04610154237836139,-0.09238227122908467,-0.012656524736014774,COOPERATIVA DE ECONOMIA E CRÉDITO MÚTUO UNICRED COALIZÃO LTDA - UNICRED COALIZÃO
-0.04952689227076574,-0.08729216278472357,-0.02290444045453174,COOPERATIVA DE CRÉDITO UNIPRIME SUL
-0.04688352465860334,-0.09062110157499002,-0.022275850173862955,COOPERATIVA DE CRÉDITO E INVESTIMENTO COM INTERAÇÃO SOLIDÁRIA DE GOIÁS - CRESOL GOIÁS
-0.038688895267966185,-0.09728667674898375,0.022259160445760488,SUPERLÓGICA SCD PRUDENCIAL
-0.05205251674904292,-0.0838694145366072,-0.0016949789013940288,COOPERATIVA DE CRÉDITO CARLOS CHAGAS LTDA. - SICOOB CARLOS CHAGAS
-0.051557092494431266,-0.08411213967395127,-0.014259777712511959,COOPERATIVA DE CRÉDITO CREDIRAMA LTDA - SICOOB CREDIRAMA
-0.051586828638271166,-0.08462891430037896,-0.013837058223987083,COOPERATIVA DE CRÉDITO DE LIVRE ADMISSÃO SICOOB CREDIACIL
-0.04899838411346591,-0.08905921834961139,-0.013666166888659154,COOPERATIVA DE CRÉDITO CREDIBELO LTDA. - SICOOB CREDIBELO
-0.04763825682936532,-0.09057079472264619,-0.0199585904083896,COOPERATIVA DE CRÉDITO NOSSA SENHORA DO DESTERRO - SICOOB CREDISC
-0.029869577986175323,-0.10915191025517137,-0.019034865897716243,CONTA SIMPLES SCD - PRUDENCIAL
-0.04842686379590614,-0.0899193728459923,-0.01460019308874502,COOPERATIVA DE CRÉDITO DO VALE DO SÃO FRANCISCO - SICREDI VALE DO SÃO FRANCISCO
-0.04641497933230675,-0.09263883842548538,-0.003601330829011817,CREDISAN COOPERATIVA DE CRÉDITO
-0.05288309101931692,-0.08263809670739607,-0.013969956982889201,COOPERATIVA DE CRÉDITO DE LIVRE ADMISSÃO DO ESTADO DO ACRE LTDA.
-0.046373458822709025,-0.09154490066473352,-0.0012904776157264194,COOPERATIVA DE CRÉDITO DA REGIÃO E COLAR METROPOLITANO DO VALE DO AÇO LTDA. - SICOOB COSMIPA
-0.0499049241075809,-0.0863559471166991,-0.018320730032704072,COOPERATIVA DE CRÉDITO E INVESTIMENTO COM INTERAÇÃO SOLIDÁRIA CENTRO NORTE - CRESOL CENTRO NORTE
-0.051057638674887704,-0.08500293801737162,-0.013514046751866519,COOPERATIVA DE CRÉDITO E ECONOMIA COM INTERAÇÃO SOLIDÁRIA - CRESOL INTERAÇÃO
-0.04900001930324059,-0.08853798422740322,-0.012365778916893166,COOPERATIVA DE CRÉDITO DE LIVRE ADMISSÃO DE ANÁPOLIS E REGIÃO LTDA
-0.0486861281794562,-0.08876058543251049,-0.014479574166657632,COOPERATIVA DE CRÉDITO DE LIVRE ADMISSÃO DO CENTRO-SUL GOIANO LTDA
-0.04506989268722564,-0.0947347515026889,-0.039815896165690964,COOPERATIVA DE CRÉDITO DE LIVRE ADMISSÃO DE PIRACANJUBA LTDA. - SICOOB CERRADO
-0.05016598934049205,-0.08655708663360458,0.015490189392929447,CREDI&GENTE - COOPERATIVA DE CRÉDITO E INVESTIMENTOS
-0.04220486668985684,-0.08902669712139255,0.02486833896991317,KREDILIG S.A. - CFI - PRUDENCIAL
-0.04852348027820234,-0.08953884669653703,-0.019182656798685162,COOPERATIVA DE CRÉDITO UNICRED AMPLA LTDA - UNICRED AMPLA
-0.04852079099284949,-0.0896655926779818,-0.013320729402103881,COOPERATIVA DE CREDITO DE LIVRE ADMISSAO DE PITANGUI E REGIAO LTDA. - SICOOB CREDPIT
-0.05072644578948585,-0.08666761137655607,-0.0096827075191946,COOPERATIVA DE CRÉDITO DE LIVRE ADMISSÃO E DOS ADVOGADOS LTDA. - SICOOB CREDIJUR
-0.04799693853789453,-0.09083516822131894,-0.01928750133981304,COOPERATIVA DE CRÉDITO DOS INTEGRANTES DO PODER JUDICIÁRIO E DO MINISTÉRIO PÚBLICO DO ESTADO DE MINAS GERAIS LTDA. - SICOOB JUS-MP
-0.047953651295551854,-0.08951349851255236,-0.015048652365132828,COOPERATIVA DE CRÉDITO DE LIVRE ADMISSÃO DO SUL CATARINENSE - ACENTRA
-0.05005961208696997,-0.08699759213669568,-0.008276165432955429,COOPERATIVA DE CRÉDITO SICOOB COSTA DO DESCOBRIMENTO LTDA.
-0.04690047333898979,-0.09193128641368292,-0.030125363183877523,COOPERATIVA DE CRÉDITO SACRAMENTO LTDA - SICOOB SACRAMENTO
-0.0460628794691901,-0.09383880555272381,-0.020623708668626336,COOPERATIVA DE ECONOMIA E CRÉDITO MÚTUO DOS INTEGRANTES DO MINISTÉRIO PÚBLICO E DA DEFENSORIA PÚBLICA NO ESTADO DO RIO DE JANEIRO LIMITADA. - SICOOB COMPERJ
-0.04853496028319167,-0.08988100130579073,-0.006480657222964244,COOPERATIVA DE CRÉDITO DOS PROFISSIONAIS DA SAÚDE E LIVRE ADMISSÃO DO SUL DE MINAS LTDA
-0.04792206973205759,-0.08988376132157182,-0.02108641384917462,COOPERATIVA DE CREDITO DO PLANALTO SUL - SICOOB CREDISSERRANA
-0.04862862191693235,-0.08989477290061972,-0.026215998284234134,COOPERATIVA DE CRÉDITO UNICRED COOMARCA LTDA. - COOMARCA
-0.031862953319167824,-0.10583301405914963,-0.01641657212777808,SOCINAL S.A. CFI - PRUDENCIAL
-0.04420946528677018,-0.09513937171511075,-0.01307841332956787,"UNIPRIME DO IGUAÇU - COOPERATIVA DE CRÉDITO, POUPANÇA E INVESTIMENTO"
-0.04920032520001588,-0.08893098906401728,-0.014514040048358694,"COOPERATIVA DE CRÉDITO DE LIVRE ADMISSÃO DE PITANGUI, PAPAGAIOS, MARAVILHAS E REGIÃO LTDA. - SICOOB CREDICOOP"
-0.048014078625209684,-0.09003686276031854,-0.011449899174389199,COOPERATIVA DE CRÉDITO DE LIVRE ADMISSÃO DO NOROESTE DE MINAS GERAIS LTDA.   SICOOB CREDIPINHO
-0.05466546957009471,-0.07980039066265968,0.003735225371175326,COOPERATIVA DE CRÉDITO CREDINORTE LTDA. - SICOOB CREDINORTE
-0.049903892697440055,-0.08872869664927943,-0.01695378764051686,COOPERATIVA DE CRÉDITO RURAL DE IRAÍ DE MINAS LTDA -SICOOB CREDIMIL
-0.04927360132906984,-0.08878820697487738,-0.026414837221730103,"COOPERATIVA DE CRÉDITO DOS SERVIDORES MILITARES, POLÍCIA CIVIL E DA SECRETARIA DE EDUCAÇÃO DO ESTADO DE MINAS GERAIS LTDA - SICOOB COOPEMG"
-0.05023514016199328,-0.08631013973817446,-0.014951183955477485,COOPERATIVA DE CRÉDITO E INVESTIMENTO COM INTERAÇÃO SOLIDÁRIA NASCENTE - CRESOL NASCENTE
-0.04958569972307484,-0.0887230302480871,-0.016636142976248693,COOPERATIVA DE CRÉDITO DE LIVRE ADMISSÃO DE CAMPOS GERAIS E CAMPO DO MEIO LTDA - SICOOB CREDCAM
-0.04823608855425106,-0.08971778260274643,-0.01789409251298743,COOPERATIVA DE CRÉDITO DE LIVRE ADMISSÃO DO CENTRO SUL DE MATO GROSSO DO SUL - SICOOB CENTRO SUL MS
-0.049368718591624235,-0.08823018760021281,-8.210761188164252e-4,CREDIALIANÇA COOPERATIVA DE CRÉDITO RURAL
-0.047670596892870565,-0.09034262576690137,-0.011373583838090584,COOPERATIVA DE CRÉDITO DO VALE EUROPEU - SICOOB EURO VALE
-0.050845639132533066,-0.08608582475750653,-0.01681973965867982,COOPERATIVA DE CRÉDITO DE LIVRE ADMISSÃO DE ASSOCIADOS DO PLANALTO SERRANO - SICOOB CREDISERRA SC
-0.04909852363230869,-0.08821200355469468,-0.00974266386246721,COOPERATIVA DE CRÉDITO E ECONOMIA COM INTERAÇÃO SOLIDÁRIA - CRESOL ENCOSTAS DA SERRA GERAL
-0.04570517032845904,-0.09377706348793455,-0.02097767155041267,COOPERATIVA DE CRÉDITO SICOOB CONFIANÇA
-0.049120508524441275,-0.09014516152424323,-0.011483658277824504,COOPERATIVA DE CRÉDITO DOS SERVIDORES DOS PODERES LEGISLATIVOS DO ESTADO DE MINAS GERAIS E DO SEU ÓRGÃO AUXILIAR E DE LIVRE ADMISSÃO LTDA. - SICOOB COFAL
-0.04861928864642051,-0.08928701946070469,-0.011355032182138106,COOPERATIVA DE CRÉDITO DO VALE DO ITAJAÍ E VALE DO ITAPOCÚ - SICOOB MULTICREDI
-0.05045498610038194,-0.0863017680969552,-0.0019588126571539115,COOPERATIVA DE CRÉDITO DE LIVRE ADMISSÃO DO ESTADO DE GOIÁS
-0.050821211269886576,-0.08653720447362717,-0.018637342169170318,"COOPERATIVA DE ECONOMIA E CRÉDITO MÚTUO DOS SERVIDORES DO PODER JUDICIÁRIO, DO TRIBUNAL DE CONTAS ESTADUAL E DEMAIS ÓRGÃOS PÚBLICOS MUNICIPAIS, ESTADUAIS E FEDERAIS NO ESTADO DO RIO DE JANEIRO LTDA."
-0.03796788279828502,-0.09666255469655469,0.00894816593010936,AGORACRED S/A SCFI - PRUDENCIAL
-0.048999324465089866,-0.08913032866888168,-0.006118367542540729,COOPERATIVA DE CRÉDITO DE LIVRE ADMISSÃO DE PEDRO LEOPOLDO LTDA - SICOOB CREDIPEL
-0.05151979855633426,-0.08427853929774283,-0.007421419847513224,COOPERATIVA DE CRÉDITO E INVESTIMENTO COM INTERAÇÃO SOLIDÁRIA MISSÕES FRONTEIRA RS - CRESOL MISSÕES FRONTEIRA RS
-0.04909774960202913,-0.08903508729096711,-0.01254539593876353,COOPERATIVA DE CRÉDITO DA GRANDE FLORIANÓPOLIS - ÚNILOS
-0.04789263504870095,-0.08989845456903532,-0.009869124557921381,COOPERATIVA DE CRÉDITO E ECONOMIA COM INTERAÇÃO SOLIDÁRIA DE JACUTINGA - CRESOL JACUTINGA
-0.04640767432869089,-0.09280740209587302,-0.019045702501914154,COOPERATIVA DE CRÉDITO DE LIVRE ADMISSÃO DE ASSOCIADOS DO SUL DO BRASIL - CREVISC
-0.04800925583931857,-0.08975711974640327,-0.012796892459388079,COOPERATIVA DE CRÉDITO E INVESTIMENTO COM INTERAÇÃO SOLIDÁRIA CENTRO SERRA - CRESOL CENTRO SERRA
-0.04684342341494711,-0.09177545888205565,-0.005692558820854208,COOPERATIVA DE CRÉDITO RURAL DE ABELARDO LUZ - SULCREDI/CREDILUZ
-0.049664669389536405,-0.08870479354564341,-0.015600767568814851,COOPERATIVA DE CRÉDITO DE LIVRE ADMISSÃO DE CARMO DO RIO CLARO LTDA - SICOOB CREDICARMO
-0.004161061464502117,-0.13016220174935347,0.05182650716677862,SANTINVEST - PRUDENCIAL
-0.0487874527794817,-0.08896638634966222,-0.005916912636707786,COOPERATIVA DE CRÉDITO E ECONOMIA COM INTERAÇÃO SOLIDÁRIA - CRESOL MAIS
-0.04234765483855232,-0.099530326221877,-0.02479359213795547,"COOPERATIVA DE CREDITO, POUPANCA E INVESTIMENTO DO RIO DE JANEIRO - SICREDI RIO RJ"
-0.04479967839418209,-0.09394828463222923,0.016592186118151872,LAR COOPERATIVA DE CRÉDITO - LAR CREDI
-0.017193816327648725,-0.12034671668426569,0.01740696561798637,FINAMAX S.A. CFI - PRUDENCIAL
-0.049159372296092116,-0.08936876738751695,-0.018344423371467033,COOPERATIVA DE ECONOMIA E CRÉDITO MÚTUO UNICRED HORIZONTES LTDA - UNICRED HORIZONTES
-0.033053479248830654,-0.10639402941564327,0.006188034565940195,DELCRED SCD - PRUDENCIAL
-0.047365167147512446,-0.09193415274830359,-0.007838771250248164,"COOPERATIVA DE CRÉDITO, POUPANÇA E INVESTIMENTO SICREDI CENTRO PERNAMBUCANA"
-0.04938603896599341,-0.08872518535239428,-0.010541878120368933,COOPERATIVA DE CRÉDITO DE LIVRE ADMISSÃO DE PALMEIRAS E REGIÃO LTDA.
-0.04873110494981953,-0.09126920341644787,-0.016180130358712384,"COOPERATIVA DE CRÉDITO, POUPANÇA E INVESTIMENTO DOS JUÍZES E CARREIRAS PÚBLICAS DO DIREITO DO ESTADO DO RIO GRANDE DO SUL - SICREDI AJURIS RS"
-0.04834732762481322,-0.0906057820347713,-0.004328256607372577,COOPERATIVA DE CREDITO DE LIVRE ADMISSÃO DO VALE DO GORUTUBA LTDA - SICOOB CREDIVAG
-0.05150617523418618,-0.08579819065864283,-0.016084397098403428,COOPERATIVA DE CRÉDITO DE TIROS E MATUTINA LTDA.- SICOOB CREDITIROS
-0.04702746256914232,-0.0922498534990548,-0.01594559490974665,"COOPERATIVA DE ECONOMIA E CRÉDITO MÚTUO NOS ESTADOS DE ALAGOAS, SERGIPE E BAHIA - SICOOB LESTE"
-0.04759970480635807,-0.0914588775169571,-0.017928684127333342,COOPERATIVA DE CRÉDITO DOS SERVIDORES PÚBLICOS NO ESTADO DA BAHIA LTDA. - SICOOB CRED EXECUTIVO
-0.048373047140670845,-0.09012599359837715,-0.011931197811412836,SICREDI CREDUNI - COOPERATIVA DE ECONOMIA E CRÉDITO MÚTUO DOS SERV DAS INST PÚBLICAS DE ENSINO SUPERIOR DO ESTADO DA PARAÍBA E DAS DEMAIS INSTITUIÇÕES E ÓRGÃOS PÚBLICOS NO ESTADO DA PARAÍBA
-0.04794969666045619,-0.09104274184567046,-0.025262632769626744,COOPERATIVA DE ECONOMIA E CRÉDITO MÚTUO DO VALE DAS ANTAS LTDA. - UNICRED PIONEIRA
-0.04311370944923646,-0.09697138568805054,-0.006801529014792365,COOPERATIVA DE CRÉDITO SICOOB COOPMIL
-0.03344202924590944,-0.10406268704851501,-0.006536971386338848,TENTOS CFI - PRUDENCIAL
-0.04791723976662358,-0.09116164333415233,-0.012155183307422959,"COOPERATIVA DE CRÉDITO, POUPANÇA E INVESTIMENTO SICREDI INTEGRAÇÃO BAHIA - SICREDI INTEGRAÇÃO BAHIA"
-0.049317308491493815,-0.088945725056595,-0.017300746720455524,COOPERATIVA DE CRÉDITO E ECONOMIA COM INTERAÇÃO SOLIDÁRIA DE ARATIBA - CRESOL ARATIBA
-0.04398523018374113,-0.08755642073073441,0.02647175416129791,NEGRESCO S.A. - CFI - PRUDENCIAL
-0.035314689505787485,-0.10153393858497292,0.0012061973084427384,OXY CH - PRUDENCIAL
-0.04769601858092115,-0.0917187107299885,-0.017652323201545708,COOPERATIVA DE CRÉDITO CREDIVAZ LTDA. - SICOOB CREDIVAZ
-0.05227480105529361,-0.08449732941033919,0.005805218452376248,BARRACRED - COOPERATIVA DE ECONOMIA E CRÉDITO MÚTUO
-0.048156181891178866,-0.09085009806167998,-0.019073414518520345,COOPERATIVA DE CRÉDITO DE LIVRE ADMISSÃO SICOOB CREDMISSÃO LTDA. - SICOOB CREDMISSÃO
-0.05056097435968537,-0.08659105672074167,-0.007777701519323141,COOPERATIVA DE CRÉDITO E ECONOMIA COM INTERAÇÃO SOLIDÁRIA CRESOL VALE
-0.04756741621157723,-0.09111571859596358,0.006451737924964479,SICOOB CRESSEM - COOPERATIVA DE ECNONOMIA E CRÉDITO MUTUO DOS SERVIDORES MUNICIPAIS DA REGIÃO METROPOLITANA DO VALE DO PARAIBA E LITORAL NORTE
-0.05061851052812258,-0.08724888406107029,-0.0036478132691485092,COOPERATIVA DE CRÉDITO DO SUDOESTE BAIANO LTDA - SICOOB CREDICONQUISTA
-0.04862291573909014,-0.08995796333869284,-0.014298488093431625,COOPERATIVA DE CRÉDITO DO VALE DOS PINHAIS - SICOOB VALE DOS PINHAIS
-0.05082525222737673,-0.087390449975603,-0.007787348814798545,COOPERATIVA DE CRÉDITO CREDIBAM LTDA. - SICOOB CREDIBAM
-0.04858145816821839,-0.09069009389162933,-0.010847597090385908,COOPERATIVA DE ECONOMIA E CRÉDITO MÚTUO - SICOOB COOPERAC
-0.04534604237436444,-0.09530473692339621,-0.025488779172329463,COOPERATIVA DE CRÉDITO DE LIVRE ADMISSÃO DE JATAÍ E REGIÃO LTDA.
-0.048589513767292584,-0.08983339170455536,-0.010760027735458177,COOPERATIVA DE CRÉDITO SICOOB NORTE SUL LTDA
-0.026101169849686065,-0.1124309313232239,0.024929868502572925,BRAZA BANK BCO CÂMBIO - PRUDENCIAL
-0.046192548831092736,-0.09441711652268818,-0.013150810186360194,COOPERATIVA DE ECONOMIA E CRÉDITO DE LIVRE ADMISSÃO LTDA. - SICOOB EMPRESARIAL
-0.03907852063126687,-0.09714620907766561,0.026170093659237646,LAUNCH PAD SCD - PRUDENCIAL
-0.04587046727602536,-0.09437681107161065,-0.011336891984948154,COOPERATIVA DE CRÉDITO DE LIVRE ADMISSÃO DE ASSOCIADOS LTDA. - SICOOB JUDICIÁRIO
-0.04672939147230733,-0.09353015989328112,-0.017736986862693774,COOPERATIVA DE CRÉDITO DOS PROFISSIONAIS DE SAÚDE E DE LIVRE ADMISSÃO DO TRIÂNGULO MINEIRO E SUL DE MINAS LTDA. - UNICRED PROGRESSO
-0.03682436631351877,-0.10021601967480398,0.02696212070165466,AFEAM - PRUDENCIAL
-0.04812290753850694,-0.09208626564906414,-0.017127000952078725,COOPERATIVA DE ECONOMIA E CRÉDITO MÚTUO DOS FUNCIONÁRIOS DA SECRETARIA DE ESTADO DA FAZENDA  DO ESTADO DE MINAS GERAIS E DE LIVRE ADMISSÃO LTDA - SICOOB COOPSEF
-0.04958628100725167,-0.08894695715451068,-0.003918172205146009,COOPERATIVA DE CRÉDITO SICREDI ALTO SERTÃO PARAIBANO - SICREDI ALTO SERTÃO PARAIBANO
-0.0479673707748485,-0.09118775933065833,-0.013373732849874646,"COOPERATIVA DE CRÉDITO, POUPANÇA E INVESTIMENTO BANDEIRANTES - SICREDI BANDEIRANTES SP"
-0.04922509502237478,-0.09016862218828742,-0.015207221235154344,COOPERATIVA DE ECONOMIA E CRÉDITO MÚTUO DOS PROFISSIONAIS DA ÁREA NOTARIAL E REGISTRAL - COOPNORE
-0.019151633175618184,-0.1182208108801226,0.05254953910580725,WESTERN UNION - PRUDENCIAL
-0.04888334966171396,-0.09059594471972916,-0.01583721813702111,"COOPERATIVA DE CRÉDITO DOS MAGISTRADOS, SERVIDORES DA JUSTIÇA DO ESTADO DE GOIÁS E EMPREGADOS DA CELG LTDA."
-0.04875454909469591,-0.09011388131830804,-0.010833187982282142,COOPERATIVA DE CRÉDITO HORIZONTE - SICOOB HORIZONTE
-0.04777552671109418,-0.0919852708430835,-0.011173319810342558,COOPERATIVA DE CRÉDITO COOPCRED
-0.047396167134799286,-0.09291711824363136,-0.010097731679425542,COOPERATIVA DE CREDITO CLASSICA DO ESTADO DO RIO DE JANEIRO - SICOOB EMPRESAS RJ
-0.048195552651411365,-0.09144196408655872,-0.023558179567337693,COOPERATIVA DE CRÉDITO CREDICAMPINA LTDA. - SICOOB CREDICAMPINA
-0.04826539159248679,-0.09123496524875441,-0.019294861645677185,COOPERATIVA DE CRÉDITO DE LIVRE ADMISSÃO DE SANTA CRUZ DAS PALMEIRAS E REGIÃO
-0.048360275001214495,-0.09117307614971165,-0.011889889690477148,COOPERATIVA DE CRÉDITO DE LIVRE ADMISSÃO SICOOB COOPJUS LTDA.
-0.04847990246734283,-0.09087807197387195,-0.008398497654229222,COOPERATIVA DE CRÉDITO DE LIVRE ADMISSÃO CREDFAZ LTDA. - SICOOB CREDFAZ
-0.047983675850996485,-0.09116924247715304,-0.013906753487887228,COOPERATIVA DE CRÉDITO E ECONOMIA COM INTERAÇÃO SOLIDÁRIA - CRESOL DESENVOLVIMENTO
-0.04578480160636724,-0.09455159323797332,-0.010609190730542414,COOPERATIVA DE CRÉDITO DE LIVRE ADMISSÃO DE ITAJUBÁ LTDA - SICOOB SUDESTE MAIS
-0.048341638321117576,-0.09121934785902651,-0.014256863571941605,COOPERATIVA DE CREDITO POTIGUAR - SICOOB POTIGUAR
-0.04633141033163672,-0.09354144948568983,-5.16870161720469e-4,COOPERATIVA DE CRÉDITO CREDIESMERALDAS LTDA. - SICOOB CREDIESMERALDAS
-0.039584094790486725,-0.10036590303788788,0.0029785337162016303,AGÊNCIA DE FOMENTO MATO GROSSO - PRUDENCIAL
-0.048705834927073734,-0.09098760959626412,-0.0092304917536369345,COOPERATIVA DE CREDITO DE LIVRE ADMISSÃO DA REGIÃO SUDESTE DE MINAS GERAIS LTDA. - SICOOB CREDISUCESSO
-0.04365599047741952,-0.09915718039314401,-0.02926618148981026,CREDISIS CAPITALCREDI - COOPERATIVA DE CRÉDITO DE LIVRE ADMISSÃO DO ACRE LTDA
-0.0478818805625184,-0.09182617588849,-0.0163040775521255,COOPERATIVA DE CRÉDITO VALE DO CANOAS - SICOOB/SC CREDICANOAS
-0.047393814036103536,-0.09208079967116144,-0.014058062179522301,COOPERATIVA DE CRÉDITO E ECONOMIA COM INTERAÇÃO SOLIDÁRIA DE SÃO VALENTIM - CRESOL SÃO VALENTIM
-0.04718750872588185,-0.09296512278085951,-0.008853170228969065,COOPERATIVA DE CRÉDITO SICOOB COOPEMAR LTDA
-0.04781997439978559,-0.09214547307933578,-0.015508099800352967,"COOPERATIVA DE CRÉDITO, POUPANÇA E INVESTIMENTO EMPREENDEDORES - SICREDI EMPREENDEDORES PR"
-0.05104702005021108,-0.08745905073625061,-0.009903260642924468,COOPERATIVA DE CRÉDITO DE LIVRE ADMISSÃO DE ARCOS LTDA. - SICOOB ARCOMCREDI
-0.04762523445202698,-0.09182810654593286,-0.012440098552742479,COOPERATIVA DE CRÉDITO RURAL E ECONOMIA COM INTERAÇÃO SOLIDÁRIA DE GETÚLIO VARGAS - CRESOL GETÚLIO VARGAS
-0.04835916358889804,-0.09010684450944997,-0.004108269778066257,COOPERATIVA DE CRÉDITO E ECONOMIA COM INTERAÇÃO SOLIDÁRIA - CRESOL INOVAÇÃO
-0.04762225495201373,-0.09212208994859909,-0.01912378202839381,COOPERATIVA DE CRÉDITO DE LIVRE ADMISSÃO DA MARGEM ESQUERDA DO URUCUIA E SÃO FRANCISCO LTDA - SICOOB CREDICHAPADA
-0.0476322877301324,-0.0914718295034166,-0.0094105604421393,COOPERATIVA DE CRÉDITO E INVESTIMENTO COM INTERAÇÃO SOLIDÁRIA TRANSAMAZÔNICA - CRESOL TRANSAMAZÔNICA
-0.046736025598079475,-0.09360935761388896,-0.015515069546801515,COOPERATIVA DE CRÉDITO DE LIVRE ADMISSÃO DO BRASIL CENTRAL LTDA. - SICOOB EXECUTIVO
-0.026607885230416947,-0.11077774379598238,0.012153602224517947,SINOSSERRA FINANCEIRA S/A - PRUDENCIAL
-0.053343565094865764,-0.08336878607536549,0.004484935406763118,"COOPERATIVA DE ECONOMIA E CRÉDITO MÚTUO DOS SERVIDORES DA FEDERAÇÃO DO COMÉRCIO, SESC E SENAC DE SÃO PAULO"
-0.04867910276660465,-0.09100273898618248,-0.015190963152987106,COOPERATIVA DE CRÉDITO DE LIVRE ADMISSÃO CREDIEMBRAPA LTDA - SICOOB.
-0.03775548646313522,-0.09923345835486144,0.029499432973844695,EBURY BANCO DE CÂMBIO - PRUDENCIAL
-0.03452248690280609,-0.10437847582734588,0.022160203910638724,C&A PAY SCD - PRUDENCIAL
-0.05029090279040718,-0.08885200341341448,-0.011296382221527679,COOPERATIVA DE CRÉDITO DOS INTEGRANTES DO MINISTÉRIO PÚBLICO E DO PODER JUDICIÁRIO NOS ESTADOS DO AMAPÁ E CEARÁ E LIVRE ADMISSÃO NO ESTADO DO PARÁ - SICOOB COIMPPA
-0.047359351829288944,-0.0933657442428563,-0.01381747884187586,COOPERATIVA DE CRÉDITO DE LIVRE ADMISSÃO DE CERES E RIALMA LTDA
-0.046879066078120486,-0.09407649915325376,-0.016764717863101925,COOPERATIVA DE ECONOMIA E CRÉDITO MÚTUO DE LIVRE ADMISSÃO DE ARARAQUARA E REGIÃO - SICOOB
-0.04611814512553803,-0.09483509024918037,-0.018604798380270255,COOPERATIVA DE CRÉDITO SICOOB UNI SUL MS
-0.045895333892668116,-0.0954159652874371,-0.021983481544132585,COOPERATIVA DE CREDITO RURAL SEARA - CREDISEARA
-0.04699666002303285,-0.09376436305187977,-0.017943218497752864,COOPERATIVA DE CRÉDITO DA REGIÃO DO VALE DO RIO GRANDE LTDA. - SICOOB CREDILEITE
-0.04922208856553041,-0.09062039876315872,-0.015861129245221206,COOPERATIVA DE CRÉDITO SICOOB ITAPAGIPE LTDA - SICOOB ITAPAGIPE
-0.04728003334774409,-0.09294359470305283,-0.014255231362825468,COOPERATIVA DE CRÉDITO DE LIVRE ADMISSÃO DA REGIÃO DE SÃO SEBASTIÃO DO PARAÍSO LTDA. - SICOOB PARAÍSOCRED
-0.04535933348417174,-0.09589714291126143,-0.023062996077481957,CREDISIS SUDOESTE/RO - COOPERATIVA DE CRÉDITO E INVESTIMENTO DO SUDOESTE DE RONDÔNIA
-0.04866718559245037,-0.0915357728752457,-0.009822147762892846,COOPERATIVA DE CREDITO CREDLIDER - SICOOB CREDLIDER
-0.042727373300060746,-0.10020268874177743,-0.028498213333871533,COOPERATIVA DE CRÉDITO DE LIVRE ADMISSÃO DE ASSOCIADOS - SICOOB CRUZ ALTA
-0.04845487602351311,-0.09113330065329785,-0.015293498445983536,COOPERATIVA DE CREDITO E ECONOMIA COM INTERAÇÃO SOLIDÁRIA - CRESOL SERRA MAR
-0.045675628601297646,-0.09527286838905466,-0.020830292488532604,COOPERATIVA DE CRÉDITO E INVESTIMENTO COM INTERAÇÃO SOLIDÁRIA DE NOVA MUTUM E REGIÃO - CRESOL MATO GROSSO
-0.048227356450014684,-0.09244174512315347,-0.015782975651520238,"COOPERATIVA DE CRÉDITO, POUPANÇA E INVESTIMENTO DOS INTEGRANTES DA MAGISTRATURA E DO MINISTÉRIO PÚBLICO NO ESTADO DO PARANÁ - SICREDI CREDJURIS"
-0.04697267374875412,-0.0940370244521149,-0.01739339366178892,COOPERATIVA DE CRÉDITO LIVRE ADMISSÃO SICOOB OURICRED
-0.0484371263974253,-0.09160475932925935,-0.01363055061203873,COOPERATIVA DE CRÉDITO DE LIVRE ADMISSÃO DA REGIÃO DE GUAXUPÉ LTDA. - SICOOB ACICREDI
-0.04848872385632759,-0.09172142695992677,-0.020477404474310068,COOPERATIVA DE CRÉDITO CREDICAPI LTDA - SICOOB CREDICAPI
-0.04867127353463212,-0.09159475292040575,-0.01984970671891831,COOPERATIVA DE CRÉDITO DE LIVRE ADMISSÃO DFMIL LTDA. - SICOOB DFMIL
-0.050007787225504814,-0.08868321926736047,-0.009093166265827925,COOPERATIVA DE CREDITO E ECONOMIA COM INTERAÇÃO SOLIDARIA - CRESOL LITORAL
-0.04848812483886349,-0.09107443363039781,-0.014791453786315903,COOPERATIVA DE CRÉDITO E ECONOMIA COM INTERAÇÃO SOLIDÁRIA - CRESOL XANXERÊ
-0.03366052077837436,-0.10493162907426101,-8.805060924713073e-4,PLANTAE CFI - PRUDENCIAL
-0.04941841846425947,-0.09029263777603236,-0.010164895891992473,COOPERATIVA DE CRÉDITO DE LIVRE ADMISSÃO DE ASSOCIADOS DE JARAGUÁ DO SUL E REGIÃO - SICOOB CEJASCRED
-0.04890494869034012,-0.09081315885689367,-0.007012620077890427,SICOOB CREDIMONTES - COOPERATIVA DE CRÉDITO DE LIVRE ADMISSÃO REGIONAL DE MONTES CLAROS LTDA
-0.05498766071041451,-0.08166071288753526,0.010470700057192387,COOPERATIVA DE ECONOMIA E CRÉDITO MÚTUO DOS FUNCIONÁRIOS DO ATACADÃO
-0.046918723738899853,-0.09362660964571787,-0.017958956529374997,COOPERATIVA DE CRÉDITO DE RIO RUFINO - SICOOB CREDIUNIÃO
-0.047339992746226064,-0.09314209331660883,-0.010135606342349862,COOPERATIVA DE CRÉDITO DE LIVRE ADMISSÃO SICOOB UNIÃO SUDESTE
-0.05327531043522282,-0.08453669103940684,0.0035807250303038487,GPATIVA - COOPERATIVA DE ECONOMIA E CRÉDITO MÚTUO DOS EMPREGADOS DO GRUPO PÃO DE AÇÚCAR
-0.04915085854064919,-0.07663069842400505,0.0980410967051789,EAGLE SCD - PRUDENCIAL
-0.04637601791840458,-0.09405507955248733,-0.008980506466209695,COOPERATIVA DE CRÉDITO DE LIVRE ADMISSÃO DO OESTE MARANHENSE - SICOOB OESTE MARANHENSE
-0.05079010195054552,-0.08841630050611518,-0.0010835626751305163,COOPERATIVA DE CRÉDITO RURAL DOS FORNECEDORES DE CANA DA REGIÃO DE CATANDUVA-COFOCRED
-0.049233405867469104,-0.09048205970050749,-0.006583032241389813,COOPERATIVA DE ECONOMIA E CRÉDITO MÚTUO DOS EMPREGADOS DA JOHNSON & JOHNSON
-0.046687388523586774,-0.09433947143128629,-0.016276364297175574,COOPERATIVA DE ECONOMIA E CRÉDITO MÚTUO DOS MILITARES ESTADUAIS DE SANTA CATARINA - CREDPOM
-0.053665143924090206,-0.08354093466327794,0.0035216990843432707,COOPERATIVA DE ECONOMIA E CRÉDITO MÚTUO DOS TRABALHADORES DO GRUPO SÃO MARTINHO   USICRED
-0.03301814928677017,-0.10698582251129668,0.006240059928628641,CARTOS SCD - PRUDENCIAL
-0.03338229141392388,-0.10648775525348358,0.006921545956853989,OPEA SCD - PRUDENCIAL
-0.04588662754642955,-0.09522126372411893,-0.013326719886469881,COOPERATIVA DE ECONOMIA E CRÉDITO MÚTUO SICOOB METALCRED
-0.040525922316040734,-0.0995683521464991,-0.003808340698973179,PIAUÍ FOMENTO - PRUDENCIAL
-0.04877222634284948,-0.09117957693699753,-0.017315662468117672,COOPERATIVA DE CRÉDITO SICOOB IPÊ - SICOOB IPÊ
-0.046846798941493475,-0.09400350343079608,-0.01911379338714859,CREDISIS CREDIBRÁS COOPERATIVA DE CRÉDITO E INVESTIMENTO DE LIVRE ADMISSÃO DO OESTE DE RONDÔNIA
-0.051369391525089465,-0.08720038370324437,-0.004821030653694604,COOPERATIVA DE CRÉDITO CREDIMAC LTDA - SICOOB CREDIMAC
-0.047659123512230804,-0.09326905978023987,-0.018911494713391715,"COOPERATIVA DE CRÉDITO, POUPANÇA E INVESTIMENTO DOS MILITARES ESTADUAIS E SERVIDORES DA SEGURANÇA DO ESTADO DO RIO GRANDE DO SUL - SICREDI TRADIÇÃO RS"
-0.0470536173269806,-0.0939949484651636,-0.017497601459641864,COOPERATIVA DE CRÉDITO CREDINOSSO LTDA - SICOOB CREDINOSSO
-0.04798789445870662,-0.09221032859681083,-0.013203990077722091,COOPERATIVA DE CRÉDITO DE LIVRE ADMISSÃO DO ESTADO DO PARÁ - SICOOB COOESA
-0.04855260233712717,-0.09199299550969395,-0.014412733966043648,COOPERATIVA DE CRÉDITO DE LIVRE ADMISSÃO DE ASSOCIADOS DE DORES DO INDAIÁ LTDA - COOPCREDI
-0.04883538931734741,-0.09110162013701942,-0.010254009158997632,COOPERATIVA DE CRÉDITO DOS EMPREGADOS DO GRUPO VALLOUREC NO BRASIL - COOVALL LTDA.
-0.0518380766256212,-0.08684650647046509,-0.00221621017245436,COOPERATIVA DE CRÉDITO MÚTUO DOS DESPACHANTES DE TRÂNSITO DE SANTA CATARINA E RIO GRANDE DO SUL - SICOOB CREDITRAN
-0.04394145362533237,-0.09856066287771957,-0.019480583599740104,COOPERATIVA DE CRÉDITO DE LIVRE ADMISSÃO DO CIRCUITO DAS ÁGUAS - SICOOB CIRCUITO DAS ÁGUAS
-0.04875630935534002,-0.09215514363848484,-0.015273646530041762,COOPERATIVA DE CRÉDITO MÚTUO DOS CORRETORES DE SEGUROS DO ESTADO DE SÃO PAULO - SICOOB CREDICOR/SP
-0.03984277810912192,-0.09565518159154607,0.02383474331297109,CREDITÁ S.A. CFI - PRUDENCIAL
-0.04640988321154644,-0.09493965948833362,-0.017673331949265143,COOPERATIVA DE CRÉDITO NO PIAUÍ - SICOOB PIAUÍ
-0.04752077135478046,-0.09316493566291809,-0.017301042144977005,COOPERATIVA DE CRÉDITO SICOOB CREDCOOP LTDA.
-0.049841648219664726,-0.09010977881619846,-0.010224445907900594,GREENCRED - COOPERATIVA DE CREDITO
-0.04890977244481932,-0.09131681663885438,-0.0185337645238034,"COOPERATIVA DE CRÉDITO, POUPANÇA E INVESTIMENTO DOS PROFESSORES, FUNCIONÁRIOS E ALUNOS DA UNIVERSIDADE DE CAXIAS DO SUL - SICREDI EDUCAÇÃO RS"
-0.04853822653593693,-0.09202675646954177,-0.014093324480298744,COOPERATIVA DE ECONOMIA E CRÉDITO MÚTUO DE LIVRE ADMISSÃO DOS SERVIDORES DA UNIVERSIDADE FEDERAL DE VIÇOSA LTDA. - SICOOB UFVCREDI
-0.05021731887739204,-0.08910567448851586,-0.005423789251831375,COOPERATIVA DE CRÉDITO MÚTUO DOS EMPREGADOS DA MAXION - CREDMAXION
-0.04896843617571296,-0.09108479254879057,-0.013258408438262769,COOPERATIVA DE CREDITO E ECONOMIA COM INTERAÇÃO SOLIDÁRIA - CRESOL JACINTO MACHADO
-0.04763532409139082,-0.09295578171762742,-0.015375554185633564,COOPERATIVA DE CRÉDITO E INVESTIMENTOS DE RONDÔNIA - SICOOB CREDJURD
-0.04784901403463261,-0.09280086927980402,-0.018309655102169097,COOPERATIVA DE CRÉDITO MÚTUO DO CEARÁ - SICOOB CEARÁ
-0.0497888580367362,-0.08997103472665116,-0.008364002574717783,COOPERATIVA DE ECONOMIA E CRÉDITO MÚTUO DOS EMPREGADOS DO GRUPO FEMSA BRASIL
-0.03276025739924263,-0.1069199731307002,4.6555534977707735e-4,BANCO RNX S.A. - PRUDENCIAL
-0.04826726239409448,-0.09267279446383395,-0.01671137005253232,COOPERATIVA DE CRÉDITO RURAL - CREDICANA
-0.04714075966000032,-0.0938967138270155,-0.01876264313807675,COOPERATIVA DE CREDITO E ECONOMIA COM INTERAÇÃO SOLIDÁRIA - CRESOL TREZE DE MAIO
-0.02686655917594697,-0.11626246596644074,-0.014344749011155646,LECCA - PRUDENCIAL
-0.048261620646077176,-0.09247803688281041,-0.012289388798419629,COOPERATIVA DE ECONOMIA E CRÉDITO MÚTUO DOS SERVIDORES DA JUSTIÇA DO ESTADO DE MINAS GERAIS LTDA. - SICOOB CREDJUS
-0.04731408346760982,-0.09371864961715864,-0.019223804175272596,COOPERATIVA DE CRÉDITO DE LIVRE ADMISSÃO DE VITÓRIA DA CONQUISTA
-0.04094236260277976,-0.09449725675812062,0.037231439563164964,ATRIA S.A. - CFI - PRUDENCIAL
-0.036596826157645874,-0.10084079819685421,0.013018262615363431,CENTROCRED CFI - PRUDENCIAL
-0.04251458596687684,-0.10108297830733716,-0.027145600710925415,COOPERATIVA DE CRÉDITO DE LIVRE ADMISSÃO DE RORAIMA LTDA.
-0.04851404432639521,-0.09163945851470076,-0.012872565972212466,COOPERATIVA DE CRÉDITO E ECONOMIA COM INTERAÇÃO SOLIDÁRIA - CRESOL COOPERACRED
-0.0483383310971264,-0.09196530804431438,-0.015349834359708117,COOPERATIVA DE CRÉDITO RURAL E ECONOMIA COM INTERAÇÃO SOLIDÁRIA DE ÁUREA - CRESOL ÁUREA
-0.048152106177446835,-0.0924522181038035,-0.013134429270935121,COOPERATIVA DE CRÉDITO DE LIVRE ADMISSÃO - SICOOB COPESITA
-0.04601812231701332,-0.0952190928235362,-0.007646432134613196,COOPERATIVA DE CRÉDITO COGEM
-0.048305605967048255,-0.09236634542393046,-0.01834029976849916,COOPERATIVA DE ECONOMIA E CRÉDITO MÚTUO DOS SERVIDORES PÚBLICOS - SICOOB COOPERPLAN CREDSEF
-0.04745982956282565,-0.09371291971835154,-0.01722712151590492,COOPERATIVA DE ECONOMIA E CRÉDITO DE LIVRE ADMISSÃO DOS EMPREGADOS DOS CORREIOS LTDA. - SICOOB COOPERCORREIOS
-0.04905179251730699,-0.09152966229989601,-0.013639392293213596,"COOPERATIVA DE CRÉDITO, POUPANÇA E INVESTIMENTO DOS ESCRIVÃES, NOTÁRIOS E REGISTRADORES NO ESTADO DO PARANÁ - SICREDI CREDENOREG PR"
-0.0477698554873342,-0.09324650554151964,-0.018948226558021863,COOPERATIVA DE CRÉDITO MÚTUO DOS PROFISSIONAIS DA SAÚDE E LIVRE ADMISSÃO DE TEÓFILO OTONI LTDA. - UNICRED TRÊS VALES
-0.04805250809216473,-0.09318106575483648,-0.01762408608051161,COOPERATIVA DE ECONOMIA E CRÉDITO MÚTUO DOS MAGISTRADOS DE SÃO PAULO - MAGISCRED
-0.035769037843124775,-0.10241530434715462,0.01916220357555024,JBCRED S.A. SCFI - PRUDENCIAL
-0.047007643970638724,-0.09431813013553209,-0.015096825152201634,COOPERATIVA DE CRÉDITO MÚTUO DE LIVRE ADMISSÃO DA REGIÃO ADMINISTRATIVA DE SOROCABA - SICOOB COOPERASO
-0.04867737738899178,-0.0920080292996378,-0.01784504181641794,COOPERATIVA DE CRÉDITO DE SÃO FRANCISCO DE SALES LTDA. - SICOOB CREDISALES
-0.008829196548628897,-0.14491849930244566,-0.0549820651098025,REVOLUT SCD - PRUDENCIAL
-0.047270927594561064,-0.0940979422097566,-0.02059498388470147,"COOPERATIVA DE CRÉDITO, POUPANÇA E INVESTIMENTO DOS POLICIAIS FEDERAIS DO RIO GRANDE DO SUL E SANTA CATARINA - SICREDI POL RS/SC"
-0.04815704827308873,-0.09289778888979461,-0.015350620423846804,SICOOB CRED COPERCANA COOPERATIVA DE CRÉDITO
-0.03253492761481303,-0.10792558421530904,0.006953142919427782,ASA SCD - PRUDENCIAL
-0.04717179543439289,-0.09417097182947244,-0.01893724092477595,"COOPERATIVA DE CRÉDITO, POUPANÇA E INVESTIMENTO DO SISTEMA DE JUSTIÇA NO ESTADO DO CEARÁ - SICREDI COOPERJURIS"
-0.049303007820886806,-0.09101940415634632,-0.007203143322019187,COOPERATIVA DE ECONOMIA E CRÉDITO MÚTUO DOS FUNCIONÁRIOS DA NESTLÉ - CREDI NESTLÉ
-0.04965885894743524,-0.0904572143739164,-0.015320117150088186,COOPERATIVA DE CRÉDITO DE LIVRE ADMISSÃO SUL MARANHENSE - SICOOB SUL MARANHENSE
-0.045876931699735765,-0.09584511248686653,-0.013816193608416377,"COOPERATIVA DE ECONOMIA E CRÉDITO MÚTUO DOS EMPRESÁRIOS DE AMERICANA, LIMEIRA E REGIÃO - SICOOB ACICRED"
-0.046489704966873484,-0.09530968174447481,-0.01958146089530608,"COOPERATIVA DE CRÉDITO, POUPANÇA E INVESTIMENTO DOS PROFISSIONAIS MÉDICOS E DA SAÚDE DE CURITIBA E REGIÃO METROPOLITANA - SICREDI MEDICRED PR"
-0.04703100800838681,-0.09449796470995382,-0.019013062060026932,COOPERATIVA DE ECONOMIA E CRÉDITO MÚTUO - COOPERSERV
-0.04702816173230183,-0.09466638155780552,-0.015999555711477497,SICOOB UNISP - COOPERATIVA DE CRÉDITO
-0.0332898378913166,-0.10671116793792318,0.007870278003145633,FIDUCIA SCMEPP LTDA - PRUDENCIAL
-0.04764793630819946,-0.09376136241037272,-0.018977246311392557,"COOPERATIVA DE CRÉDITO, POUPANÇA E INVESTIMENTO DAS CARREIRAS DO MINISTÉRIO PÚBLICO, TRIBUNAL DE CONTAS E SECRETARIA DA FAZENDA DO RIO GRANDE DO SUL - SICREDI MP RS"
-0.04586340972012346,-0.09588099376736564,-0.01558769098080692,COOPERATIVA DE CRÉDITO CLÁSSICA DOS EMPREGADOS DA VALE S/A E ENTIDADES VINCULADAS LTDA. - SICOOB COOPVALE
-0.04648623346411325,-0.09551832285492542,-0.02331017503180796,CREDISIS OESTE - COOPERATIVA DE CRÉDITO E INVESTIMENTO DO OESTE
-0.04652288418811969,-0.09540012158135469,-0.022571439170456453,COOPERATIVA DE ECONOMIA E CRÉDITO MÚTUO DOS EMPREGADOS DO BANRISUL
-0.03076245305414326,-0.11059510264214409,0.005324924606296968,ACCREDITO SOCIEDADE DE CREDITO DIRETO - PRUDENCIAL
-0.03320093995668159,-0.10684620190799374,0.014475151669711363,KANASTRA FINANCEIRA CFI - PRUDENCIAL
-0.04745574027636622,-0.09415472143476017,-0.016649100693894164,"COOPERATIVA DE CRÉDITO DOS CONTADORES, ADMINISTRADORES DE EMPRESAS, ECONOMISTAS E CORRETORES DE SEGUROS LTDA. - SICOOB CREDITABIL"
-0.015494942092124148,-0.1245196741885923,0.028818323645969025,FINAXIS - PRUDENCIAL
-0.047023869673829974,-0.09447034380314334,-0.01628053549052587,COOPERATIVA DE CRÉDITO MÚTUO - SICOOB CREDIACISC
-0.04786129234140673,-0.09322019879579357,-0.019176394217622825,COOPERATIVA DE CRÉDITO MÚTUO DOS SERVIDORES MUNICIPAIS DE SÃO JOÃO DA BOA VISTA - CREDIVISTA
-0.04729491319530629,-0.09430512637232108,-0.022865353093448393,COOPERATIVA DE CRÉDITO DOS EMPRESÁRIOS DE MANAUS - SICOOB CREDEMPRESAS-AM
-0.03880035822184313,-0.10285275398872247,-0.005942562771846156,AF ESTADO DE PERNAMBUCO S.A. - PRUDENCIAL
-0.046001219559282304,-0.0957995503615561,-0.014603066738062467,SICOOB CREDICONSUMO - COOPERATIVA DE CRÉDITO
-0.04740372102646,-0.09413520948575513,-0.016395233167788098,COOPERATIVA DE ECONOMIA E CREDITO MUTUO DOS EMPREGADOS DAS EMPRESAS RANDON
-0.04732275600406971,-0.094181710466438,-0.020110004122964598,SICOOB CREDIMED - COOPERATIVA DE CRÉDITO DE LIVRE ADMISSÃO DA CIDADE DE UBERABA LTDA.
-0.047572067078630174,-0.09355948533532894,-0.016313632644749144,COOPERATIVA DE CRÉDITO DE LIVRE ADMISSÃO CENTRO NORDESTE - SICOOB CENTRO NORDESTE
-0.04816972154932214,-0.09291054771665241,-0.0152952965367045,COOPERÁGUIA - COOPERATIVA DE ECONOMIA E CRÉDITO MÚTUO DOS EMPREGADOS DO GRUPO ÁGUIA BRANCA
-0.046385697519369135,-0.095398370737188265,-0.016871054885765693,"COOPERATIVA DE ECONOMIA E CRÉDITO MÚTUO DOS SERVIDORES DA FUNDAÇÃO HOSPITALAR E EMPREGADOS DOS ESTABELECIMENTOS HOSPITALARES DE BELO HORIZONTE, REGIÃO METROPOLITANA E ZONA DA MATA LTDA.- SICOOB CECREF"
-0.04752797834231368,-0.0938256047132207,-0.017501944125835396,COOPERATIVA DE CRÉDITO - SICREDI COOMAMP
-0.04996595291116073,-0.09008711164028205,-0.007713001813034473,COOPERATIVA DE ECONOMIA E CRÉDITO MÚTUO DO GRUPO BASF
-0.051141434047667134,-0.08834955087403382,-0.005700983656854674,"COOPERATIVA DE CRÉDITO MÚTUO DOS EMPREGADOS DO MAGAZINE LUIZA, EMPRESAS CONTROLADAS E COLIGADAS - COOPLUIZA"
-0.0485777383804417,-0.09248949647836296,-0.00960921180271132,COOPERATIVA DE ECONOMIA E CRÉDITO MÚTUO DOS SERVIDORES PÚBLICOS DO ESTADO DE SÃO PAULO - CREDIPAULISTA
-0.03292298737281222,-0.1073813509480688,0.006581534996976643,FFCRED SCD - PRUDENCIAL
-0.02647543786335707,-0.1124746274430973,0.027329568213248587,DIRECAO S.A. CFI - PRUDENCIAL
-0.04723947213254109,-0.09422590013688495,-0.015963738097391354,COOPERATIVA DE CREDITO SICOOB COOPEC LTDA.
-0.04745905607613774,-0.09403736108013905,-0.017672769322831048,"COOPERATIVA DE CRÉDITO, POUPANÇA E INVESTIMENTO DA ADVOCACIA E SERVENTUÁRIOS DO PODER JUDICIÁRIO NO ESTADO DO RIO GRANDE DO SUL - SICREDI COOABCRED RS"
-0.04786521015514378,-0.09358703980874561,-0.01868921913420657,COOPERATIVA DE CRÉDITO CREDIPIMENTA LTDA. - SICOOB CREDIPIMENTA
-0.04710301370593233,-0.09474229256962907,-0.018675397840176442,COOPERATIVA DE CRÉDITO DE LIVRE ADMISSÃO DA REGIÃO SUL DO MARANHÃO - SICREDI SUL DO MARANHÃO
-0.04451418132174998,-0.09770842546800515,-0.012758165431554693,COOPERATIVA DE ECONOMIA E CRÉDITO MÚTUO DOS COLABORADORES DA VALE S.A LTDA. - SICOOB CREDIVALE
-0.046763149578688344,-0.09508929313248457,-0.021753754108330612,CREDISIS/CREDISUL COOPERATIVA DE CRÉDITO
-0.04917193773566493,-0.09141403351069283,-0.01312765169974947,COOPERATIVA DE ECONOMIA E CRÉDITO MÚTUO DOS FUNCIONÁRIOS DA CARGILL
-0.048003747148661347,-0.09316622385893861,-0.013568766065898307,"COOPERATIVA DE CRÉDITO, POUPANÇA E SERVIÇOS FINANCEIROS DE AGRICULTORES E AEROPORTUÁRIOS DO BRASIL - CREHNOR"
-0.026325512961832616,-0.11740841295018459,-0.007483500729183019,PAGOL SCD - PRUDENCIAL
-0.04754146797419453,-0.09372079295634018,-0.013164776006231801,COOPERATIVA DE ECONOMIA E CRÉDITO MÚTUO DOS EMPREGADOS DA CENTRAIS ELÉTRICAS DE SANTA CATARINA - CREDELESC
-0.030819402191116417,-0.11063643584091315,4.7510587100105505e-4,SCD CREDITAS - PRUDENCIAL
-0.025051038043417503,-0.11481628836865801,0.018667133407011736,ECONOMIA CI S.A.-ECONOMISA - PRUDENCIAL
-0.04085455456536493,-0.09484277389814769,0.03330740820764186,CREFAZ SCMEPP - PRUDENCIAL
-0.02953894160546238,-0.11232873670143334,0.003640167906916683,MOVA SEP - PRUDENCIAL
-0.03988177164457856,-0.10108612156433004,-0.00797514021055143,AG. FOMENTO ESTADO DO TOCANTINS - PRUDENCIAL
-0.04711277134587664,-0.09443495648744799,-0.014629261059796676,"COOPERATIVA DE CRÉDITO, POUPANÇA E SERVIÇOS FINANCEIROS"
-0.03361674624716487,-0.10615804687184469,0.008528391961391936,CAPITAL CONSIG SCD - PRUDENCIAL
-0.047396568653215704,-0.09418549386581002,-0.018097985235309283,COOPERATIVA DE CAPITAL E EMPRÉSTIMO COOPERMULTICRED - COOPERMC
-0.03519194421185964,-0.10375946460871549,0.013187091637762884,UY3 SCD - PRUDENCIAL
-0.04010003986373393,-0.1008428756053819,-0.00358172255390063,AFAL - PRUDENCIAL
-0.04852703847031138,-0.09263007184742417,-0.013334167978385075,COOPERATIVA DE ECONOMIA E CRÉDITO MÚTUO DOS EMPREGADOS DA MONDELEZ BRASIL E PHILIP MORRIS BRASIL - SICOOB COOPMOND
-0.04756232919198546,-0.09378583101249524,-0.01604938084577515,COOPERATIVA DE CRÉDITO MÚTUO DOS SERVIDORES PÚBLICOS - CREDI-SP
-0.032481961978102165,-0.10799781473316936,0.00823845195157888,INTEX BANK BCO CÂMBIO - PRUDENCIAL
-0.032682514943305936,-0.10742493681349402,0.010868346610299647,ARTTA SCD PRUDENCIAL
-0.04811121730392627,-0.09335561383076807,-0.014053279902871862,COOPERATIVA DE CRÉDITO RURAL DOS PLANTADORES DE CANA DE ALAGOAS
-0.047893244335565036,-0.09375873579847319,-0.017716278534421287,COOPERATIVA DE ECONOMIA E CREDITO MUTUO DOS MEDICOS E DEMAIS PROFISSIONAIS DA SAUDE DE JOACABA
-0.049980875705070024,-0.090316096001022,-0.009255629604233484,CREDISIS COOPERUFPA - COOPERATIVA DE ECONOMIA E CRÉDITO MÚTUO DOS SERVIDORES PÚBLICOS FEDERAIS E ESTADUAIS E DAS ENTIDADES DE ENSINO COM SEUS RESPECTIVOS FUNCIONÁRIOS NO ESTADO DO PARÁ
-0.03333594535306702,-0.10666165131588415,0.010345855874991068,BCO INDUSCRED DE INVESTIM. S/A - PRUDENCIAL
-0.0476377708673993,-0.09395536068301216,-0.019032982800409715,COOPERATIVA  ECONOMIA CRÉDITO MÚTUO  SERVS E EMPREGADOS PÚBLICOS MUNIC DE BELO HORIZONTE BETIM BRUMADINHO CONTAGEM IBIRITÉ NOVA LIMA RIBEIRÃO DAS NEVES SABARÁ SANTA LUZIA E VESPASIANO SICOOB CREDISERV
-0.03731506026778827,-0.10028735684362206,0.018604062959630244,GRAZZIOTIN FINANCEIRA - PRUDENCIAL
-0.03497982673972277,-0.10395536077021539,0.012580556963890545,VALOR CFI - PRUDENCIAL
-0.04784283524979742,-0.09378517857707139,-0.01794986136972107,COOPERATIVA DE CRÉDITO DE ITAPETININGA - SICOOB CRED-ACI
-0.047369163132655524,-0.09423303658635508,-0.015991017397316766,COOPERATIVA DE ECONOMIA E CRÉDITO MÚTUO SICOOB CRED-ACILPA
-0.03443965046130255,-0.10491628429231623,0.009629043083816959,J17 SCD - PRUDENCIAL
-0.04912237403041296,-0.0915945537131671,-0.01331726655527421,COOPERATIVA DE ECONOMIA E CRÉDITO MÚTUO DOS EMPREGADOS DO GRUPO COLORADO
-0.047806971638604444,-0.09368348901935339,-0.015787605405789887,COOPERATIVA DE ECONOMIA E CREDITO MUTUO DOS FUNCIONARIOS DA COMIGO
-0.01802744003558749,-0.13082680613614114,-0.038213940630321214,DANK SCD - PRUDENCIAL
-0.03114851699184188,-0.11022967764975788,0.004920460853517747,RED SCD - PRUDENCIAL
-0.029931369379829077,-0.11123289957024421,0.009604453299341316,SOMAPAY SCD - PRUDENCIAL
-0.04741765471671556,-0.09440771643330581,-0.016924600478758354,COOPERATIVA DE CREDITO DOS FORNECEDORES DE CANA E DEMAIS PRODUTORES RURAIS DO CENTRO DO ESTADO DE SAO PAULO - CREDICENTRO
-0.04859154777203234,-0.09259334405659594,-0.014321632282647961,COOPERATIVA DE ECONOMIA E CRÉDITO MÚTUO DOS FUNCIONÁRIOS DA FUNDAÇÃO ZERBINI E DA FUNDAÇÃO FACULDADE DE MEDICINA (FFM) - COOPINCOR
-0.04854675024680481,-0.09259449019682911,-0.014807515344945538,COOPERATIVA DE ECONOMIA E CRÉDITO MÚTUO DOS EMPREGADOS DO GRUPO SCHAEFFLER
-0.047214921489838635,-0.0944844878503816,-0.01757078124162668,MEDCRED COOPERATIVA DE CRÉDITO
-0.047456455727305606,-0.09426496220057973,-0.019202139913690994,COOPERATIVA DE CRÉDITO MÚTUO DOS SERVIDORES FEDERAIS NA PARAÍBA - SICOOB COOPERCRET
-0.04878893613490339,-0.09215286331344047,-0.012765825628990955,COOPERATIVA DE ECONOMIA E CRÉDITO MÚTUO DOS EMPREGADOS DA CBMM LTDA.
-0.04686763806838162,-0.09489763855357691,-0.014184740321576142,SERVICOOP - COOPERATIVA DE CRÉDITO DOS SERVIDORES PÚBLICOS ESTADUAIS E MUNICIPAIS DO RIO GRANDE DO SUL
-0.047162871113020303,-0.09443866182923448,-0.011787183536732962,COOPERATIVA    DE    ECONOMIA    E    CRÉDITO   MÚTUO  MINUANO
-0.032886916464431266,-0.10730761586795126,0.006434435371072469,TAMBASA SCD - PRUDENCIAL
-0.04710775529681296,-0.09473512352513687,-0.017205312732124285,COOPERATIVA DE CRÉDITO MÚTUO DO ABC - COOPER 7
-0.047597556418332396,-0.09413885491494084,-0.017754575869161654,COOPERATIVA DE ECONOMIA E CRÉDITO MÚTUO DOS SERVIDORES DA UNIVERSIDADE ESTADUAL DE CAMPINAS - COOPERUNICAMP
-0.0335771308141107,-0.1064076790276815,0.010145297354682727,MONEYCORP - PRUDENCIAL
-0.029926114821815654,-0.11220488026384054,-0.001622459876398803,TTSCD SCD  - PRUDENCIAL
-0.0315397505131896,-0.10965490526504115,0.004213525757863104,BCO CEDULA S.A. - PRUDENCIAL
-0.0325676949378876,-0.10804419636770818,0.007434307601914383,COMPREV CFI - PRUDENCIAL
-0.047944794421198006,-0.09363736110215973,-0.01709505225862537,COOPERATIVA DE CRÉDITO DOS FORNECEDORES DE CANA DE BARRA BONITA E REGIÃO
-0.048325337230197635,-0.09304517268563495,-0.015336160470852345,COOPERATIVA DE ECONOMIA E CRÉDITO MÚTUO DOS FUNCIONÁRIOS DA ERICSSON - COOPERICSSON
-0.04725573889472141,-0.09431149227836429,-0.014694230426159508,COOPERATIVA DE ECONOMIA CRÉDITO MÚTUO - SICOOB CREDSAÚDE
-0.03332450888031741,-0.10685189660584168,0.009354383246580585,PINTOS CFI - PRUDENCIAL
-0.047296651797510476,-0.09455098743314735,-0.018562679906043742,COOPERATIVA DE CRÉDITO MÚTUO DOS SERVIDORES DO MINISTERIO DA EDUCAÇÃO EM SÃO PAULO - COOPEMESP
-0.03246745977832786,-0.10813137269830567,0.006199635180191817,BANCO PORTO REAL DE INVEST.S.A - PRUDENCIAL
-0.047786820187297775,-0.09380295935503674,-0.016576764663897434,COOPERATIVA DE ECONOMIA E CRÉDITO MÚTUO DOS EMPREGADOS DAS EMPRESAS DO GRUPO ECONÔMICO RHODIA - CREDIRHODIA
-0.04666144082154118,-0.09542165466445476,-0.016827192703739068,COOPERATIVA DE CRÉDITO SICOOB CREDMETAL
-0.03265408506998747,-0.1079488723628694,0.005581945450129191,Z-ON SCD - PRUDENCIAL
-0.047461771463989444,-0.0944552262374192,-0.017944806161471843,CREBEL - COOPERATIVA DE ECONOMIA E CRÉDITO MÚTUO DOS COLABORADORES DAS EMPRESAS BELGO BEKAERT - CREBEL LTDA.
-0.04624315277470499,-0.09593474355500012,-0.017016842285412878,COOPERATIVA DE CREDITO RURAL DE IBIAM - SULCREDI/IBIAM
-0.03497138194106298,-0.10416888547412889,0.012728181110550742,BIGCASH SCD - PRUDENCIAL
-0.048699492185962034,-0.09247321118749613,-0.0146221644684644,COOPERATIVA DE ECONOMIA E CRÉDITO MÚTUO DOS FUNCIONÁRIOS DA TETRA PAK
-0.044977860741982345,-0.0971854839220699,-0.006016889401507769,"COOPERATIVA DE ECONOMIA E CRÉDITO MÚTUO DOS APOSENTADOS, PENSIONISTAS E IDOSOS - SICOOB COOPERNAPI"
-0.047850062993726475,-0.09384498079053971,-0.016766161974984706,COOPERATIVA DE ECONOMIA E CRÉDITO MÚTUO DOS TRABALHADORES DA CIA. DE PROCESSAMENTO DE DADOS DO ESTADO DE SÃO PAULO - CREDIPRODESP
-0.028927924657745747,-0.11371171960676996,-0.004359984680205676,SER FINANCE SCD - PRUDENCIAL
-0.03211146330758472,-0.10862494827085425,0.004032133249189082,GOLCRED - PRUDENCIAL
-0.04748451279984008,-0.09427290648495787,-0.018387846957812596,COOPERATIVA DE ECONOMIA E CRÉDITO MÚTUO DOS SERVIDORES PÚBLICOS DE PINHÃO - CRESERV CREDISIS
-0.03138789407922741,-0.10993982313472137,0.0011732882671652038,BONUSPAGO SCD - PRUDENCIAL
-0.04834026268818217,-0.09301262301966876,-0.016328465011717253,COOPERATIVA DE CRÉDITO MÚTUO DOS SERVIDORES DA ASSEMBLEIA LEGISLATIVA DO ESTADO DE SÃO PAULO - COOPERALESP
-0.047272651542713366,-0.09455740080692353,-0.01745151546580715,COOPERATIVA DE CRÉDITO DOS MAGISTRADOS DO ESTADO DO RIO DE JANEIRO LTDA. - MAGICREDI-RJ
-0.04829021733982668,-0.09310339588004807,-0.016294207818023432,COOPERATIVA DE ECONOMIA E CRÉDITO MÚTUO DOS FUNCIONÁRIOS DA VILLARES METALS
-0.047754944063954655,-0.09393585791580705,-0.01669824366548678,COOPERATIVA DE ECONOMIA E CRÉDITO MÚTUO DOS EMPREGADOS DA COMPANHIA BRASILEIRA DE ALUMÍNIO
-0.04695799048862829,-0.09516738041107389,-0.018442085015607016,COOPERATIVA DE ECONOMIA E CRÉDITO MÚTUO DOS COLABORADORES DO GRUPO EMPRESARIAL A COSTA LTDA.
-0.04784194002863272,-0.09386133254618914,-0.016618815730963327,COOPERATIVA DE ECONOMIA E CRÉDITO MÚTUO DOS EMPREGADOS DA AÇO MINAS GERAIS S.A. - AÇOMINAS E EMPRESAS SUBSIDIÁRIAS EM OURO BRANCO LTDA. - COOPAÇO
-0.048022462329249865,-0.09360530844517712,-0.016517904562747987,COOPERATIVA DE ECONOMIA E CRÉDITO MÚTUO DOS FUNCIONÁRIOS DO GRUPO OWENS-ILLINOIS DO BRASIL
-0.03152193703109605,-0.10972949764020168,0.0036625459808077047,SOCIAL BANK BANCO MULTIPLO - PRUDENCIAL
-0.04796897321946664,-0.09371834927369904,-0.01745817748521475,INDEPENDÊNCIA COOPERATIVA DE CRÉDITO E INVESTIMENTO - INDEPENDÊNCIA COOPERATIVA DE CRÉDITO
-0.0474288898184593,-0.09424980163974786,-0.014245103794864988,COOPERATIVA DE ECONOMIA E CRÉDITO MÚTUO DOS FUNCIONÁRIOS DO GRUPO JAL LTDA.
-0.04781528954483227,-0.09388923141401662,-0.01772326975065533,COOPERATIVA DE ECONOMIA E CRÉDITO MÚTUO DOS EMPREGADOS DAS EMPRESAS CONTROLADAS E COLIGADAS DA USINA SANTA ADELIA - USAGRO
-0.047416551713524734,-0.09447325172038179,-0.017248066165608065,COPERCRED - COOPERATIVA DE ECONOMIA E CRÉDITO MÚTUO DOS EMPREGADOS DAS EMPRESAS ZILLO LORENZETTI
-0.04788014852433348,-0.09378037485993049,-0.017583374181896205,COOPERATIVA DE ECONOMIA E CRÉDITO MÚTUO DOS SERVIDORES DA PREFEITURA MUNICIPAL DE ORLÂNDIA - CRED SERV
-0.047976958363522434,-0.09364275777940972,-0.017220719941214158,COOPERATIVA DE ECONOMIA E CRÉDITO MÚTUO DOS EMPREGADOS DAS EMPRESAS METALÚRGICAS DE MATÃO - METALCOOPERCRED
-0.047402227350020185,-0.09453257808198098,-0.01860225240520552,COOPERATIVA DE CRÉDITO DOS EMPREGADOS DA MINERAÇÃO RIO DO NORTE
-0.03246043706044537,-0.1082980884151005,0.004242268096871202,COBANSA CH S.A. - PRUDENCIAL
-0.04800022048394326,-0.0936225606209492,-0.016963043642663794,COOPERATIVA DE CRÉDITO DOS EMPREGADOS DE ELEVADORES ATLAS
-0.047288867914537215,-0.09445230714039654,-0.01492502743816274,COOPERATIVA DE CRÉDITO DOS SERVIDORES PÚBLICOS MUNICIPAIS DA GRANDE VITÓRIA/ES
-0.033018380886740646,-0.10734670059588156,0.007954984230491626,AG. FOMENTO ESTADO DE RORAIMA - PRUDENCIAL
-0.03269112613012889,-0.1079193758147736,0.005659648788964913,VIA CAPITAL SCD  - PRUDENCIAL
-0.04787879394314465,-0.09380089835030836,-0.017777660331516315,COOPERATIVA DE ECONOMIA E CRÉDITO MÚTUO DOS SERVIDORES PÚBLICOS MUNICIPAIS EM JOÃO MONLEVADE LTDA. - COPREMON
-0.047785665157819006,-0.09377826078531083,-0.015086729400438906,COOPERATIVA DE ECONOMIA E CRÉDITO MÚTUO DOS COLABORADORES DA CEBRACE
-0.046577552929964065,-0.09557239655125428,-0.0181811361732881,COOPERATIVA DE CRÉDITO E INVESTIMENTO UNINDÚSTRIA
-0.03244440051139919,-0.10832512444109083,0.004324312622306678,LISTO SCD - PRUDENCIAL
-0.04691448592418937,-0.09536470646667874,-0.020471528592746396,COOPERATIVA DE CREDITO RURAL DE GUACUI - CREDIGUAÇUÍ
-0.04740195580244221,-0.09451450698257652,-0.01893464665053796,COOPERATIVA DE CRÉDITO MÚTUO DOS POLICIAIS FEDERAIS E SERVIDORES PÚBLICOS NO ESPÍRITO SANTO - CREDFEDERAL
-0.04788551119863846,-0.0938782899984785,-0.01748709793766043,COOPERATIVA DE ECONOMIA E CRÉDITO MÚTUO DOS FUNCIONÁRIOS DA TICKET SERVIÇOS COMÉRCIO E ADMINISTRAÇÃO
-0.03203315794298133,-0.10856208636760306,0.007731761569626769,CDC SCD - PRUDENCIAL
-0.0479765122527156,-0.09366828390408902,-0.017494903397176298,COOPERATIVA DE ECONOMIA E CRÉDÍTO MÚTUO DOS FUNCIONÁRIOS DA MWM TUPY DO BRASIL
-0.04694143915742103,-0.0951700492956831,-0.019468960666191863,COOPERATIVA DE CRÉDITO E SERVIÇOS FINANCEIROS DE CURITIBA E REGIÃO METROPOLITANA
-0.04735756005670366,-0.09461833422306795,-0.018973824281121848,COOPERATIVA DE ECONOMIA E CRÉDITO MÚTUO DOS EMPREGADOS DA CEMIG E DAS INDÚSTRIAS METALÚRGICAS E DE MATERIAL ELÉTRICO E DOS SERVIDORES PÚBLICOS MUNICIPAIS DE JUIZ DE FORA LTDA. - SICOOB CECREMEC
-0.04762130580128349,-0.0942330853260542,-0.018289115749559992,"COOPERATIVA DE ECONOMIA E CRÉDITO MÚTUO DOS EMPREGADOS DA UNIÃO MARISTA DO BRASIL E SUAS ASSOCIADAS, PROVÍNCIA MARISTA BRASIL CENTRO-NORTE E UNIÃO BRASILEIRA DE EDUCAÇÃO CATÓLICA."
-0.03231626495759172,-0.10841650905385153,0.0061321571395538425,FAMILIA PAULISTA CI S.A. - PRUDENCIAL
-0.047276827137335234,-0.09458823243643513,-0.01739795590416543,COOPERATIVA DE ECONOMIA E CREDITO MUTUO DOS EMPREGADOS DE CHOCOLATES GAROTO LTDA. - CREDI-GAROTO
-0.04751582445169086,-0.09443101910629151,-0.018452189256068757,COOPERATIVA DE ECONOMIA E CRÉDITO MÚTUO DOS  EMPREGADOS DA TUPY MINAS GERAIS LTDA. E NEMAK ALUMÍNIO DO BRASIL LTDA.
-0.04773634906988737,-0.09405369736229441,-0.018023485487049795,COOPERATIVA DE ECONOMIA E CRÉDITO MÚTUO DOS EMPREGADOS DO SISTEMA FIERGS - CRESUL
-0.04786827465931434,-0.09384239849687095,-0.017783921984149048,COOPERATIVA DE ECONOMIA E CRÉDITO MÚTUO DOS FUNCIONÁRIOS PÚBLICOS MUNICIPAIS DE ITAPIRA - CREDITA
-0.048009133828496905,-0.09363442689508425,-0.017236403164665404,COOPERATIVA DE CRÉDITO COOPHARMA
-0.047591234701384655,-0.09430712789798021,-0.018386607324047455,COOPERATIVA DE ECONOMIA E CREDITO MUTUO DOS EMPREGADOS DO GRUPO BAYER LTDA
-0.04690335821261371,-0.09533903637363622,-0.020133203486601026,CREDISIS COOPESA - COOPERATIVA DE ECONOMIA E CRÉDITO
-0.03244306238054629,-0.10827368852061162,0.004898248449345169,BNK DIGITAL SCD - PRUDENCIAL
-0.04788187068325157,-0.09386950916249728,-0.01719210626261744,COOPERATIVA DE ECONOMIA E CREDITO MUTUO DOS SERVIDORES DA COMLURB LTDA
-0.04738688029218145,-0.09460906623540574,-0.019192674347018907,COOPERATIVA DE CRÉDITO DOS SERVIDORES PÚBLICOS MUNICIPAIS DE TIMÓTEO LTDA. - COOPERTIM
-0.04794175266565477,-0.09373514370542302,-0.017744278495224586,COOPERATIVA DE ECONOMIA E CRÉDITO MÚTUO DOS EMPREGADOS DO GRUPO SBF LTDA. - COOPER ATIVA SBF
-0.04753498452160458,-0.09437680063129925,-0.01883362747253381,COOPERATIVA DE ECONOMIA E CREDITO MUTUO DOS EMPREGADOS DE ELEVADORES ATLAS SCHINDLER LTDA.
-0.04778969227122397,-0.09398126080388683,-0.01807800259609882,COOPERATIVA DE ECONOMIA E CRÉDITO MÚTUO DOS EMPREGADOS DA NOVELIS
-0.04766560004455013,-0.09420706755738273,-0.017900183425025862,COOPERATIVA DE ECONOMIA E CRÉDITO MÚTUO DOS EMPREGADOS DA SAMARCO MINERAÇÃO S.A. LTDA - CREDISAM
-0.04783402029634137,-0.09392388354503689,-0.01787095383653639,COOPERATIVA DE ECONOMIA E CRÉDITO MÚTUO DOS FUNCIONÁRIOS DA ASTRAZENECA DO BRASIL
-0.04699221661097708,-0.09523056779190248,-0.020607493563735924,COOPERATIVA DE ECONOMIA E CRÉDITO MÚTUO DOS SERVIDORES MUNICIPAIS DE POÇOS DE CALDAS LTDA. - COOPOÇOS
-0.04739332186230366,-0.09459241645570488,-0.01854098758787917,COOPERATIVA DE ECONOMIA E CRÉDITO MÚTUO DOS SERVIDORES PÚBLICOS DO PODER EXECUTIVO FEDERAL NO ESTADO DO ESPÍRITO SANTO - CREDES
-0.032591040440883505,-0.10802710324335565,0.004596899025148346,SUDACRED SCD - PRUDENCIAL
-0.03231600607742265,-0.1084934092046364,0.004395370464703177,UNAVANTI SCD - PRUDENCIAL
-0.04770297418083409,-0.09409755836136327,-0.017881912712128217,COOPERATIVA DE ECONOMIA E CRÉDITO MÚTUO DOS SERVIDORES PÚBLICOS DA REGIÃO METROPOLITANA DE BELÉM - CREDISIS CREDBEM METROPOLITANA
-0.04715486002979356,-0.09498328885253249,-0.020483992780823385,COOPERATIVA DE ECONOMIA E CRÉDITO MÚTUO DOS SERVIDORES MUNICIPAIS DE ITABIRA LTDA. - SICOOB COSEMI
-0.04735244410612302,-0.09464264451184223,-0.018292978005951643,COOPERATIVA DE ECONOMIA E CRÉDITO MÚTUO DOS MEMBROS DO MINISTÉRIO PÚBLICO DE SÃO PAULO - PROMOCRED
-0.04778327451399608,-0.09402016415151651,-0.018087722038441917,COOPERATIVA DE ECONOMIA E CRÉDITO MÚTUO DOS EMPREGADOS DA CONFAB
-0.03199144425604667,-0.10895620151923352,0.003962249775665785,MONETARIE SCD - PRUDENCIAL
-0.04748791987288867,-0.09445625143108555,-0.019214433928067348,COOPERATIVA DE ECONOMIA E CREDITO MUTUO DOS SERVIDORES ESTATUTARIOS DA ADMINISTRAÇÃO DIRETA DO ESTADO DO ESPIRITO SANTO - COOPSERVIDOR ES
-0.04792907623791903,-0.09380640285667202,-0.017644922696071874,COOPERATIVA DE CRÉDITO MÚTUO DOS EMPREGADOS DA SKF E COLIGADAS
-0.047535541254996955,-0.09442565139075285,-0.018878979291460513,COOPERATIVA DE ECONOMIA E CRÉDITO MÚTUO DOS FUNCIONÁRIOS DO GRUPO COMOLATTI - SÃO PAULO
-0.047323714097998,-0.09480206152568213,-0.019297980103003154,COOPERATIVA DE ECONOMIA E CRÉDITO MÚTUO DOS EMPREGADOS DA JOYSON SAFETY SYSTEMS - COOPERJSS
-0.04764411670798015,-0.094258164429503,-0.01835236780561625,COOPERATIVA DE ECONOMIA E CRÉDITO MÚTUO DOS FUNCIONÁRIOS DO FLEURY
-0.04762362749441641,-0.09431731247397579,-0.018336086001262325,COOPERATIVA DE ECONOMIA E CRÉDITO MÚTUO DOS FUNCIONÁRIOS DO GRUPO LORENZETTI
-0.04770113965782391,-0.09414869475256707,-0.018590633091314146,COOPERATIVA DE ECONOMIA E CRÉDITO MÚTUO DOS FUNCIONÁRIOS DA BOMBRIL
-0.03236855640641024,-0.10846347779339693,0.004188870187762042,MICROCASH SCMEPP - PRUDENCIAL
-0.047411562241738155,-0.09446302244190583,-0.017969063707907133,COOPERATIVA DE ECONOMIA E CRÉDITO MÚTUO DOS ELETRICITÁRIOS E DOS TRABALHADORES DAS EMPRESAS DO SETOR DE ENERGIA - COOPCRECE
-0.04729515040226772,-0.09468317144313285,-0.018442273942106988,CREDJUST - COOPERATIVA DE CRÉDITO MÚTUO DOS INTEGRANTES DA JUSTIÇA DO TRABALHO DA 13- REGIÃO LTDA.
-0.03239054796248341,-0.10834915442221396,0.005127043341219942,CREDIFIT SCD - PRUDENCIAL
-0.04741066754023747,-0.09461517894709742,-0.01881405881798065,COOPERATIVA DE CRÉDITO RURAL DOS PLANTADORES DE CANA DA REGIÃO DE IGARAPAVA
-0.02399671564598216,-0.11629921713016061,0.018748224853296833,LEND SCD - PRUDENCIAL
-0.04779820569006779,-0.0940176830321415,-0.018106086715838632,COOPERATIVA DE CRÉDITO MÚTUO DOS EMPREGADOS DA PILKINGTON BRASIL
-0.032282345790815965,-0.10852148935276407,0.004807987698797869,GLOBAL SCM LTDA - PRUDENCIAL
-0.0323636139050076,-0.10832970961785884,0.005492249250155681,SOCIALCRED S/A SCMEPP - PRUDENCIAL
-0.03434403788391189,-0.10531231214639791,0.010049938096968055,ONCRED SCD - PRUDENCIAL
-0.032880884994473523,-0.10760729312321438,0.00590401966663501,BARU SCD - PRUDENCIAL
-0.04738805431448197,-0.0945456755538111,-0.018379558564198345,COOPERATIVA DE ECONOMIA E CRÉDITO MÚTUO DOS SERVIDORES DO DISTRITO FEDERAL LTDA. - COOSERVCRED
-0.04740826269454586,-0.0946197315593969,-0.018933855667888105,COOPERATIVA DE ECONOMIA E CRÉDITO MÚTUO DOS SERVIDORES DA SECRETARIA DE DEFESA SOCIAL DO ESTADO DE MINAS GERAIS LTDA. - COOPSESP
-0.03111648898049344,-0.11042584186777546,7.156549875599075e-4,GALLERIA SCD - PRUDENCIAL
-0.032328529501613766,-0.10848820540839618,0.005030020337062932,G5 SCD - PRUDENCIAL
-0.04735149704964263,-0.0947316471370418,-0.01944356123030866,NOSSA TERRA COOPERATIVA DE CRÉDITO DOS EMPREGADOS DAS EMPRESAS DE AGRONEGÓCIO E AFINS
-0.029783214251685376,-0.11041335005320813,0.02543688137195513,ALL IN CRED SCD - PRUDENCIAL
-0.033709456212633056,-0.10631197409214829,0.008229476943295623,ZM SCD PRUDENCIAL
-0.04738090036128427,-0.09466927756513341,-0.019543350467003257,COOPERATIVA DE ECONOMIA E CRÉDITO MÚTUO DOS FABRICANTES DE CALÇADOS DE SAPIRANGA LTDA.
-0.047522840886282114,-0.09447669005861606,-0.018873532441544744,COOPERATIVA DE CRÉDITO MÚTUO DOS SERVIDORES DA SEGURANÇA PÚBLICA DE SÃO PAULO - CREDIAFAM
-0.047368060721467056,-0.09468040301321612,-0.019792208137148798,COOPERATIVA DE ECONOMIA E CRÉDITO MÚTUO DOS FUNCIONÁRIOS DO GRUPO AVIBRAS - COOPER AVIBRAS
-0.047544535943306,-0.09432254530860829,-0.01773280962517579,COOPERATIVA DE ECONOMIA E CRÉDITO MÚTUO DOS TRABALHADORES NAS INDÚSTRIAS DE EXTRAÇÃO DE FERRO E METAIS BÁSICOS DA REGIÃO DE CONGONHAS LTDA. - COOFERSE
-0.0475233732832874,-0.09443895787044931,-0.0190992285281765,COOPERATIVA DE ECONOMIA E CRÉDITO MÚTUO DOS FUNCIONÁRIOS DA FACULDADE DE CIÊNCIAS AGRÁRIAS E VETERINÁRIAS - CAMPUS DE JABOTICABAL/SP - COOPERFAC
-0.03241307146274957,-0.10835098047054467,0.0039061683743673884,RAPIDIUM SCMEPP - PRUDENCIAL
-0.032384196704255776,-0.10834971176462913,0.005894791915907696,ATF SCD - PRUDENCIAL
-0.047629687224879216,-0.09427839067739474,-0.018802340097121617,COOPERATIVA DE ECONOMIA E CRÉDITO MÚTUO ALIANÇA - COOPERNITRO
-0.04737950274400176,-0.09459252369792395,-0.017649759784085343,CRETOVALE - COOPERATIVA DE ECONOMIA E CRÉDITO MÚTUO DOS TRABALHADORES DA VALE
-0.03256084682428915,-0.10811562634995017,0.004839382462572264,HSCM SCMEPP LTDA. - PRUDENCIAL
-0.03272585088307443,-0.1077050083318159,0.00811037552535049,UP.P SEP - PRUDENCIAL
-0.032447475778073574,-0.10831533178317582,0.004270598305251785,DAPPER SCD - PRUDENCIAL
-0.03250558318640947,-0.10821976940214342,0.005560106658541344,MULTICRED SCD - PRUDENCIAL
-0.03162032544728847,-0.10960394536927442,0.0021278948844321603,DUFRIO CFI - PRUDENCIAL
-0.047691410723024796,-0.09419240718707694,-0.018454285375493734,COOPERATIVA DE ECONOMIA E CRÉDITO MÚTUO DOS FUNCIONÁRIOS DA ELGIN
-0.04770408755761446,-0.09415988726066801,-0.018462515805847096,COOPERATIVA DE ECONOMIA E CRÉDITO MÚTUO DOS EMPREGADOS DO GRUPO TELEFÔNICA
-0.04640224379185907,-0.09550739266128619,-0.011383318736065325,COOPERATIVA DE ECONOMIA E CREDITO MUTUO DOS SERVIDORES DA EMPRESA BRASILEIRA DE CORREIOS E TELEGRAFOS LTDA
-0.03236591143401791,-0.10842504261256564,0.0042405142108464825,DGBK CREDIT SCD - PRUDENCIAL
-0.04755275085662171,-0.09441425632620143,-0.018938205370586186,COOPERATIVA DE ECONOMIA E CRÉDITO MÚTUO DOS SERVIDORES DA FACULDADE DE ENGENHARIA DE ILHA SOLTEIRA - COOPERFEIS
-0.03240924826903747,-0.10830053097669098,0.004581594601924563,SCB CRÉDITO SCMEPP - PRUDENCIAL
-0.04729441252109872,-0.09475040431195036,-0.018196533468451907,COOPERATIVA DE ECONOMIA E CRÉDITO MÚTUO DOS EMPREGADOS DA EATON
-0.032379708971037625,-0.10844416985816166,0.004637986846514094,GERU SCD - PRUDENCIAL
-0.047591769129845266,-0.09436965453157187,-0.018841315604962605,COOPERATIVA DE ECONOMIA E CRÉDITO MÚTUO DOS EMPREGADOS DA SAINT-GOBAIN DO BRASIL PRODUTOS INDUSTRIAIS E PARA CONSTRUÇÃO - DIVISÃO VIDRO PLANO
-0.04745323788413053,-0.09458539485599907,-0.019472602509903902,"COOPSEBRAE - COOPERATIVA DE CREDITO MUTUO DOS EMPREGADOS DO SEBRAE/PB, SEBRAE/RN, SESC/PB, SENAC/PB E SENAR/PB"
-0.03247912589077708,-0.10830726196823925,0.004064545635595637,PEAK SEP - PRUDENCIAL
-0.03283961594243178,-0.10758045557803325,0.007444033789744622,HBI SCD - PRUDENCIAL
-0.029105853829727142,-0.1135712736988243,-0.005190881436502283,SOLFÁCIL SCFI - PRUDENCIAL
-0.04747586449288552,-0.09451995264418583,-0.018609307735243746,COOPERATIVA DE ECONOMIA E CRÉDITO MÚTUO DOS EMPREGADOS DA MOSAIC FERTILIZANTES DE UBERABA - COPERURA LTDA.
-0.04754348536925479,-0.0944450075183482,-0.018924341056629712,COOPERATIVA DE CRÉDITO MÚTUO DOS FUNCIONÁRIOS DA RICLAN
-0.04745629317931373,-0.0945996219707759,-0.01917131361717217,COOPERATIVA DE ECONOMIA E CRÉDITO MÚTUO DOS EMPREGADOS DA MAGNESITA REFRATÁRIOS S.A. LTDA. - CECREM
-0.047479138366019205,-0.09454752162330823,-0.01933908062277881,COOPERATIVA DE ECONOMIA E CRÉDITO MÚTUO DOS FUNCIONÁRIOS DA OWENS CORNING FIBERGLAS AMÉRICA DO SUL
-0.04758233680504591,-0.09437880765481879,-0.018901174674775978,COOPERATIVA DE ECONOMIA E CRÉDITO MÚTUO DOS FUNCIONÁRIOS DAS EMPRESAS DO GRUPO DANA - COOPDANA
-0.047598343936000445,-0.094381735299392,-0.018810865608934135,COOPERATIVA DE ECONOMIA E CRÉDITO MÚTUO DOS FUNCIONÁRIOS DAS EMPRESAS ITAÚ
-0.04709552064639836,-0.09497927213778956,-0.0173211938141786,COOPERATIVA DE ECONOMIA E CREDITO MUTUO DOS EMPREGADOS DAS EMPRESAS DE TRANSPORTES COLETIVOS RODOVIÁRIOS DE PASSAGEIROS DO GRANDE RIO LTDA
-0.04736734736195938,-0.09472148529047522,-0.018810365752304326,COOPERATIVA DE ECONOMIA E CREDITO MÚTUO DOS PROFESSORES ESTADUAIS DA REGIÃO METROPOLITANA DE PORTO ALEGRE - EDUCREDI
-0.04754142244876708,-0.09447014827464198,-0.018788756402594836,COOPERATIVA DE ECONOMIA E CRÉDITO MÚTUO DOS FUNCIONÁRIOS DO GRUPO MAUÁ E EMPRESAS COLIGADAS LTDA. - COOPMAUÁ
-0.04762158404984054,-0.09429745661703842,-0.018536455307323424,COOPERATIVA DE CRÉDITO DOS EMPREGADOS DA COMPANHIA INDUSTRIAL CATAGUASES E DA BAUMINAS LTDA. - COOPECIC
-0.047648462671676994,-0.09429058780670954,-0.018703055016379172,COOPERATIVA DE CRÉDITO MÚTUO DOS EMPREGADOS DA FIAÇÃO ALPINA - COOPERALPINA
-0.046878338067328607,-0.09548470258397063,-0.02130267824885404,COOPERATIVA DE CRÉDITO RURAL DO AGRESTE ALAGOANO - COOPERAGRE
-0.04771449666849162,-0.0941770452595442,-0.01865869647000659,COOPERATIVA DE ECONOMIA E CRÉDITO MÚTUO DOS FUNCIONÁRIOS DAS EMPRESAS DE CERÂMICA - COOPASPACER
-0.028747780014780976,-0.11174090177205728,0.026972473863809635,MAGNUM SCD - PRUDENCIAL
-0.03474364528560669,-0.10473878886629581,0.011533141290981238,PERCAPITAL SCD - PRUDENCIAL
-0.04759594304629666,-0.09434754630346756,-0.018595372621894146,COOPERATIVA DE CRÉDITO MÚTUO DOS FUNCIONÁRIOS DAS EMPRESAS FERROVIÁRIAS NO ESTADO DE SÃO PAULO
-0.047580250638477525,-0.09436785328393937,-0.018538364717612055,COOPERATIVA DE ECONOMIA E CRÉDITO MÚTUO DOS EMPREGADOS DAS INDÚSTRIAS UNILEVER DO BRASIL
-0.03151042451724732,-0.1095719057448882,0.004311723521317509,FONTECRED SCD - PRUDENCIAL
-0.04761365423565825,-0.09435007380820801,-0.0188578932621154,COOPERATIVA DE ECONOMIA E CRÉDITO MÚTUO DOS FUNCIONÁRIOS DAS EMPRESAS MELHORAMENTOS DE SÃO PAULO - COOPERMEL
-0.046739319950436994,-0.09538194392761656,-0.01569719780690869,COOPERATIVA DE CRÉDITO DOS BANCÁRIOS DE SÃO PAULO E MUNICÍPIOS LIMÍTROFES
-0.03210114996317654,-0.1089032618228207,0.0030447662957191228,N26 SCD - PRUDENCIAL
-0.02591325908992636,-0.11857768918584877,-0.014920304354216315,HR DIGITAL SCD - PRUDENCIAL
-0.04736313259386471,-0.09465894248025047,-0.018422051825919467,COOPERATIVA DE ECONOMIA E CREDITO MUTUO DOS SERVIDORES MUNICIPAIS DO SUL FLUMINENSE LTDA.
-0.0474582546909498,-0.09458346550011365,-0.019290646192475225,COOPERATIVA DE ECONOMIA E CRÉDITO MÚTUO DOS EMPREGADOS DA RECKITT BENCKISER
-0.04747907736491801,-0.09455373780663012,-0.01900095475229649,COOPERATIVA DE ECONOMIA E CRÉDITO MÚTUO DOS FUNCIONÁRIOS DO GRUPO GERDAU - AÇOS FINOS PIRATINI
-0.03282425906128584,-0.10771766144257139,0.005811800898741534,BMS SCD - PRUDENCIAL
-0.032020672947754604,-0.10902198803730714,0.003395971220097829,TRYBE SCD - PRUDENCIAL
-0.04761185171910906,-0.09434593002097477,-0.018920276918604068,"COOPERATIVA DE ECONOMIA E CRÉDITO MÚTUO DOS EMPREGADOS DA CNC, SESC E SENAC ADMINISTRAÇÕES NACIONAIS LTDA."
-0.03216472604828915,-0.10877471655720822,0.005068326641810786,INTEGRAÇÃO DE CRÉDITO E COBRANÇA SCD - PRUDENCIAL
-0.04742651646301417,-0.0946590253713134,-0.019176055101571055,COOPERATIVA DE ECONOMIA E CRÉDITO MÚTUO DOS EMPREGADOS DA PRODAM/SP - CREDIPRODAM
-0.032227388053039256,-0.10866974251533074,0.004079931243144849,BANSUR JM SCD - PRUDENCIAL
-0.04712278197405909,-0.09496038251506851,-0.01754915155778309,COOPERATIVA DE CRÉDITO E INVESTIMENTO COM INTERAÇÃO SOLIDÁRIA DE TOLEDO E REGIÃO - CRESOL PRIMATO CREDI
-0.04742967055026159,-0.09457980407887073,-0.018532806325875145,COOPERATIVA DE ECONOMIA E CRÉDITO MÚTUO DOS SERVIDORES DA UNESP - COOPUNESP
-0.04745257970932487,-0.09460217837212459,-0.019294119562799278,COOPERATIVA DE ECONOMIA E CREDITO MUTUO DOS EMPREGADOS DOS LABORATORIOS B.BRAUN LTDA
-0.04720139998619512,-0.09500094830908787,-0.02007523164904873,COOPERATIVA DE CRÉDITO MÚTUO DOS SERVIDORES DE ÓRGAOS GESTORES DE RECURSOS HÍDRICOS DO ESTADO DE SÃO PAULO - COOPERHIDRO
-0.03234843657602827,-0.10850869107822012,0.004342692227495923,BAMAQ CAPITAL SCD - PRUDENCIAL
-0.03235780274344991,-0.10847700642550615,0.004089066603667898,ATICCA SCD PRUDENCIAL
-0.047469884561875036,-0.094592682499124,-0.019448286867359887,COOPERATIVA DE ECONOMIA E CRÉDITO MÚTUO DOS EMPREGADOS DAS EMPRESAS PLASCAR
-0.03226130060717474,-0.10862386786343292,0.0054944763821805935,NUMBRS SCD - PRUDENCIAL
-0.03237577676562712,-0.10844803696807451,0.004141688427781956,DAUX SCD - PRUDENCIAL
-0.047483723178394846,-0.09456609348447098,-0.01925744951168984,COOPERATIVA DE ECONOMIA E CRÉDITO MÚTUO DOS EMPREGADOS DA EMPRESA SUPERMERCADOS JAU SERVE - COOPERJS
-0.04746297500662956,-0.09459556541328773,-0.019375269902236147,"COOPERATIVA DE CRÉDITO MÚTUO DOS FUNCIONÁRIOS DA FIEP, SESI, SENAI, IEL E DO CONDOMÍNIO EDIFÍCIO AGOSTINHO VELLOSO DA SILVEIRA (CEAVS  - CREDFISP LTDA."
-0.04748480727310314,-0.094559915271769407,-0.019308908314979334,COOPERATIVA DE ECONOMIA E CRÉDITO MÚTUO DOS EMPREGADOS DE KYN COMÉRCIO VAREJISTA E ATACADISTA - COOPER KYN
-0.03248576142170952,-0.10828066240519643,0.0038542997246048287,CREDPAR SCD - PRUDENCIAL
-0.03232041132852575,-0.10847464725355532,0.005311712332825211,PALMA SCD - PRUDENCIAL
-0.032368104011644395,-0.1084558482546204,0.0041259994590855135,SOCRED S.A. SCM - PRUDENCIAL
-0.04755962326398658,-0.09437665141092627,-0.017992239989455067,COOPERATIVA DE ECONOMIA E CRÉDITO MÚTUO DOS COLABORADORES DA COOPEDER LTDA - COOPCREDER
-0.04725176273156545,-0.09485598379210353,-0.019167715650344613,COOPERATIVA DE ECONOMIA E CREDITO MUTUO DOS EMPREGADOS DE ESTABELECIMENTOS HOSPITALARES DO SUL DO ESTADO DO ESPIRITO SANTO - SULCRED
-0.03267815916878921,-0.10799991726683433,0.005130779570433261,INCO SEP - PRUDENCIAL
-0.04752804751753624,-0.0945045140231939,-0.019261054155992385,COOPERATIVA DE ECONOMIA E CREDITO MUTUO DOS SERVIDORES DA ASCAR/EMATER-RS LTDA-CRESAL
-0.03129334766220534,-0.11009453044479511,0.005487735191653023,VBS SCD - PRUDENCIAL
-0.04740478336876856,-0.09468648231311566,-0.01961292123587066,COOPERATIVA DE ECONOMIA E CRÉDITO MÚTUO DOS FUNCIONÁRIOS DA ACUMENT BRASIL
-0.046714030557754166,-0.09509463671181095,-0.012036944457003679,"COOPERATIVA DE ECONOMIA E CRÉDITO MÚTUO DOS EMPREGADOS DAS EMPRESAS SIDERÚRGICAS, METALÚRGICAS E ELETRO-MECÂNICAS DE JOÃO MONLEVADE LTDA. - CREDIBELGO"
-0.04740923669135949,-0.09469196011131051,-0.019620356015893986,COOPERATIVA DE ECONOMIA E CRÉDITO MUTUO DOS FUNCIONÁRIOS DE INSTITUIÇÕES FINANCEIRAS PUBLICAS E PRIVADAS NO TERRITÓRIO NACIONAL - CREDBRASIL
-0.035629437653931055,-0.10780867087817685,0.006985691763655293,VUON SCD - PRUDENCIAL
-0.04749512002567037,-0.094532962967078,-0.019136512907191372,COOPERATIVA DE ECONOMIA E CREDITO MUTUO DOS FUNCIONARIOS DO EXPRESSO PRINCESA DOS CAMPOS
-0.047240693902280625,-0.09484045906164185,-0.01863926895254084,COOPERATIVA DE ECONOMIA E CREDITO MUTUO DOS SERVIDORES DA UERJ LTDA. - COOPUERJ
-0.030671594921445063,-0.1109431072708345,0.011164094095596768,RV2 SEP - PRUDENCIAL
-0.03217911633004681,-0.10876663668598432,0.004604242590007054,E.SIGA SCD - PRUDENCIAL
-0.0324129227286516,-0.10841127822746402,0.004636863500630142,BRCONDOS SCD - PRUDENCIAL
-0.0324191783390955,-0.10839086961922142,0.004384023173244769,SETHI SCD - PRUDENCIAL
-0.032291804673568354,-0.10857543400912076,0.004014526396044496,ZIPDIN SCD - PRUDENCIAL
-0.03199764075708939,-0.10903270347878444,0.0034250148106605175,CASA CREDITO S.A. SCM - PRUDENCIAL
-0.047504045708211165,-0.09454644887471614,-0.019294046347996613,COOPERATIVA DE ECONOMIA E CRÉDITO MÚTUO DOS FUNCIONÁRIOS DA USINA SANTA MARIA - PILONCRED
-0.047420116157931166,-0.09465332993149905,-0.01902134040864717,"COOPERATIVA DE ECONOMIA E CRÉDITO MÚTUO DOS EMPREGADOS DA BECTON DICKINSON INDÚSTRIAS CIRÚRGICAS LTDA., LTDA."
-0.047495569959420225,-0.09455042861012469,-0.01925901759957993,COOPERATIVA DE ECONOMIA E CRÉDITO MÚTUO DOS FUNCIONÁRIOS DA NAKATA
-0.03243343141023906,-0.10838451362186721,0.004422990656318351,BFC SCD - PRUDENCIAL
-0.04751371001590404,-0.09449574916271536,-0.018988525857366267,COOPSERJ - COOPERATIVA DE CRÉDITO MÚTUO DOS SERVIDORES PÚBLICOS DO PODER EXECUTIVO DO ESTADO DO RIO DE JANEIRO LTDA.
-0.032349326234510235,-0.10851364890202053,0.004173133824864869,A55 SCD - PRUDENCIAL
-0.04727083053253557,-0.09479104804682925,-0.018310596147454283,COOPERATIVA DE ECONOMIA E CREDITO MUTUO DOS FUNCIONARIOS DA VIACAO NOSSA SENHORA DO AMPARO LTDA. - COPERFAMP
-0.03236264735093796,-0.10849196736755609,0.004432965732003083,SQUID SCD - PRUDENCIAL
-0.04740949313077622,-0.09468792850769975,-0.019190277612537388,COOPERATIVA DE ECONOMIA E CREDITO MUTUO DOS FUNCIONARIOS DA GKN DO BRASIL LTDA
-0.04744128292825685,-0.09464529039374833,-0.01941031773807103,COOPERATIVA DE ECONOMIA E CRÉDITO MÚTUO DOS EMPREGADOS DA JOLIMODE ROUPAS E EMPRESAS COLIGADAS LTDA
-0.047406365981426474,-0.09469014167838119,-0.019458423908370492,COOPERATIVA DE CRÉDITO DOS EMPREGADOS DAS EMPRESAS DO GRUPO INDORAMA NO BRASIL
-0.032151452101237564,-0.10882303629615903,0.003321204855737894,NEXOOS SEP - PRUDENCIAL
-0.04745742681345655,-0.09462067311694791,-0.019439878452022108,COOPERATIVA DE ECONOMIA E CRÉDITO MÚTUO DOS EMPREGADOS DO SEBRAE BAHIA LTDA.
-0.04730365780264858,-0.09478511636779413,-0.018855192296162785,COOPERATIVA DE CRÉDITO MÚTUO DOS EMPREGADOS EM INSTITUIÇÕES DO SISTEMA FINANCEIRO NAS REGIÕES DE SÃO PAULO E CAMPINAS (SP) - CREDISCOOP
-0.047214485154289436,-0.09489090972716516,-0.018509627109080277,COOPERATIVA DE ECONOMIA E CRÉDITO MÚTUO DOS EMPREGADOS DA PONTIFÍCIA UNIVERSIDADE CATÓLICA DO RIO DE JANEIRO E EMPREGADOS EM ESTABELECIMENTOS PRIVADOS DE ENSINO DO MUNICÍPIO DO RIO DE JANEIRO LTDA.
-0.047440805059915145,-0.09463476245691707,-0.01932324779506056,COOPERATIVA DE ECONOMIA E CREDITO MUTUO DOS SERVIDORES DO COLEGIO PEDRO II
-0.04734341107028181,-0.09479083445457728,-0.019990306706116207,COOPERATIVA DE ECONOMIA E CRÉDITO MÚTUO DOS FUNCIONÁRIOS DA EDUCAÇÃO E COMUNICAÇÃO
-0.03223780301644647,-0.10867362439815137,0.004975552056738416,CREDBRASIL - SCMEPP LTDA - PRUDENCIAL
-0.03985111406498789,-0.1016273254542754,-0.007506137666665109,HR SCMEPP LTDA. - PRUDENCIAL
-0.03254637663652423,-0.10819655912765155,0.004477135878462632,FINLEV SCD PRUDENCIAL
-0.03281332566934881,-0.10766804564327995,0.007127578556103245,EMCASH SERVICOS FINANCEIROS SEP - PRUDENCIAL
-0.03255017396340786,-0.10820166352341229,0.004633443562731795,PÓLOCRED SCMEPP LTDA. - PRUDENCIAL
-0.03230544123420858,-0.10858481424774785,0.004188947209227275,GIRO SCD - PRUDENCIAL
-0.04686460050214096,-0.09503203103999888,-0.013916994988967674,COOPERATIVA DE ECONOMIA E CREDITO MUTUO DOS TRABALHADORES EM CONSELHOS DE FISCALIZACAO PROFISSIONAL NO MUNICIPIO DO RIO DE JANEIRO LTDA.
-0.04745220842383016,-0.09463023481187788,-0.019432946320977834,"COOPERATIVA DE CRÉDITO DOS EMPREGADOS DA CBA ITAPISSUMA E EMPREGADOS DE EMPRESAS PRESTADORA DE SERVIÇOS INDUSTRIAIS, NO ESTADO DE PERNAMBUCO - CREDCOOPE"
-0.04748088093023481,-0.09459111013538787,-0.0195289497320279,COOPERATIVA DE ECONOMIA E CRÉDITO MÚTUO DOS EMPREGADOS DAS EMPRESAS SOMART LTDA.
-0.03238563787041903,-0.10845081876196472,0.004158817459204769,FINANCRED SCMEPP LTDA. - PRUDENCIAL
-0.03234168836799275,-0.10847114398424146,0.004762647212142593,CORPORE SCD - PRUDENCIAL
-0.047375057413966054,-0.09474317253149683,-0.01935699333924709,COOPERATIVA DE ECONOMIA E CRÉDITO MÚTUO DOS EMPREGADOS DO GRUPO PARAMOUNT
-0.03253612536404602,-0.10821537966810682,0.00449021685775389,BRCARD SCD - PRUDENCIAL
-0.047424964082168425,-0.09466543357353871,-0.019557549358230314,COOPERATIVA DE ECONOMIA E CRÉDITO MÚTUO DOS EMPREGADOS DA FUNDAÇÃO ARTHUR BERNARDES LTDA. - COOFAB
-0.03191878522125686,-0.10913948275360066,0.006127264388592099,FARMTECH SCD - PRUDENCIAL
-0.047443888217302096,-0.09463661553400127,-0.019595300042047376,COOPERATIVA DE ECONOMIA E CRÉDITO MÚTUO DOS SERVIDORES DA POLÍCIA MILITAR DO ESTADO DE SÃO PAULO DA REGIÃO CENTRO-OESTE PAULISTA - CREDMIL
-0.047624248729641924,-0.09435903540432208,-0.018779047428382156,COOPERATIVA DE CRÉDITO MÚTUO DOS TRABALHADORES DO SISTEMA FINANCEIRO DE CURITIBA E REGIÃO - COOPCREFI
-0.0474648817884563,-0.09460602093097312,-0.019484927383370793,COOPERATIVA DE ECONOMIA E CRÉDITO MÚTUO DOS EMPREGADOS DA PROLEC GE BRASIL TRANSMISSÃO DE ENERGIA S.A.
-0.04742747310063382,-0.09466815787014868,-0.019656719037131593,COOPERATIVA DE ECONOMIA E CRÉDITO MÚTUO DOS EMPREGADOS DAS EMPRESAS DE DIVERSÕES DO ESTADO DE SÃO PAULO
-0.032413503722598,-0.10826785509511175,0.006276801209458174,VNK SCMEPP - PRUDENCIAL
-0.032375151890605684,-0.1084815630029381,0.004098385750208519,ATLANTA SCM LTDA - PRUDENCIAL
-0.04668924031126777,-0.09527812653391679,-0.014360870330765801,"COOPERATIVA DE ECONOMIA E CRÉDITO MÚTUO SERVIDORES PÚBLICOS ATIVOS, INATIVOS E PENSIONISTAS DA ADMINISTRAÇÃO DIRETA, INDIRETA E ASSEMBLÉIA LEGISLATIVA DO ESTADO DO RIO GRANDE SUL - COOPSERGS"
-0.03233097060821353,-0.10855190739965848,0.003912165974015699,BIZCAPITAL SCD - PRUDENCIAL
-0.03225689427916848,-0.10867068850428316,0.0034330953074531182,BEZZ SCD - PRUDENCIAL
-0.04738954698494578,-0.09472092926721859,-0.01961408147712826,COOPERATIVA DE ECONOMIA E CRÉDITO MÚTUO DOS SERVIDORES DA PREFEITURA MUNICIPAL DE VOTORANTIM
-0.0474109097302038,-0.09469393792189207,-0.019657984626866798,COOPERATIVA DE ECONOMIA E CRÉDITO MÚTUO DOS EMPREGADOS DA INDÚSTRIA DE PAPÉIS SUDESTE LTDA . - CREDESTE
-0.03225002343594303,-0.10864262361677787,0.004305161316667197,LAMARA SCD - PRUDENCIAL
-0.031569413272812326,-0.10960164353921514,0.003518490889427131,FIDEM SCD - PRUDENCIAL
-0.0322235101220159,-0.10870636911104423,0.004336693483326967,EASY MONEY SCD - PRUDENCIAL
-0.04734657629930879,-0.09479855867444398,-0.019797242912295565,COOPERATIVA DE ECONOMIA E CRÉDITO MÚTUO DOS FUNCIONÁRIOS DO GRUPO VOTORANTIM LIMITADA.
-0.04734495535067919,-0.09473561711385203,-0.018844215198213304,COOPERATIVA DE CRÉDITO DOS EMPREGADOS DO GRUPO NEFFA E DEMAIS ESTABELECIMENTOS DO SETOR DE ALIMENTOS DA GRANDE VITÓRIA.
-0.047121271608897744,-0.09513327660170445,-0.020275908879307802,"COOPERATIVA DE CRÉDITO DOS FUNCIONÁRIOS DA PERPART, DO IPA E DA ADAGRO - COOPEMATER"
-0.04745796840214005,-0.09462846154800761,-0.019540931695174846,COOPERATIVA DE CRÉDITO DE CAPITAL E EMPRÉSTIMO DOS EMPREGADOS CELETISTAS DE COOPERATIVAS DOS ESTADOS DE SÃO PAULO E MINAS GERAIS - COCREUNI
-0.04737079159738394,-0.09474990691321136,-0.019426468363450827,"COOPERATIVA DE ECONOMIA E CREDITO MUTUO DOS EMPREGADOS NAS INDUSTRIAS QUIMICAS, FARMACEUTICAS E SIMILARES DA REGIAO METROPOLITANA DO RIO DE JANEIRO LTDA"
-0.04739414853087294,-0.09472455452943535,-0.019580586274847545,COOPERATIVA DE ECONOMIA E CREDITO MUTUO DOS TRABALHADORES DO GRUPO EMPRESARIAL ITATIAIA LTDA. - COOPERITA
-0.032567198747353775,-0.10818362560880745,0.004568174323676707,PROVU SCD - PRUDENCIAL
-0.03217269941566563,-0.10878041526406726,0.004634517406826885,NIXFIN SCD - PRUDENCIAL
-0.03219403577455034,-0.10872461978262785,0.004825791505494756,OPPENS SEP - PRUDENCIAL
-0.034186756207123685,-0.10586912482328226,-0.0038911173720560755,FIDO SEP - PRUDENCIAL
-0.04743386067554961,-0.09466323430934256,-0.019567137612204966,COOPERATIVA DE ECONOMIA E CRÉDITO MÚTUO DOS EMPREGADOS DA UNIFI - CREDIUNIFI
-0.04744415304828889,-0.09465153197235127,-0.019581186665709266,COOPERATIVA DE CRÉDITO DOS FUNCIONÁRIOS DO GRUPO PPG
-0.047408144299869684,-0.09468716507204394,-0.019372278991728553,COOPERATIVA DE ECONOMIA E CREDITO MUTUO DOS FUNCIONARIOS DA FMC LTDA
-0.032334442336478884,-0.10854095008611436,0.003984116166716514,FATORI SCMEPP - PRUDENCIAL
-0.032225491198297075,-0.10870088763553257,0.004117287617024348,QUEROCRED SCD - PRUDENCIAL
-0.04742049153752369,-0.0946833229513781,-0.01964997522125883,COOPERATIVA DE ECONOMIA E CREDITO MUTUO DOS EMPREGADOS DA CIA DE ELETRICIDADE DO ESTADO DO RJ CREDICERJ LTDA
-0.04746399919652827,-0.09460619573779666,-0.01933648662127757,COOPERATIVA DE ECONOMIA E CRÉDITO MÚTUO DOS EMPREGADOS DA MOSAIC FERTILIZANTES DO BRASIL - COCRESGO LTDA.
-0.04690339879691155,-0.09528311216842422,-0.01844122079368743,"COOPERATIVA DE CRÉDITO MÚTUO DOS EMPREGADOS DAS INDÚSTRIAS DO PAPEL, PAPELÃO E CORTIÇA DE OTACÍLIO COSTA, LAGES E CORREA PINTO - PAPELCREDI"
-0.032277443565518545,-0.10862230976223661,0.004636817850742078,KIKAI SCD PRUDENCIAL
-0.03234202743170148,-0.10852816321800152,0.004426705163650599,CF GROUP SEP - PRUDENCIAL
-0.04725698046382189,-0.09492582941948838,-0.019986573172038058,COOPERATIVA DE ECONOMIA E CREDITO MUTUO DOS EMPREGADOS DO COLEGIO SANTO INACIO - COESI
-0.047422995132647486,-0.09468514948056647,-0.019668478961955532,COOPERATIVA DE ECONOMIA E CRÉDITO MÚTUO DOS BANCÁRIOS DO TRIÂNGULO LTDA.
-0.04740882359215286,-0.09470358409272847,-0.019654116303859298,COOPERATIVA DE CRÉDITO DE CAPITAL E EMPRÉSTIMO DOS TRABALHADORES NAS EMPRESAS DE TECNOLOGIA E INFORMÁTICA DE BELO HORIZONTE E CIDADES LIMÍTROFES LTDA - COOPERINFOR
-0.03230397781053163,-0.10856730057778582,0.004208845769543171,FINAZO SCD - PRUDENCIAL
-0.046828854415379914,-0.09515858594203586,-0.015173733087175761,COOPERATIVA DE ECONOMIA E CRÉDITO MÚTUO DOS FUNCIONÁRIOS DA ASSEMBLÉIA LEGISLATIVA DO ESTADO DA PARAÍBA LTDA. -  COOPERLEGIS
-0.04742189783656958,-0.09468623671345969,-0.019629575131956123,COOPERATIVA DE ECONOMIA E CRÉDITO MÚTUO DOS BANCÁRIOS DE BELO HORIZONTE E REGIÃO METROPOLITANA LTDA. - COOPEB
-0.04737667625864872,-0.09475690026618833,-0.01955974915008654,COOPERATIVA DE ECONOMIA E CRÉDITO MÚTUO DOS FUNCIONÁRIOS DO BANESPA DE BOTUCATU E CIDADES LIMÍTROFES
-0.047402869508989226,-0.09471442940692645,-0.01959582419952663,COOPERATIVA DE ECONOMIA E CRÉDITO MÚTUO DOS BANCÁRIOS DE JUIZ DE FORA LTDA. - COCBAN
-0.047444555666784655,-0.09465796082480646,-0.019666781964773755,COOPERATIVA DE ECONOMIA E CRÉDITO MÚTUO DOS BANCÁRIOS DE SOROCABA E REGIÃO
-0.031708001919181945,-0.10955528472524526,6.132900451412984e-4,DELTA GLOBAL SCD - PRUDENCIAL
