PC1,PC2,PC3,banco
-51.5500717974878,3.908446574413975,3.474471077439782,BNDES - PRUDENCIAL
-27.38192001651492,-0.12014629807135468,0.867449666551457,BTG PACTUAL - PRUDENCIAL
-6.33983583300916,-1.6261876372101094,0.44533120919003305,XP - PRUDENCIAL
-12.988239140052192,-1.7169274470520386,-2.2668286140182556,SAFRA - PRUDENCIAL
-4.187164682557853,0.5572344092190791,0.35904244757311304,BCO COOPERATIVO SICREDI - PRUDENCIAL
-6.025545599663171,0.23221776773136546,-0.35989007843537,CITIBANK - PRUDENCIAL
-4.337335565092104,-0.1354261889879907,0.3905498234231611,BANCOOB - PRUDENCIAL
-9.145080050087266,-4.181740759386797,-8.699572918214788,BANRISUL - PRUDENCIAL
-6.36383664830029,0.3521580705369281,0.4230290735832179,VOTORANTIM - PRUDENCIAL
-5.347803636831583,-0.21874873776628123,0.4654245813189701,BANCO C6 - PRUDENCIAL
-3.6438863818848444,0.6952490399665782,0.4230519368065529,JP MORGAN CHASE - PRUDENCIAL
-2.343632450187883,-0.2400411164844613,0.05547947762715544,BANCO MASTER - PRUDENCIAL
-4.717660455726625,-0.8604009726779652,-0.4619738650838339,BCO DAYCOVAL S.A - PRUDENCIAL
-3.231885002754644,-0.07541250342104636,0.15057819620927318,INTER - PRUDENCIAL
-5.536304751293817,-1.48024668921425,-4.472895742291944,BCO DO NORDESTE DO BRASIL S.A. - PRUDENCIAL
-4.258742591906312,-3.0753133721061405,-3.5474787683012483,BRB - PRUDENCIAL
-2.457219112245035,0.5419552521716817,0.2050087474584668,ABC-BRASIL - PRUDENCIAL
-3.7117874723322863,-0.22656296533676246,-1.4495292609657537,BCO DA AMAZONIA S.A. - PRUDENCIAL
-3.443756867207156,0.6818871597220652,0.44229899959464003,VOLKSWAGEN - PRUDENCIAL
-2.439409393357707,0.4442755134309452,0.10122312307538676,BCO RABOBANK INTL BRASIL S.A. - PRUDENCIAL
-2.1209371448352377,-1.3371046338058195,-0.18992279302178033,BMG - PRUDENCIAL
-1.661094953315013,0.5592974757090551,0.3804871271917853,BOFA MERRILL LYNCH - PRUDENCIAL
-1.7097619499412497,-2.4868734285557674,-2.098558732200351,BANESTES - PRUDENCIAL
-1.4681447420309084,0.6159167235936396,0.34631167568931576,GOLDMAN SACHS - PRUDENCIAL
-2.3739390012108292,-5.357596789255154,-3.2889265124179614,AGIBANK - PRUDENCIAL
-0.9597374975970728,0.4868093970225166,0.3504863839921769,BNP PARIBAS - PRUDENCIAL
-0.7316473461830588,0.20992571086358253,0.3177968470883267,ORIGINAL - PRUDENCIAL
-0.890411808610899,0.4861151831377852,0.22796358215301418,BOCOM - PRUDENCIAL
-1.3892336473502085,0.5788394593090062,0.34030000763530666,BANCO CNH INDUSTRIAL CAPITAL S.A - PRUDENCIAL
-1.6042059258720998,0.2859502601958858,0.468003121453045,BCO CLASSICO S.A. - PRUDENCIAL
-1.7702779571334704,-5.21045832856584,-4.084001359459217,MERCANTIL DO BRASIL - PRUDENCIAL
-0.3243064200110057,-0.12975696460202957,0.35488488160889564,COOPERATIVA CENTRAL DE CRÉDITO DE MINAS GERAIS LTDA. - SICOOB CENTRAL CREDIMINAS
-1.471112169028252,0.5403566750501189,0.3244779357486325,BD REGIONAL DO EXTREMO SUL - PRUDENCIAL
-1.1756320098016984,0.5255578411441151,0.09444031492095371,UBS (BRASIL) - PRUDENCIAL
-0.8808015020352832,0.5375463205102626,0.32043626183527196,MORGAN STANLEY - PRUDENCIAL
-1.1276222180247868,0.11164938809994629,0.3003140249651979,PORTO SEGURO - PRUDENCIAL
-0.7724099746006321,0.38699464073064666,0.0640047353304449,BANK OF CHINA (BRASIL) - PRUDENCIAL
-1.1404348659659118,0.33759330605615867,0.3511206163652321,BCO CSF S.A. - PRUDENCIAL
-1.3827172356224051,0.5917144773683968,0.32809617511126626,STELLANTIS - PRUDENCIAL
-0.39017012744009044,0.35935352803153153,0.32072556164551896,BCO FIBRA S.A. - PRUDENCIAL
-1.008183905871535,0.5232194999692946,0.30115939311470524,MERCEDES-BENZ - PRUDENCIAL
-0.13495001037217233,0.4048846170763311,0.3413122358637737,CENTRAL DAS COOPERATIVAS DE ECONOMIA E CREDITO DO ESTADO DE MINAS GERAIS LTDA. - SICOOB CENTRAL CECREMGE
-0.14339516187555829,0.4917499617956755,0.3396651744751349,COOPERATIVA CENTRAL DE CRÉDITO DE SANTA CATARINA E RIO GRANDE DO SUL - SICOOB CENTRAL SC/RS
-2.0261356104665325,-1.4765689344472117,-2.9316833454667734,BCO DO EST. DO PA S.A. - PRUDENCIAL
-0.5372436903131769,0.5396999965913555,0.3019271635771197,CREDIT AGRICOLE - PRUDENCIAL
-1.092831483316159,-0.3369854613346571,0.32061714849331846,VOLVO - PRUDENCIAL
-0.6895849736790994,0.5069730542509169,0.30583818719270756,SCANIA - PRUDENCIAL
-0.8225096539438678,-1.395269576832154,-1.619652172908506,COOPERATIVA DE CREDITO CREDICITRUS
-0.3583068111023892,0.5294298016636146,0.18744410244055004,SCOTIABANK BRASIL - PRUDENCIAL
-0.8593249968057914,0.39118273926052904,0.30765579612182237,GM - PRUDENCIAL
-1.1140402289870277,0.5902654228928488,0.2949427309906402,HONDA - PRUDENCIAL
-0.2157149762447271,0.5192813888047852,0.2995151146336709,MIZUHO - PRUDENCIAL
-0.3147460083822848,0.4943985166430193,0.31276897920083757,DEUTSCHE - PRUDENCIAL
-0.9941829117800706,-1.0859487181247927,-1.42472042914819,COOPERATIVA DE CREDITO VALE DO ITAJAI - VIACREDI
-0.4523094508655372,0.3300615787329489,0.2871935577118535,BCO DE LAGE LANDEN BRASIL S.A. - PRUDENCIAL
0.0014839697286862874,0.4068593936850219,0.28431241125589884,BR PARTNERS - PRUDENCIAL
-0.020178241331099658,0.5069086856310191,0.3290714804161282,COOPERATIVA CENTRAL DE CRÉDITO DO ESTADO DE SÃO PAULO - SICOOB SÃO PAULO
-0.07428842318026202,-0.7978986364879223,0.346442071117328,COOPERATIVA CENTRAL DE CRÉDITO COM INTERAÇÃO SOLIDÁRIA - CENTRAL CRESOL BASER
-0.2806830528538837,0.5186048392203294,0.2940546738773551,BANCO HSBC - PRUDENCIAL
0.027021250046273308,-0.13632920125396297,0.2838644284529852,COOPERATIVA CENTRAL DE CRÉDITO UNICRED DO BRASIL - UNICRED DO BRASIL
-0.17960540199275715,0.5178410185223564,0.2764072596726381,BCO MUFG BRASIL S.A. - PRUDENCIAL
-0.6616321170633562,-0.8982596696259475,-0.8706793954673893,BCO DO EST. DE SE S.A. - PRUDENCIAL
-0.4041003491221683,0.5120055652261233,0.29396914132304885,BCO DES. DE MG S.A. - PRUDENCIAL
-0.3887987523416847,-0.43841445731319145,-0.3230461675243034,SICOOB COCRED COOPERATIVA DE CRÉDITO
-0.4399631047881141,-2.644050146595665,-1.396561054008603,"COOPERATIVA DE CRÉDITO, POUPANÇA E INVESTIMENTO DEXIS - SICREDI DEXIS"
-0.48374170748859635,0.3335966754822462,0.2965368201385821,BCO TOYOTA DO BRASIL S.A. - PRUDENCIAL
0.02878925919061157,0.16122832019394057,0.27637107867968674,COOPERATIVA CENTRAL DE CRÉDITO - AILOS
0.013379100284031458,0.26840107561075754,0.3231293512272043,COOPERATIVA CENTRAL DE CREDITO DO ESPIRITO SANTO - SICOOB CENTRAL ES
-0.537362749831943,-0.38969795016563646,-0.24770885353005737,"COOPERATIVA DE CRÉDITO, POUPANÇA E INVESTIMENTO OURO VERDE DO MATO GROSSO - SICREDI OURO VERDE MT"
-0.4372703634534676,-0.0809130799749147,0.2794740434775787,PARANÁ BANCO - PRUDENCIAL
-0.31259736581001013,-1.3034144487460975,-1.163744909924966,"COOPERATIVA DE CRÉDITO, POUPANÇA E INVESTIMENTO VALE DO PIQUIRI ABCD - SICREDI VALE DO PIQUIRI ABCD PR/SP"
-1.1801425030421582,0.15924877744753735,-0.7074980002354773,APE POUPEX - PRUDENCIAL
-0.5883383100583379,-0.2808005865376759,-0.37279690997323534,COOPERATIVA DE CRÉDITO CONEXÃO - SICOOB CONEXÃO
-0.44060620249872406,0.5268551743435637,0.29235234063430166,BCO INBURSA S.A. - PRUDENCIAL
-0.47619488382230096,-2.2793294263132147,-1.147912086793378,"COOPERATIVA DE CRÉDITO, POUPANÇA E INVESTIMENTO VANGUARDA - SICREDI VANGUARDA PR/SP/RJ"
-0.029009771820872166,0.5453809273614381,0.31858739647281703,"COOPERATIVA CENTRAL DE CRÉDITO, POUPANÇA E INVESTIMENTO DO SUL E SUDESTE - CENTRAL SICREDI SUL/SUDESTE"
-0.3370509962757324,-0.68471282067408,-0.4286017375027072,COOPERATIVA DE CRÉDITO SICREDI SERRANA RS/ES
-0.30744248163015653,-0.8284166130661869,-0.43149197621923807,"COOPERATIVA DE CRÉDITO, POUPANÇA E INVESTIMENTO CAMPOS GERAIS E GRANDE CURITIBA - SICREDI CAMPOS GERAIS E GRANDE CURITIBA PR/SP"
-0.28299811940799935,-0.7893397190552681,-0.5148552447664569,"COOPERATIVA DE CRÉDITO, POUPANÇA E INVESTIMENTO SICREDI PIONEIRA RS - SICREDI PIONEIRA RS"
-0.04249350132924182,0.5436641930447715,0.2660531289565211,BCO SUMITOMO MITSUI BRASIL S.A. - PRUDENCIAL
-0.38570488470930153,-1.3276708132596142,-1.2166235497887166,COOPERATIVA DE CRÉDITO MAXI ALFA DE LIVRE ADMISSÃO DE ASSOCIADOS - SICOOB MAXICRÉDITO
-0.3766976446056048,-1.4630529709859361,-1.3580479996772838,COOPERATIVA DE CRÉDITO DE LIVRE ADMISSÃO CENTRO BRASILEIRA LTDA.
-0.03880710934429214,-2.329348449966606,0.2930426409180055,BANCO DIGIMAIS - PRUDENCIAL
-0.36340499553438893,0.555359142497858,0.2960024796100723,BANCO PACCAR - PRUDENCIAL
-0.06237500686898188,0.5632705058452183,0.2257022744775417,SOCIETE GENERALE - PRUDENCIAL
-1.9505960464323293,-14.407829060141532,-16.166538869080902,CREFISA S.A. CFI - PRUDENCIAL
-0.23507669609428125,-0.38615200239916997,-0.45254036342419524,SISPRIME DO BRASIL - COOPERATIVA DE CRÉDITO
-0.22544053380345655,0.49102517295717885,0.2507310262417414,FACTA S.A. CFI - PRUDENCIAL
-0.2361854029270969,-1.2116906982934375,-0.8058254545875418,"COOPERATIVA DE CRÉDITO, POUPANÇA E INVESTIMENTO UNIÃO - SICREDI UNIAO RS/ES"
-0.2234202299109053,-1.6362666925537246,-1.1507235359687853,"COOPERATIVA DE CRÉDITO, POUPANÇA E INVESTIMENTO DO SUDOESTE MT/PA - SICREDI SUDOESTE MT/PA"
-0.06980020415423069,-1.7066748382109485,0.28261678964211245,BS2 - PRUDENCIAL
-0.2237047562436036,-0.17506782902667783,-0.4138060923478734,SICOOB CREDICOM - COOPERATIVA DE ECONOMIA E CREDITO MUTUO DOS MEDICOS E PROFISSIONAIS DA AREA DE SAUDE DO BRASIL LTDA.
-0.21939448743192777,-0.7913631312324768,-0.4801947422827101,"COOPERATIVA DE CRÉDITO, POUPANÇA E INVESTIMENTO DO CENTRO SUL DO MATO GROSSO DO SUL E BAHIA - SICREDI CENTRO-SUL MS/BA"
-0.15901536374340322,-1.221477067818336,-0.7639912122402688,"COOPERATIVA DE CRÉDITO, POUPANÇA E INVESTIMENTO UNIÃO DE ESTADOS RIO GRANDE DO SUL, SANTA CATARINA E MINAS GERAIS - SICREDI UNIESTADOS"
-0.09286452203627739,-0.7782205617164483,-0.4778683005707323,"COOPERATIVA DE CRÉDITO, POUPANÇA E INVESTIMENTO UNIÃO DOS ESTADOS DE MATO GROSSO DO SUL, TOCANTINS E OESTE DA BAHIA - SICREDI UNIÃO MS/TO"
-0.27532105654691685,-0.5242049118599995,-0.39807940542175513,COOPERATIVA DE CRÉDITO E INVESTIMENTO DO SUDOESTE  DA AMAZÔNIA LTDA - SICOOB CREDISUL
0.07196487423245988,-1.084763724239893,0.3299735364784956,CENTRAL SICOOB UNI DE COOPERATIVAS DE CRÉDITO
0.055235911227029866,0.4912281368560524,0.2999183348511511,"COOPERATIVA CENTRAL DE CRÉDITO, POUPANÇA E INVESTIMENTO DOS ESTADOS DO PARANÁ, SÃO PAULO E RIO DE JANEIRO - CENTRAL SICREDI PR/SP/RJ"
-0.18625422754390847,-0.06641705498058592,0.12082935041534372,INDUSTRIAL DO BRASIL - PRUDENCIAL
-0.23299773872118104,-0.08632588493438455,-0.23156141026966928,"COOPERATIVA DE CRÉDITO, POUPANÇA E INVESTIMENTO PLANALTO - SICREDI PLANALTO RS/MG"
-0.12443911612043498,-0.8026919195546582,-0.0362360076665007,"COOPERATIVA DE CRÉDITO, POUPANÇA E INVESTIMENTO SORRISO - SICREDI CELEIRO MT/RR"
-0.043543507011847796,0.1404213992998343,0.16915472591376016,OMNI - PRUDENCIAL
-0.1234803470789816,-0.5830814255321152,-0.58027492975109,COOPERATIVA DE CRÉDITO DE LIVRE ADMISSÃO DE ASSOCIADOS SÃO MIGUEL DO OESTE - SICOOB SÃO MIGUEL SC/PR/RS
-0.14240180953549908,0.49572106336551564,0.28969564678997595,BCO CATERPILLAR S.A. - PRUDENCIAL
-0.1835125520012285,-0.2629626292041943,-0.31534202500196445,COOPERATIVA DE CRÉDITO SUL-SERRANA DO ESPÍRITO SANTO
-0.15834221940997786,0.5387710121044257,0.2832002430133973,REALIZE CFI - PRUDENCIAL
-0.1783509695812825,0.5357678941993154,0.29508887542706624,MIDWAY S.A. - SCFI - PRUDENCIAL
-0.12401652734627787,0.11014953250128631,-0.04415157180615786,"COOPERATIVA DE CRÉDITO, POUPANÇA E INVESTIMENTO DA REGIÃO DOS VALES - SICREDI REGIÃO DOS VALES RS"
0.020650285121610962,-0.4743286619689147,-0.17477755938649903,"COOPERATIVA DE CRÉDITO, POUPANÇA E INVESTIMENTO DO ARAGUAIA E XINGU - SICREDI ARAXINGU"
0.06908241687468104,-1.5039525298587537,0.3390776022737707,CENTRAL DAS COOPERATIVAS DE CREDITO UNICOOB - SICOOB CENTRAL UNICOOB
0.1974733448071409,0.2604193616331909,0.3206035977065016,COOPERATIVA CENTRAL DE CRÉDITO E INVESTIMENTO COM INTERAÇÃO SOLIDÁRIA - CENTRAL CRESOL SICOPER
0.07003955333555933,-0.29328780581847697,0.3206093629928837,"COOPERATIVA CENTRAL DE CRÉDITO DE GOIÁS, DISTRITO FEDERAL E TOCANTINS LTDA. - SICOOB NOVA CENTRAL"
-0.22714290771643314,-0.07608915971442821,-0.26453336242694503,COOPERATIVA DE CRÉDITO DE LIVRE ADMISSÃO DO SUDOESTE GOIANO
-0.06140573991785805,-0.6434276545500348,-0.453275295294402,"COOPERATIVA DE CRÉDITO, POUPANÇA E INVESTIMENTO NORTE MATO-GROSSENSE E OESTE PARAENSE - SICREDI GRANDES RIOS MT/PA/AM"
0.12443436581898105,0.2960056006419066,0.2942243130039733,PEFISA S.A. - PRUDENCIAL
-0.04654644589186297,-1.3985333454748514,-0.566749751818815,COOPERATIVA DE CRÉDITO ALIANÇA RS/SC/ES - SICREDI ALIANÇA RS/SC/ES
-0.0909688921726267,-1.1244227695382518,-1.1686025091290404,COOPERATIVA DE CRÉDITO SICOOB METROPOLITANO
-0.07057518149770559,-0.45320520956157323,-0.1658922786948879,COOPERATIVA DE CRÉDITO ARACOOP LTDA. - SICOOB ARACOOP
0.04106885284895344,-0.6544458539473628,-0.19469811481524457,"COOPERATIVA DE CRÉDITO, POUPANÇA E INVESTIMENTO CELEIRO CENTRO OESTE - SICREDI CELEIRO CENTRO OESTE"
-0.01808649599390433,0.5652261149115435,0.2418931072239629,INTESA SANPAOLO BRASIL S.A. - PRUDENCIAL
-0.12469230409895815,-0.14897091560452766,-0.549887333442537,CREDICOAMO CREDITO RURAL COOPERATIVA
-0.004140908201800172,-0.8643629546340342,-0.680901883859429,"COOPERATIVA DE CRÉDITO, POUPANÇA E INVESTIMENTO CONEXÃO - SICREDI CONEXÃO"
-0.04188634576401271,-0.8313928704136506,-0.25993000360875773,"COOPERATIVA DE CRÉDITO, POUPANÇA E INVESTIMENTO INTERESTADOS - SICREDI INTERESTADOS RS/ES"
0.049976111034644784,-1.656391295320895,-0.3164992564707741,"COOPERATIVA DE CRÉDITO, POUPANÇA E INVESTIMENTO DA REGIÃO DA PRODUÇÃO - SICREDI REGIÃO DA PRODUÇÃO RS/SC/MG"
-0.03697890277161844,-0.8881530879410421,-0.2704007693092316,"COOPERATIVA DE CRÉDITO, POUPANÇA E INVESTIMENTO DA REGIÃO ALTOS DA SERRA - SICREDI ALTOS DA SERRA RS/SC"
0.20539850564901185,0.4673128233846706,0.2972289295152547,COOPERATIVA CENTRAL DE CRÉDITO E ECONOMIA COM INTERAÇÃO SOLIDÁRIA - CRESOL CENTRAL BRASIL
0.06502480823210686,-1.132792507400904,0.3311523998254321,"COOPERATIVA CENTRAL DE CRÉDITO, POUPANÇA E INVESTIMENTO DO CENTRO NORTE DO BRASIL - CENTRAL SICREDI CENTRO NORTE"
-0.02477798079663615,-0.6914005793852829,-0.24749674697045268,COOPERATIVA DE CRÉDITO DO VALE DO ITAJAÍ E LITORAL CATARINENSE - SICREDI VALE LITORAL SC
-0.003814782033988229,-1.1779904864700241,-0.19213217656176984,"COOPERATIVA DE CREDITO, POUPANÇA E INVESTIMENTO ALIANÇA - SICREDI ALIANÇA PR/SP"
0.20468177746300523,0.15953329948211367,0.32764237122923767,CONFEDERAÇÃO NACIONAL DAS COOPERATIVAS CENTRAIS DE CRÉDITO E ECONOMIA FAMILIAR E SOLIDÁRIA - CRESOL CONFEDERAÇÃO
-0.022823355698352334,-0.5084957714350619,-0.31929704872019427,COOPERATIVA DE CRÉDITO DE LIVRE ADMISSÃO DE ASSOCIADOS DO VALE DO CANOINHAS - SICOOB CREDICANOINHAS/SC
-0.0035287304519413987,-0.6022288562726179,-0.4270622275126567,"COOPERATIVA DE CRÉDITO, POUPANÇA E INVESTIMENTO DAS REGIÕES CENTRO DO RS E MG - SICREDI REGIÃO CENTRO RS/MG"
-0.06865664098931039,-0.19026590787550912,-0.34243441570506744,COOPERATIVA DE CRÉDITO SUL DO ESPÍRITO SANTO - SICOOB SUL
-0.06543895536106606,-0.32811102424389643,-0.4248890086642734,COOPERATIVA DE CRÉDITO DE LIVRE ADMISSÃO DO CENTRO SUL RONDONIENSE - SICOOB CREDIP.
0.12336080154995895,0.49878514907214144,0.2613031059880666,YAMAHA MOTOR - PRUDENCIAL
0.20023612045871103,0.47205657260200945,0.3085170292761807,COOPERATIVA CENTRAL DE CRÉDITO DO NORTE DO BRASIL - SICOOB NORTE
0.2934148669084481,-1.3182918784132494,0.2128969039674389,DM FINANCEIRA CFI - PRUDENCIAL
-0.018949238785751697,-0.14440858215462507,0.07587775641421385,RENDIMENTO - PRUDENCIAL
0.002388730662727933,-0.557420083145732,-0.2099059491793035,"COOPERATIVA DE CRÉDITO, POUPANÇA E INVESTIMENTO OURO BRANCO - SICREDI OURO BRANCO RS/MG"
0.12864851671810892,-0.17946819574488657,-0.025009602949064128,"COOPERATIVA DE CRÉDITO, POUPANÇA E INVESTIMENTO VALE DO CERRADO - SICREDI VALE DO CERRADO"
-0.23686524381722435,0.6402074389498501,0.13358030326032452,AF DESENVOLVE SP S.A. - PRUDENCIAL
0.010548436262676587,-0.9126591772253058,-0.36975222713460665,"COOPERATIVA DE CRÉDITO, POUPANÇA E INVESTIMENTO FRONTEIRAS DO PARANÁ, SANTA CATARINA E SÃO PAULO - SICREDI FRONTEIRAS PR/SC/SP"
0.03829078854089931,-2.062864361079059,0.128170570639753,GENIAL - PRUDENCIAL
0.09270130166097501,0.35117173973339755,0.27321794704616187,NOVO BCO CONTINENTAL S.A. - BM - PRUDENCIAL
0.04546072841657846,-0.194198443261886,-0.05147591751259856,"COOPERATIVA DE CRÉDITO, POUPANÇA E INVESTIMENTO ESSÊNCIA RS/ES - SICREDI ESSÊNCIA"
0.03996494016818807,-0.5501178196194987,-0.1255853150262946,"COOPERATIVA DE CRÉDITO, POUPANÇA E INVESTIMENTO SUL RIOGRANDENSE - SICREDI ORIGENS RS"
0.007274293112600357,-0.45571252052629113,-0.30887700878576374,"COOPERATIVA DE CRÉDITO, POUPANÇA E INVESTIMENTO DE IBIRAIARAS - SICREDI IBIRAIARAS RS/MG"
-0.019666858301319458,-0.8975828477970598,-0.2069609482731435,"COOPERATIVA DE CRÉDITO, POUPANÇA E INVESTIMENTO DE LAJEADO - SICREDI INTEGRAÇÃO RS/MG"
0.04567561697385908,-0.5389339149345542,-0.32477022557720514,COOPERATIVA DE CRÉDITO E INVESTIMENTO DE LIVRE ADMISSÃO AGROEMPRESARIAL - SICREDI AGROEMPRESARIAL PR/SP
0.062006352571555935,-0.3258795208825366,0.29301791679557965,BCO LUSO BRASILEIRO S.A. - PRUDENCIAL
-0.0037180747805179134,-0.4222358558521707,-0.2375953581212808,"COOPERATIVA DE CRÉDITO, POUPANÇA E INVESTIMENTO DO NORTE E NORDESTE DE SANTA CATARINA - SICREDI NORTE SC"
0.0761680092590294,0.04611237420157207,-0.013023031420457727,COOPERATIVA DE CRÉDITO UNICRED VALOR CAPITAL LTDA - UNICRED VALOR CAPITAL
-0.18901271241483406,0.6289454109403881,0.19946283323048727,AF PARANÁ - PRUDENCIAL
0.012218504471154296,-0.20464051293675425,-0.08700135625636049,COOPERATIVA DE CRÉDITO COOPERMAIS - SICOOB COOPERMAIS
0.009023163888697432,-0.9586889819672362,-0.5525845884540656,COOPERATIVA DE CRÉDITO DE LIVRE ADMISSÃO DO CENTRO NORTE BRASILEIRO
-0.007103106817690455,0.5027794969947004,0.256249916512433,BMW - PRUDENCIAL
0.046054192826148095,-1.173903608541264,-0.19680852989792533,"COOPERATIVA DE CRÉDITO, POUPANÇA E INVESTIMENTO REGIÕES DAS CULTURAS - SICREDI DAS CULTURAS RS/MG"
0.035275625785003206,-0.6243098750996481,-0.20657921451199068,"COOPERATIVA DE CRÉDITO, POUPANÇA E INVESTIMENTO IGUAÇU - SICREDI IGUAÇU PR/SC E REGIÃO METROPOLITANA DE CAMPINAS/SP"
0.03595909693064951,-0.4423327358105261,-0.23621981537199352,"COOPERATIVA DE CRÉDITO, POUPANÇA E INVESTIMENTO SICREDI EVOLUÇÃO - SICREDI EVOLUÇÃO"
0.005315023014424094,-1.2104399472605851,-0.39164034633531003,"COOPERATIVA DE CRÉDITO, POUPANÇA E INVESTIMENTO UNIVALES - SICREDI UNIVALES MT/RO"
0.09913301588075753,0.017559825168002932,0.10971781925583986,COOPERATIVA DE CRÉDITO SICOOB ENGECRED LTDA.
0.046358556022300476,0.48917135884113416,0.24045713654582185,COOPERFORTE COOPERATIVA DE CRÉDITO E INVESTIMENTOS LTDA
0.02452602715331603,0.4062981247250137,0.25241196047247894,BADESUL DESENVOLVIMENTO AF/RS - PRUDENCIAL
0.06601865211599983,-0.8207392820254398,-0.23346569769525005,"COOPERATIVA DE CRÉDITO, POUPANÇA E INVESTIMENTO DO PLANALTO CENTRAL - SICREDI PLANALTO CENTRAL"
0.06471347644049905,-1.1482342079747188,-0.3996750371647414,"COOPERATIVA DE CREDITO, POUPANÇA E INVESTIMENTO PARQUE DAS ARAUCARIAS - SICREDI PARQUE DAS ARAUCARIAS PR/SC/SP"
0.07128397591376436,-0.4088761159311334,-0.22539949909274337,"COOPERATIVA DE CRÉDITO, POUPANÇA E INVESTIMENTO INTEGRAÇÃO DE ESTADOS DO RIO GRANDE DO SUL, SANTA CATARINA E MINAS GERAIS - SICREDI INTEGRAÇÃO DE ESTADOS RS/SC/MG"
0.06092698028878104,0.7251862209278992,0.0012924112645500262,BCO CARGILL S.A. - PRUDENCIAL
0.10551960367132356,-0.3861531879029707,-0.09504745292486431,"COOPERATIVA DE CRÉDITO, POUPANÇA E INVESTIMENTO DO SUL DO ESTADO DE SANTA CATARINA - SICREDI SUL SC"
0.08960974993636682,-0.37906147337047746,-0.07588011602762823,COOPERATIVA DE CRÉDITO UNICRED UNIÃO LTDA - UNICRED UNIÃO
0.1584211421511891,0.6012698409350916,0.04669839547520348,BCO ABN AMRO CLEARING - PRUDENCIAL
0.13245550691773386,-0.3117705312173159,-0.039371924484938925,"COOPERATIVA DE CRÉDITO, POUPANÇA E INVESTIMENTO DE CAMPO GRANDE E REGIÃO - SICREDI CAMPO GRANDE MS"
0.0839839268718994,-0.2058997075852107,-0.17890090184937502,COOPERATIVA DE CRÉDITO DE LIVRE ADMISSÃO DE ASSOCIADOS DO ALTO URUGUAI CATARINENSE - SICOOB CREDIAUC
0.12541998074701174,-0.1709709787461762,0.02874342005179149,COOPERATIVA DE CRÉDITO UNICRED CENTRO-SUL LTDA - UNICRED CENTRO-SUL
0.053762408733497136,-0.23929156934729112,-0.2075639549841258,"COOPERATIVA DE CRÉDITO DE LIVRE ADMISSÃO DO MÉDIO PIRACICABA, CIRCUITO DO OURO, GRANDE BH E RIO GRANDE DO NORTE LTDA. -  SICOOB CREDIMEPI"
0.027243858233426312,0.4487804876684217,0.27596933009183394,RANDON - PRUDENCIAL
0.05524837550066406,-0.7056462139260046,-0.37644220534649664,"COOPERATIVA DE CRÉDITO, POUPANÇA E INVESTIMENTO RAÍZES - SICREDI RAÍZES RS/SC/MG"
0.06591145547206168,-0.09391807383544404,-0.15082860389957697,COOPERATIVA DE CRÉDITO AGROCREDI LTDA. - SICOOB AGROCREDI
-0.020784062145425233,0.591296792681739,0.08544694252714388,BMP SCMEPP LTDA - PRUDENCIAL
0.10895164789479904,-0.5675975394951576,-0.09517200745677208,COOPERATIVA DE CRÉDITO ROTA DAS TERRAS - SICREDI ROTA DAS TERRAS RS/MG
0.11084894881096859,-0.4292045538574699,-0.2406145963248903,COOPERATIVA DE ECONOMIA E CREDITO MUTUO DOS MEDICOS DE PORTO ALEGRE LTDA-UNICRED PORTO ALEGRE
0.05037849434826234,-0.6851230189245225,-0.13977371806900035,"COOPERATIVA DE CRÉDITO, POUPANÇA E INVESTIMENTO BOTUCARAÍ - SICREDI BOTUCARAÍ RS/MG"
0.07131814526387054,-0.5672518775637044,-0.11318890954319762,"COOPERATIVA DE CRÉDITO, POUPANÇA E INVESTIMENTO NOVOS HORIZONTES - SICREDI NOVOS HORIZONTES PR/SP/RJ"
0.06307196364336017,-1.3252350259614185,-0.058035608850848,"COOPERATIVA DE CRÉDITO, POUPANÇA E INVESTIMENTO INTEGRAÇÃO DO SUL DE MATO GROSSO, AMAPÁ E PARÁ - SICREDI INTEGRAÇÃO MT/AP/PA"
0.11044466197565933,0.434912031577852,0.29280288058262344,OURIBANK - PRUDENCIAL
0.09661021609963452,-0.3016528006106848,-0.1748767183377178,COOPERATIVA DE CRÉDITO CREDIVAR LTDA. - SICOOB CREDIVAR
0.11065194277781233,-1.5178749364519946,-0.2266265371231111,"COOPERATIVA DE CRÉDITO, POUPANÇA E INVESTIMENTO DO NOROESTE DE MATO GROSSO, ACRE E AMAZONAS - SICREDI BIOMAS"
0.17707343089022556,0.5493233342054046,0.20516471754458301,BCO KDB BRASIL S.A. - PRUDENCIAL
0.11517171707639116,-0.6233902560716881,-0.04888420212297924,"COOPERATIVA DE CRÉDITO, POUPANÇA E INVESTIMENTO PROGRESSO - SICREDI PROGRESSO PR/SP"
0.12792910078131545,0.2957568258325374,0.16269180409475248,COOPERATIVA DE CRÉDITO DE LIVRE ADMISSÃO DO PONTAL DO TRIANGULO LTDA - SICOOB CREDIPONTAL
0.07218807173952584,-1.076874242635132,-0.24598264033886968,"COOPERATIVA DE CRÉDITO, POUPANÇA E INVESTIMENTO CENTRO SUL - SICREDI CENTRO SUL PR/SC/RJ"
0.21083842780333586,-0.035374853296751725,0.2940847345484046,COOPERATIVA CENTRAL DE ECONOMIA E CRÉDITO SICOOB UNIMAIS RIO LTDA.
0.12268800734170347,-0.3472278519897713,-0.1184448460237885,COOPERATIVA DE CREDITO CREDIROCHAS - SICOOB CREDIROCHAS
0.14817585003348938,-0.4169730513545217,-0.1299875354422324,"COOPERATIVA DE CRÉDITO, POUPANÇA E INVESTIMENTO DO CERRADO DE GOIÁS - SICREDI CERRADO GO"
0.06233504152500229,-1.8089161935077593,-0.3130490130250348,"COOPERATIVA DE CRÉDITO, POUPANÇA E INVESTIMENTO PARANAPANEMA SERRANA PR/SP/RJ - SICREDI PARANAPANEMA SERRANA PR/SP/RJ"
0.06382579451117275,-0.5714820064675055,-0.06966088837925688,"COOPERATIVA DE CRÉDITO, POUPANÇA E INVESTIMENTO CONFIANÇA - SICREDI CONFIANÇA"
0.12460132253881293,0.1767850086559572,0.13676620483875054,COOPERATIVA DE CRÉDITO POUPANÇA E INVESTIMENTO PANTANAL DO MATO GROSSO DO SUL - SICREDI PANTANAL MS
0.11300209448335231,-0.13882196535864602,0.0676344382424971,"COOPERATIVA DE CRÉDITO, POUPANÇA E INVESTIMENTO DO VALE DO RIO PARDO - SICREDI VALE DO RIO PARDO RS"
0.1048906056133614,-0.09902467458678257,-0.11052866668024089,COOPERATIVA DE CRÉDITO DE LIVRE ADMISSÃO DE ASSOCIADOS SUL CATARINENSE - SICOOB CREDISULCA SC
0.09695540265612915,-0.6763513143038352,-0.23233592524578847,"COOPERATIVA DE CRÉDITO, POUPANÇA E INVESTIMENTO RIO PARANÁ - SICREDI RIO PARANÁ"
0.03509574282961219,-0.4332205611474028,-0.3523620631414241,COOPERATIVA DE CREDITO E INVESTIMENTO COM INTERACAO SOLIDARIA PIONEIRA - CRESOL PIONEIRA
0.11598937367190913,-0.1717869371475198,-0.298754761153891,COOPERATIVA DE CRÉDITO DOS EMPRESÁRIOS E EMPREGADOS DOS TRANSPORTES E CORREIOS DO SUL DO BRASIL - TRANSPOCRED
0.13021302318425876,-0.37334812227474307,-0.08496240272682495,"COOPERATIVA DE CRÉDITO, POUPANÇA E INVESTIMENTO CAMINHO DAS ÁGUAS RS - SICREDI CAMINHO DAS ÁGUAS RS"
0.06405155677869107,-0.9116843979805839,-0.38934972509496085,COOPERATIVA DE CRÉDITO SICOOB VALE SUL
0.1341675464595081,-0.6634431967086304,-0.14871564631417514,"COOPERATIVA DE CRÉDITO, POUPANÇA E INVESTIMENTO NORTE SUL - SICREDI NORTE SUL"
0.09504896027464844,-0.4721732457099023,-0.10399512589373199,COOPERATIVA DE CRÉDITO GERAÇÕES - SICREDI GERAÇÕES RS/MG
0.11198338382937031,-1.0685077276355819,-0.07087687376179141,"COOPERATIVA DE CRÉDITO, POUPANÇA E INVESTIMENTO SUL MINAS DO RIO GRANDE DO SUL E MINAS GERAIS - SICREDI SUL MINAS RS/MG."
0.11143810472105053,-0.3339883918550612,-0.04449319769850127,COOPERATIVA DE CREDITO DE LIVRE ADMISSÃO DE ASSOCIADOS ITAIPU SICOOB CREDITAIPU
0.14832377109633477,0.1623709652617328,0.26824477647810696,BCO GUANABARA S.A. - PRUDENCIAL
0.14271601775759474,0.018775889784526684,0.029731633646109222,COOPERATIVA DE CRÉDITO DE LIVRE ADMISSÃO DE ASSOCIADOS AURIVERDE -  SICOOB - CREDIAL SC/RS
0.11026643120105165,-0.6714514435377544,-0.3591405940338696,COOPERATIVA DE CREDITO DE LIVRE ADMISSÃO DO SUL DE MINAS LTDA - SICOOB CREDIVASS
0.1432899988829505,-0.845233572845339,-0.13091437540963793,"COOPERATIVA DE CRÉDITO, POUPANÇA E INVESTIMENTO NOSSA TERRA - SICREDI NOSSA TERRA PR/SP"
0.07617344515947333,0.01983579846892399,0.03409163048409176,"COOPERATIVA DE CRÉDITO, POUPANÇA E INVESTIMENTO CENTRO SERRA - SICREDI CENTRO SERRA RS"
0.15194628308711322,-0.23956787279684108,-0.20012706652504894,COOPERATIVA DE CRÉDITO DE LIVRE ADMISSÃO DE ASSOCIADOS DO VALE DO VINHO - SICOOB VALE DO VINHO
0.15636397860609413,0.18517606982828055,0.12484449775824555,COOPERATIVA DE CRÉDITO PRO
0.10345711638456315,-0.2416030745811057,-0.0738001802920653,"COOPERATIVA DE CRÉDITO, POUPANÇA E INVESTIMENTO DE ESPUMOSO - SICREDI ESPUMOSO RS/MG"
0.13992266734977377,0.5771130878710414,0.1940720927145655,BANCO IBM S.A. - PRUDENCIAL
0.23419172083575818,0.5478751349872082,0.2170767247728162,ICBC DO BRASIL BM S.A. - PRUDENCIAL
0.20618896170626375,0.29101782197546816,0.25770845773212697,BANCO TOPÁZIO S.A. - PRUDENCIAL
0.22991834376501094,-0.15580325938382378,0.05655186425485716,COOPERATIVA DE CREDITO DO ALTO PARANAIBA E REGIÃO LTDA. - SICOOB CREDIPATOS
0.10421244286396075,-0.46159987580845424,0.06217021061400907,COOPERATIVA DE CRÉDITO LITORÂNEA
0.12539726480592478,-0.2475058964683747,-0.2983711550800321,COOPERATIVA DE CRÉDITO SUL - SICOOB SUL
0.17282070622822512,0.47625409889637843,0.2726202694308035,BBC S.A. - PRUDENCIAL
0.14738367380891915,-0.7735564442514992,-0.10845693392138091,"COOPERATIVA DE CRÉDITO, POUPANÇA E INVESTIMENTO TERRA DOS PINHEIRAIS DO PARANÁ E NOROESTE PAULISTA - SICREDI PLANALTO DAS ÁGUAS PR/SP"
0.08987107919801464,0.5679226283925409,0.22676878813346407,CORA SCFI - PRUDENCIAL
0.22895591401707746,0.5108891185973543,0.2450992738696069,"COOPERATIVA CENTRAL DE CRÉDITO, POUPANÇA E INVESTIMENTO DE MATO GROSSO DO SUL, GOIÁS, DISTRITO FEDERAL E TOCANTINS - CENTRAL SICREDI BRASIL CENTRAL"
0.1692419292489027,-0.3485323509739175,-0.14951193805789154,COOPERATIVA DE CRÉDITO DE LIVRE ADMISSÃO DA REGIÃO CENTRAL E OESTE MINEIRO LTDA. - SICOOB DIVICRED
0.24044209101464117,-0.1004214060092053,0.31393936539310996,CREDISIS - CENTRAL DE COOPERATIVAS DE CRÉDITO LTDA.
0.1182407428286328,-0.6667543819922598,-0.6121716813000918,COOPERATIVA DE CRÉDITO SICOOB OURO VERDE
0.14882635817770043,-0.14880848802571628,-0.18336891617727857,COOPERATIVA DE CRÉDITO DE LIVRE ADMISSÃO DA ZONA DA MATA LTDA   SICOOB COOPEMATA
0.1385124568745311,-1.006261787010992,-0.21361733281539314,COOPERATIVA DE CRÉDITO SICOOB PRIMAVERA - SICOOB PRIMAVERA
0.09089301938817207,-1.8481490272339793,-0.16455941624662562,"COOPERATIVA DE CRÉDITO, POUPANÇA E INVESTIMENTO GRANDES LAGOS DO PARANÁ E LITORAL PAULISTA - SICREDI GRANDES LAGOS PR/SP"
0.0853029501221436,-0.7993687924281584,-0.453661906159397,COOPERATIVA DE CRÉDITO E INVESTIMENTO COM INTERAÇÃO SOLIDÁRIA RAIZ - CRESOL RAIZ
0.16856354798065268,-0.35304154210497296,0.0684543071694449,COOPERATIVA DE CRÉDITO DO NORTE CATARINENSE E SUL PARANAENSE - SICOOB CREDINORTE
0.1641386290016925,-0.18897079753453172,0.05939645085219508,"COOPERATIVA DE CRÉDITO DOS MÉDICOS, PROFISSIONAIS DA SAÚDE E EMPRESÁRIOS DE MATO GROSSO"
0.14270904607929238,-0.676548813586103,0.001907204896655372,COOPERATIVA DE CRÉDITO UNICRED DESBRAVADORA LTDA - UNICRED DESBRAVADORA
0.11369319322113029,-1.0168232498789787,-0.15779838711530997,COOPERATIVA DE CRÉDITO - SICREDI EXPANSÃO
0.12976531207959013,0.32118971075723335,0.23199902433921082,COOPERATIVA DE CRÉDITO DE EMPRESÁRIOS - SICOOB/TRANSCREDI
0.14391868883274725,-0.2462173666795932,0.05082788809363519,COOPERATIVA DE CRÉDITO DE LIVRE ADMISSÃO DO VALE - SICOOB CREDIVALE/SC
0.16394579809958315,-0.3330609450013155,-0.105148957079598,"COOPERATIVA DE CRÉDITO, POUPANÇA E INVESTIMENTO INTEGRAÇÃO - SICREDI INTEGRAÇÃO PR/SC"
0.17730137125571335,-0.3085681618425712,0.003063728993119845,COOPERATIVA DE CRÉDITO DE LIVRE ADMISSÃO DE ASSOCIADOS OESTE CATARINENSE
0.19650953888967593,0.4537837134469911,0.2256457239009108,CAIXA GERAL - PRUDENCIAL
0.09207127260271152,-0.6199772399842433,-0.19463619048288439,COOPERATIVA DE CRÉDITO E INVESTIMENTO COM INTERAÇÃO SOLIDÁRIA FRONTEIRAS PR/SC/SP/ES - CRESOL FRONTEIRAS PR/SC/SP/ES
0.16820621498316932,0.15109857410026317,0.2857617929215791,BANCO RIBEIRÃO PRETO - PRUDENCIAL
0.14608234412124466,-0.26348205632485733,-0.10720835811875351,"COOPERATIVA DE CRÉDITO, POUPANÇA E INVESTIMENTO VALE DO JAGUARI E ZONA DA MATA - SICREDI VALE DO JAGUARI E ZONA DA MATA RS/MG"
0.14541051343793976,-0.24725416236262196,-0.04673054223162326,COOPERATIVA DE CRÉDITO CREDILIVRE LTDA. - SICOOB CREDILIVRE
0.16211360975627656,0.5200855965162962,0.21557250732866964,BCO DES. DO ES S.A. - PRUDENCIAL
0.15207990570993032,-0.4398450648171049,-0.17530286752900776,COOPERATIVA DE CRÉDITO DA REGIÃO MERIDIONAL DO BRASIL - SICOOB UNICOOB MERIDIONAL
0.12230023833661857,-1.4196129062079743,-0.009169308135690809,"COOPERATIVA DE CRÉDITO, POUPANÇA E INVESTIMENTO VALOR SUSTENTÁVEL - SICREDI VALOR SUSTENTÁVEL PR/SP"
0.08165236298563261,-0.6129096494971832,-0.45862301193590443,COOPERATIVA DE CRÉDITO E INVESTIMENTO COM INTERAÇÃO SOLIDÁRIA DO VALE EUROPEU - CRESOL VALE EUROPEU
0.17149510660852002,-0.49942204298253906,-0.09236428510643893,COOPERATIVA DE CRÉDITO COCRE
0.14170529543525226,-1.5639407085289176,-0.06408984201489656,"COOPERATIVA DE CRÉDITO, POUPANÇA E INVESTIMENTO DA REGIÃO CENTRO OESTE PAULISTA - SICREDI CENTRO OESTE PAULISTA"
0.16478872262143868,-0.2030214156304376,0.14273348421155566,"COOPERATIVA DE CRÉDITO, POUPANÇA E INVESTIMENTO DO RIO GRANDE DO NORTE - SICREDI RIO GRANDE DO NORTE"
0.1096097615140768,-0.6803021539835357,-0.0200949452683262,COOPERATIVA DE CRÉDITO E INVESTIMENTO COM INTERAÇÃO SOLIDÁRIA TRADIÇÃO - CRESOL TRADIÇÃO
0.1598903273685931,0.37362496514063576,0.23921586469704986,BANCO BARI DE INVESTIMENTO E FINANCI. - PRUDENCIAL
0.11568212117999405,-1.3921713753914324,0.19554397571760126,CREDISIS PRIMACREDI COOPERATIVA DE CRÉDITO
0.10236685237166183,0.08420222968442848,0.10247312892153133,COOPERATIVA DE CRÉDITO DE LIVRE ADMISSÃO DA REGIÃO METROPOLITANA DE GOIÂNIA LTDA.
0.15423413510640746,-0.43194015037302663,-0.2427343360875678,COOPERATIVA DE CRÉDITO E ECONOMIA COM INTERAÇÃO SOLIDÁRIA - CRESOL NOROESTE
0.22831307584029786,-0.39817295529357505,-0.2485138589361812,SICOOB MANTIQUEIRA - COOPERATIVA DE CRÉDITO DE LIVRE ADMISSÃO
0.04591057006458166,0.6338493424646349,0.08507675928943742,HP FINANCIAL SERVICES AM S.A - PRUDENCIAL
0.19206454318403415,-0.08757249503339784,0.28557170810015226,CENTRAL DAS COOPERATIVAS DE CRÉDITO DO ESTADO DE SÃO PAULO - SICOOB CENTRAL CECRESP
0.17205679736903767,-0.19372672475968367,0.03711670087285023,COOPERATIVA DE CRÉDITO SUL-LITORÂNEA DO ESPÍRITO SANTO
0.25423552251357046,0.23294184338666524,0.2699854175736557,"CENTRAL DAS COOPERATIVAS DE CRÉDITO DOS ESTADOS DE MATO GROSSO, MATO GROSSO DO SUL E DO MUNICÍPIO DE CACOAL/RO - SICOOB CENTRAL RONDON"
0.22385702038157848,0.8724575185731053,-0.24992778724493334,STATE STREET BRASIL - PRUDENCIAL
0.14128678309090126,-0.17656319518450042,-0.1285896164400628,COOPERATIVA DE CRÉDITO DE LIVRE ADMISSÃO DO ALTO VALE DO ITAJAÍ - VIACREDI ALTO VALE
0.14648234847179661,-1.1293153041436637,-0.25127331430296246,COOPERATIVA DE CRÉDITO DE LIVRE ADMISSÃO DA UNIÃO DOS VALES DO PIRANGA E MATIPÓ LTDA. - SICOOB UNIÃO DOS VALES
0.1084315716339122,0.48788287690132603,0.27213586271715023,LEASEPLAN AM S.A. - PRUDENCIAL
0.15477913497595686,-0.8701644569376504,-0.25642956311271076,COOPERATIVA DE CRÉDITO CREDIGUAÇU - SICOOB CREDIGUAÇU
0.16374743549449985,-0.2638888847328104,-0.033836610264084424,COOPERATIVA DE CRÉDITO DE LIVRE ADMISSÃO DA REGIÃO DO CIRCUITO CAMPOS DAS VERTENTES LTDA - SICOOB COPERMEC
0.16198400218816553,-0.679310190056888,-0.22803381210041176,COOPERATIVA DE CREDITO CREDICERIPA - SICOOB CREDICERIPA
0.15378831173973798,-0.6214917655116777,-0.014851239426446563,COOPERATIVA DE ECONOMIA E CRÉDITO MÚTUO UNICRED INTEGRAÇÃO LTDA.
0.08981272710882207,0.6003540809824303,0.1625074998224152,AF DO ESTADO DE SC S.A. - PRUDENCIAL
0.10126152811110019,-0.7260355005241731,-0.31228699091226886,COOPERATIVA DE CRÉDITO E INVESTIMENTO COM INTERAÇÃO SOLIDÁRIA UNIÃO DOS VALES - CRESOL UNIÃO DOS VALES
0.22816764468924483,0.30900881767406874,0.29483805781814804,BANCO PAULISTA - PRUDENCIAL
0.16570977531477724,-0.3961999286429077,-0.12962046291714824,COOPERATIVA DE CRÉDITO ALTO VALE DO ITAJAÍ - SICOOB ALTO VALE
0.17465378551666777,0.30341075710527204,0.06332376380260549,BNY MELLON - PRUDENCIAL
0.1880322925321739,-0.44053425876605395,0.04628289506675533,COOPERATIVA DE CRÉDITO UNICRED VALE LTDA - UNICRED VALE
0.23211340456124638,0.5296438901912914,0.18985429328396808,BCO KEB DO BRASIL SA - PRUDENCIAL
0.1610663229138399,-0.2392082502065055,-0.06679236549426952,COOPERATIVA DE CRÉDITO COOPERAÇÃO - SICREDI COOPERAÇÃO
0.1603569562792669,-0.37302797989830633,-0.03433153177711344,COOPERATIVA DE CRÉDITO E INVESTIMENTO LIBERDADE - SICREDI LIBERDADE
0.16047643745429868,-0.21690626040693675,0.027689171064053785,COOPERATIVA DE CRÉDITO E INVESTIMENTO COM INTERAÇÃO SOLIDÁRIA UNIÃO - CRESOL UNIÃO
0.18018237008428487,0.5179762406733375,0.27385993889933485,QISTA S.A. CFI - PRUDENCIAL
0.21620830425271784,-0.2933330631097559,-0.17807193570026061,COOPERATIVA DE CRÉDITO UNICRED EVOLUÇÃO LTDA. - UNICRED EVOLUÇÃO
0.17570424199797915,-0.4532604074587277,-0.06168848272540682,COOPERATIVA DE CRÉDITO E INVESTIMENTO SICOOB CENTRO - SICOOB CENTRO
0.16243264313421904,-0.7192548263982096,-0.12005258956805749,COOPERATIVA DE CRÉDITO DA AMAZÔNIA - SICOOB AMAZÔNIA
0.18700215436617307,-0.24165347681638977,-0.23089406063856763,"COOPERATIVA DE CRÉDITO DOS MÉDICOS, DENTISTAS, PROFISSIONAIS DA ÁREA DE SAÚDE E DE LIVRE ADMISSÃO DO ESTADO DE SÃO PAULO LTDA. - UNICRED DO ESTADO DE SÃO PAULO"
0.2105683924965944,-0.3473251483430348,0.028392636929488718,COOPERATIVA DE ECONOMIA E CRÉDITO MÚTUO UNICRED ELEVA LTDA.
0.18623648471021306,-0.5635817077003775,-0.08431822292474406,COOPERATIVA DE CRÉDITO DO NORTE E NOROESTE DE MINAS GERAIS LTDA. - SICOOB CREDIGERAIS
0.23579995068957615,-0.025254316289333743,0.3143185143647367,COOPERATIVA CENTRAL DE CRÉDITO DA BAHIA LTDA - SICOOB CENTRAL BA
0.17845403991689474,-0.22997781619361954,-0.12656245031102353,SICREDI CEARÁ - COOPERATIVA DE CRÉDITO DO ESTADO DO CEARÁ
0.21065360530649618,0.21874018549626342,0.16436134886286258,COOPERATIVA DE CRÉDITO DE LIVRE ADMISSÃO DE ITAÚNA E REGIÃO LTDA - SICOOB CENTRO-OESTE
0.1948376714880417,-0.26698262523505373,0.011237682963535067,COOPERATIVA DE CRÉDITO CREDINTER LTDA. - SICOOB CREDINTER
0.15661150539095917,-0.6469186186806426,-0.006509868249420327,COOPERATIVA DE CRÉDITO COOPACREDI LTDA. - SICOOB COOPACREDI
0.14471091691456098,-0.6791143528271856,0.11582159633997269,COOPERATIVA DE CRÉDITO DE LIVRE ADMISSÃO DO OESTE MINEIRO LTDA. - SICOOB CREDICOPA
0.17340255520131453,0.5146032006441329,0.2712450676633304,BANCO MONEO S.A. - PRUDENCIAL
0.18927022247815684,-0.21998067745301014,0.007883825885816813,COOPERATIVA DE CRÉDITO DE LIVRE ADMISSÃO DE ASSOCIADOS DO PLANALTO CATARINENSE SICOOB CREDIPLANALTO SC/RS
0.15732846777368759,-1.3429354092347672,-0.1306592981336543,COOPERATIVA DE CRÉDITO DE LIVRE ADMISSÃO DO CENTRO NORTE DOS ESTADOS DE MATO GROSSO E MATO GROSSO DO SUL - SICOOB UNIÃO MT/MS
0.1646294301383369,-0.6876094590745466,-0.25039841139903884,COOPERATIVA DE CRÉDITO DE LIVRE ADMISSÃO SICOOB ARENITO PARANÁ / SÃO PAULO
0.16429279498399,-0.24600488554630653,-0.016126616931255514,COOPERATIVA DE CRÉDITO E INVESTIMENTO COM INTERAÇÃO SOLIDÁRIA CENTRO SUL RS/MS - CRESOL CENTRO SUL RS/MS
0.1612282898815946,-0.4243836900220812,-0.11771701541465592,COOPERATIVA DE CRÉDITO E INVESTIMENTO COM INTERAÇÃO SOLIDÁRIA INTEGRAÇÃO - CRESOL INTEGRAÇÃO
0.15765731047467854,-0.08142597599074965,0.11698003150197481,COOPERATIVA DE CRÉDITO DE LIVRE ADMISSÃO DA PARAÍBA - SICOOB PARAÍBA
0.18030459079661804,-0.7800278104748095,-0.09463584040843874,COOPERATIVA DE CRÉDITO DE LIVRE ADMISSÃO DO NORTE DE MATO GROSSO - SICOOB NORTE MT
0.17098863034676964,-1.0761704223625894,-0.11944625002336325,COOPERATIVA DE CRÉDITO DE LIVRE ADMISSÃO DE SÃO ROQUE DE MINAS LTDA.
0.21833434102313,0.1438988689872021,0.22452342369268286,COOPERATIVA DE CRÉDITO NOROESTE DE MINAS LTDA. - SICOOB NOROESTE DE MINAS
0.17518002003548566,-0.5165746665891536,-0.13560536338898324,COOPERATIVA DE CRÉDITO SICOOB CREDICAPITAL
0.2251735885703329,0.4002118959481025,0.27769254600530097,CHG-MERIDIAN DO BRASIL AM S.A. - PRUDENCIAL
0.18696368701851537,0.1275728542058315,0.05936942385585233,COOPERATIVA DE CRÉDITO DE LIVRE ADMISSÃO DE ASSOCIADOS - SICOOB CREDICARU SC/RS
0.16714086321390584,-0.8718894012769529,-0.38795620614339466,COOPERATIVA DE CRÉDITO INTEGRADO - SICOOB INTEGRADO
0.19057119267422662,-0.6890817879318908,-0.0766934674894538,COOPERATIVA DE CREDITO CREDISUDESTE LTDA. - SICOOB CREDISUDESTE
0.20234024614954926,-0.16109801497239495,-0.039022516227081444,COOPERATIVA DE CRÉDITO CREDIVERTENTES LTDA. - SICOOB CREDIVERTENTES
0.196127329052151,-0.33293086996923943,0.02258814338543307,COOPERATIVA DE CRÉDITO CREDICAF LTDA - SICOOB CREDICAF
0.19390205373127997,0.2287591229397834,0.1329755952079813,COOPERATIVA DE CRÉDITO CREDICOCAPEC
0.1625975654281616,-1.086752442525489,-0.20915407266702596,COOPERATIVA DE CRÉDITO CREDINOR LTDA - SICOOB CREDINOR
0.20223667813857818,-0.22964902077273056,0.12302679310785022,COOPERATIVA DE CRÉDITO NOSSOCRÉDITO LTDA - SICOOB NOSSOCRÉDITO
0.19955058796079309,0.49753691840594894,0.27721772271960565,BANCO KOMATSU DO BRASIL - PRUDENCIAL
0.2649154523109664,0.21676150986547205,0.2457497466178233,"COOPERATIVA CENTRAL DE CRÉDITO, POUPANÇA E INVESTIMENTO DO NORDESTE - CENTRAL SICREDI NORDESTE"
0.22127628580395503,-0.468326888571182,-0.1745515494461571,COOPERATIVA DE CRÉDITO DOS PROFISSIONAIS DA ÁREA DA SAÚDE E DE LIVRE ADMISSÃO LTDA - UNICRED ALIANÇA
0.26456160182155136,0.18108195012780723,0.30466225846617406,CENTRAL DAS COOPERATIVAS DE CRÉDITO DO NORDESTE - SICOOB CENTRAL NE
0.1733733546760806,-1.2513580159686473,-0.008920984808838751,COOPERATIVA DE CREDITO COOPLIVRE
0.23875024189003047,0.42127181205371134,0.287999521308374,BANCO SEMEAR - PRUDENCIAL
0.17693371242223227,-0.6694436356909252,-0.12717074550988078,COOPERATIVA DE CRÉDITO E ECONOMIA COM INTERAÇÃO SOLIDÁRIA DO PLANALTO SERRA DO RIO GRANDE DO SUL - CRESOL PLANALTO SERRA
0.2182993382392996,-0.13685764238103312,0.17829965079439825,COOPERATIVA DE CRÉDITO DE LIVRE ADMISSÃO DE ASSOCIADOS ITAPIRANGA - SICOOB CREDITAPIRANGA SC/RS
0.17433259719422942,-0.5571084094418961,0.004541876401165588,COOPERATIVA DE CRÉDITO E INVESTIMENTO COM INTERAÇÃO SOLIDÁRIA VANGUARDA - CRESOL VANGUARDA
0.16754469190683743,-0.42875130813514706,-0.005686001842190632,COOPERATIVA DE CRÉDITO E INVESTIMENTO COM INTERAÇÃO SOLIDÁRIA DA AMAZÔNIA - CRESOL AMAZÔNIA
0.2141646433816432,-0.17097443769391713,-0.044365028830345585,CREDISIS CREDIARI - COOPERATIVA DE CRÉDITO LTDA.
0.20853084134006805,-0.19545463739345328,-0.014143422809052548,COOPERATIVA DE CRÉDITO DE LIVRE ADMISSÃO TRÊS FRONTEIRAS - SICOOB TRÊS FRONTEIRAS
0.2283403991172983,0.37078616293993627,0.25881408227527697,COOPERATIVA DE CRÉDITO CREDISG LTDA. - SICOOB CREDISG
0.20172512551318744,-0.4507803549773764,-0.12158800800789214,COOPERATIVA DE POUPANÇA E CRÉDITO DO VALE DO RIO DOCE LTDA - SICOOB CREDIRIODOCE
0.18264712323501184,-0.2566955529119794,0.0351988399335883,COOPERATIVA DE CRÉDITO DE LIVRE ADMISSÃO DE ASSOCIADOS NOVA TRENTO   SICOOB TRENTOCREDI SC
0.1852154912945626,-0.1910641792561885,0.11263036411947726,COOPERATIVA DE CRÉDITO CREDIUNA LTDA - SICOOB CREDIUNA
0.19564557421127152,-0.08730413461490176,-0.0840495398515689,COOPERATIVA DE CRÉDITO DA FOZ DO RIO ITAJAÍ AÇU - CREDIFOZ
0.18799187276015222,-0.7715722827767232,0.08838014553523581,COOPERATIVA DE CRÉDITO CREDISETE LTDA. - SICOOB CREDISETE
0.18576890172971508,-0.523807773270677,-0.0515206728496473,COOPERATIVA DE CRÉDITO E INVESTIMENTO COM INTERAÇÃO SOLIDÁRIA DE MINAS GERAIS - CRESOL MINAS GERAIS
0.22473755319558628,0.164411099928334,0.11721567538789297,COOPERATIVA DE CRÉDITO CREDCOOPER LTDA - SICOOB CREDCOOPER
0.23312736454364474,-0.20074633384212331,-0.09728590936253184,CREDISIS JICRED - COOPERATIVA DE CRÉDITO DE LIVRE ADMISSÃO JICRED
0.21789431176067858,0.009023300351001275,0.17033088988802067,STARK SCD - PRUDENCIAL
0.2223137119178188,0.7667048672429263,-0.11613245170205307,BANCO B3 - PRUDENCIAL
0.19954681965081192,-0.42996460588018726,-0.007687065599856004,COOPERATIVA DE CRÉDITO EVOLUA
0.19450476544907155,-0.7348373263170537,0.061826752428669945,"COOPERATIVA DE CRÉDITO, POUPANÇA E INVESTIMENTO DO NOROESTE DO ESTADO DE SÃO PAULO - SICREDI NOROESTE SP"
0.22010789852440396,-0.23861851129660766,0.1323680982125423,COOPERATIVA DE CRÉDITO DE LIVRE ADMISSÃO DE ASSOCIADOS VALE DO RIO DO PEIXE - SICOOB CREDIRIO SC
0.2138136119167418,0.04388800878342223,0.17813865565662151,COOPERATIVA DE CRÉDITO DE LIVRE ADMISSÃO DA REGIÃO DE FRUTAL LTDA.   SICOOB FRUTAL
0.19898025850931464,-0.8604724437883382,0.1783665860261549,COOPERATIVA DE CRÉDITO CREDIFOR LTDA - SICOOB CREDIFOR
0.2352676221371129,0.013186752598442396,0.10962350742646086,COOPERATIVA DE ECONOMIA E CRÉDITO MÚTUO DOS MÉDICOS DOS VALES DO TAQUARI E RIO PARDO E REGIÃO DA PRODUÇÃO LTDA. - UNICRED PREMIUM
0.22341492888458137,-0.19000512568196745,0.05442175806783344,COOPERATIVA DE CRÉDITO DE LIVRE ADMISSÃO DE ASSOCIADOS VALE DO CHAPECOZINHO - SICOOB VALCREDI SUL
0.20809974378573523,-0.14265018616249248,0.18518754411768518,COOPERATIVA DE CRÉDITO CREDIBOM LTDA. - SICOOB CREDIBOM
0.21570901290292557,-0.016825028967749636,0.21691792970446594,COOPERATIVA DE CRÉDITO CREDICARPA LTDA. - SICOOB CREDICARPA
0.22780186164750918,-0.12088897671736673,-0.011952974158440806,COOPERATIVA DE CRÉDITO DE LIVRE ADMISSÃO DO ESTADO DE SÃO PAULO - SICOOB PAULISTA
0.2032300552080164,-0.38593014517530894,0.012788561447605522,COOPERATIVA DE CRÉDITO E INVESTIMENTO COM INTERAÇÃO SOLIDÁRIA LIDERANÇA - CRESOL LIDERANÇA
0.2070151821544994,-0.32445321974894636,0.022403013987628412,COOPERATIVA DE CRÉDITO UNIQUE BR
0.22329555958844563,-0.26578965511111796,-0.041815849618499185,COOPERATIVA DE CRÉDITO DO NORTE CATARINENSE - ACREDICOOP
0.2562795817961588,-0.7388851423575338,0.11278046168288446,COOPERATIVA DE CRÉDITO E CAPTAÇÃO SICOOB UNICIDADES
0.20438515797636694,-0.8266957445890611,-0.06435307694940226,COOPERATIVA DE CRÉDITO DE LIVRE ADMISSÃO UNIÃO E NEGÓCIOS - SICOOB INTEGRAÇÃO
0.27205442241709293,0.45069851817126194,0.2500563399918589,BCO WOORI BANK DO BRASIL S.A. - PRUDENCIAL
0.19124857905391654,-0.8251471831835947,0.008557719650923123,COOPERATIVA DE CREDITO NOSSO - SICOOB NOSSO
0.205221607687187,-0.13336865049732322,0.0741045402735157,COOPERATIVA DE CRÉDITO E INVESTIMENTO COM INTERAÇÃO SOLIDÁRIA PROGRESSO - CRESOL PROGRESSO
0.190155952758168,0.5873402450817238,0.183005972200217,NATURA &CO PAY SCD
0.1945926566018809,-1.0106247286097934,0.08151938326079977,COOPERATIVA DE ECONOMIA E CRÉDITO MÚTUO UNICRED PONTO CAPITAL - UNICRED PONTO CAPITAL.
0.2165334546611065,-0.4924617615885477,0.16072606509033033,"COOPERATIVA DE CRÉDITO, POUPANÇA E INVESTIMENTO DE ARARAQUARA E REGIÃO - SICREDI MORADA DO SOL SP"
0.20191122411757242,-0.6419271117984564,-0.06687501990062301,COOPERATIVA DE CRÉDITO DOS PROFISSIONAIS DOS CREAS E DEMAIS ÁREAS TECNOLÓGICAS - CREDCREA
0.2262114972214195,-0.13450737547730693,0.04460552996362633,COOPERATIVA DE CRÉDITO DE LIVRE ADMISSÃO DO VALE DO PARANAPANEMA
0.20842903227437157,-0.26513120269241447,0.09187664072561566,COOPERATIVA DE CRÉDITO ORIGINAL - SICOOB ORIGINAL
0.2178623811300698,0.46857557647659737,0.27568168106978785,STARA FINANCEIRA S.A. - CFI - PRUDENCIAL
0.24348705480735044,0.22481962011938667,0.26492178706667113,COOPERATIVA DE CRÉDITO CREDIPEU LTDA.  - SICOOB CREDIPEU
0.1980167002876708,-0.3435313997155252,-0.006175712992007406,COOPERATIVA DE CRÉDITO E INVESTIMENTO COM INTERAÇÃO SOLIDÁRIA ESSÊNCIA - CRESOL ESSÊNCIA
0.20219335727928361,-0.5005143028104935,-0.10705946780717833,COOPERATIVA DE CRÉDITO CREDIVALE LTDA - SICOOB CREDIVALE
0.20752698883506798,-0.1492416453495707,0.04395008799161833,COOPERATIVA DE CRÉDITO E INVESTIMENTO COM INTERAÇÃO SOLIDÁRIA NORTE PARANAENSE - CRESOL NORTE PARANAENSE
0.18296671489114674,-0.9425916790829004,-0.24017583760592842,COOPERATIVA DE CRÉDITO DE LIVRE ADMISSÃO DE PERNAMBUCO - SICOOB PERNAMBUCO
0.18114526204535572,-0.7537868481145242,0.2841006164200001,FATOR - PRUDENCIAL
0.19746778810009147,-1.2130850553119399,-0.2335401947193317,COOPERATIVA DE CRÉDITO DE LIVRE ADMISSÃO DE BELO HORIZONTE E CIDADES POLO DO ESTADO DE MINAS GERAIS LTDA. - SICOOB NOSSACOOP
0.1840102728044826,-0.2338346374303444,0.1317339241647075,COOPERATIVA DE CRÉDITO E INVESTIMENTO COM INTERAÇÃO SOLIDÁRIA TRIUNFO - CRESOL TRIUNFO
0.23960586992158223,0.04270855977082505,0.17695196585723175,COOPERATIVA DE ECONOMIA E CRÉDITO MÚTUO DOS PROFISSIONAIS DA SAÚDE DA REGIÃO DA ALTA MOGIANA - SICOOB CREDIMOGIANA
0.2076213812529523,-1.3117146006474543,0.03695287288773709,UNIPRIME PIONEIRA COOPERATIVA DE CRÉDITO
0.21840097628695038,0.029117932292085345,0.012843884577323259,COOPERATIVA DE CRÉDITO DE LIVRE ADMISSÃO DO VALE DO PARANAÍBA LTDA.
0.2444471153073441,0.09223300864820665,0.1911377795392026,"SICREDI RECIFE - COOPERATIVA DE CRÉDITO, POUPANÇA E INVESTIMENTO SICREDI RECIFE"
0.2302179248347637,0.2139821339053782,0.06493844497240939,COOPERATIVA DE CRÉDITO SICOOB CREDSEGURO LTDA.
0.20452702731902164,0.2912752404864243,0.15154672405510636,COOPERATIVA DE CRÉDITO DE LIVRE ADMISSÃO DO VALE DO ARAGUAIA LTDA.
0.24070377511477833,0.49187700544918134,0.2590895489379909,CSILATINA A.M. S.A. - PRUDENCIAL
0.21306447203460632,-0.6588643084021709,0.09890092226305343,COOPERATIVA DE CRÉDITO DE LIVRE ADMISSÃO DE ASSOCIADOS NOVOS CAMPOS - SICOOB NOVOS CAMPOS
0.22070814668071848,-0.27531192030240065,0.14387938234932598,"COOPERATIVA DE CRÉDITO, POUPANÇA E INVESTIMENTO SICREDI SERIGY - SICREDI SERIGY"
0.23619177276442754,0.31915577834151754,0.02689399781994984,COOPERATIVA DE CRÉDITO COOCRELIVRE
0.2201280886612478,-0.2706426882882186,0.12568034489033011,COOPERATIVA DE CRÉDITO DE PRODUTORES RURAIS E DE LIVRE ADMISSÃO DO TRIÂNGULO LTDA    SICOOB CREDITRIL
0.21907658483542736,0.7650392943088433,-0.07399104855816992,AGROLEND SCFI - PRUDENCIAL
0.18888095479402983,-0.90556938034438506,0.01332485880959191,COOPERATIVA DE CRÉDITO E INVESTIMENTO COM INTERAÇÃO SOLIDÁRIA HORIZONTE - CRESOL HORIZONTE
0.2309136429876291,-0.20133593555167104,0.13560707984214296,COOPERATIVA DE CRÉDITO POUPANÇA E INVESTIMENTO DA ALTA NOROESTE DE SÃO PAULO - SICREDI ALTA NOROESTE SP
0.2056068005575416,-0.6280879901496286,-0.037666436884115334,COOPERATIVA DE CRÉDITO E INVESTIMENTO COM INTERAÇÃO SOLIDÁRIA DO RIO GRANDE DO SUL - CRESOL RIO GRANDE DO SUL
0.23249324725181228,0.3793247593980847,0.23662813269878283,COOPERATIVA DE CRÉDITO DE LIVRE ADMISSÃO E DOS TRANSPORTADORES RODOVIÁRIOS DE VEÍCULOS - SICOOB CREDCEG
0.20507752654139563,-0.7555709273841751,0.19654132386971845,COOPERATIVA DE CRÉDITO UNIÃO CENTRO OESTE LTDA. - SICOOB UNIÃO CENTRO OESTE
0.19425050580266404,-0.8685910038740287,-0.09228969971634521,COOPERATIVA DE CREDITO DE LIVRE ADMISSAO DO CENTRO NORDESTE MINEIRO LTDA - SICOOB CREDICENM
0.22152626197019898,-0.11920090813535181,0.005728767288045743,COOPERATIVA DE CRÉDITO DA REGIÃO DO CONTESTADO - CIVIA
0.2192688147457824,-0.2954668667761116,4.012699133446702e-4,COOPERATIVA DE CRÉDITO CREDICOPE LTDA. - SICOOB CREDICOPE
0.210372947280447,-0.6776961175797979,-0.06561574263669043,COOPERATIVA DE CREDITO DE LIVRE ADMISSAO DO VALE DO AÇO LTDA - SICOOB VALE DO AÇO
0.219887966393234,-0.26141056783199274,0.191209891021482,COOPERATIVA DE CRÉDITO DE LIVRE ADMISSÃO DA REGIÃO DE  PARÁ DE MINAS LTDA - SICOOB CREDIRURAL
0.2376255514156338,0.07760136721177738,0.08857542801081328,COOPERATIVA DE CRÉDITO SICOOB EXTREMO SUL LTDA.
0.22173054476757512,-0.2647727455154336,-0.07735207098888025,SICOOB UNIMAIS METROPOLITANA - COOPERATIVA DE CRÉDITO DE LIVRE ADMISSÃO
0.24559680587424795,0.0532923403724103,0.12214737987898429,SICOOB CREDINOVA - COOPERATIVA DE CRÉDITO DE LIVRE ADMISSÃO DE NOVA SERRANA E REGIÃO CENTRO-OESTE LTDA.
0.20018967872150795,-1.1794551279338819,0.025572497773904312,COOPERATIVA DE CRÉDITO CREDPLUS LTDA. - SICOOB CREDPLUS
0.1892599974201624,-0.8619252632109317,0.05891294186982964,COOPERATIVA DE CRÉDITO E INVESTIMENTO COM INTERAÇÃO SOLIDÁRIA GRANDES LAGOS PR/SP - CRESOL GRANDES LAGOS PR/SP
0.2389313014454465,0.15008007702591972,0.23213789416455533,COOPERATIVA DE CRÉDITO DE LIVRE ADMISSÃO DE  LAGOA DA PRATA E REGIÃO LTDA.   SICOOB LAGOACRED GERAIS
0.2235746661509635,0.6104166012107214,0.11323611722911649,AGENCIA FOMENTO EST RJ S.A. - PRUDENCIAL
0.2228157378449198,-0.1570057048232049,0.11625890301582183,COOPERATIVA DE CRÉDITO DE LIVRE ADMISSÃO SICOOB UNIMAIS CENTRO LESTE PAULISTA - SICOOB UNIMAIS CENTRO LESTE PAULISTA
0.2335169779536849,0.5429479097190555,0.22713489531557546,BANCO XCMG BRASIL - PRUDENCIAL
0.21233697783007768,-0.466573000849712,0.14901224895693851,COOPERATIVA DE CRÉDITO CREDIARA LTDA - SICOOB CREDIARA
0.2589937926990299,0.488629835493392,0.26257701305814435,COOPERATIVA DE CRÉDITO CREDIFIEMG LTDA. - SICOOB CREDIFIEMG
0.246599889707052,0.11707688546949978,0.07679718581654804,COOPERATIVA DE CRÉDITO MÚTUO DOS ADVOGADOS DE SANTA CATARINA
0.22705394597321013,-0.2526913270324093,0.1534250366294266,COOPERATIVA DE CRÉDITO E INVESTIMENTO COM INTERAÇÃO SOLIDÁRIA CONEXÃO - CRESOL CONEXÃO
0.1991077296878804,-0.4627147926584409,0.26725661525183814,CREDIARE CFI - PRUDENCIAL
0.20180537084196631,-0.6349212455257685,0.24548496146948506,COOPERATIVA DE CRÉDITO DE LIVRE ADMISSÃO DA REGIÃO LESTE DA BACIA DO RIO DOCE LTDA   SICOOB CREDILESTE
0.20784249357414772,-0.8218661822353543,-0.03373985126354098,COOPERATIVA DE CRÉDITO  DE FRONTEIRAS  LTDA. - SICOOB FRONTEIRAS
0.21673252187735098,-0.5732616046744172,-0.02802707939642228,COOPERATIVA DE CRÉDITO CREDIMATA LTDA. - SICOOB CREDIMATA
0.23331117469803667,0.5323614962863135,0.2146161214018793,COOPERATIVA DE CRÉDITO RURAL COOPAVEL
0.2458694481609365,0.11776882144588863,0.21233394096943603,COOPERATIVA DE CRÉDITO DE LIVRE ADMISSÃO DA GRANDE GOIÂNIA LTDA.
0.23978706850660497,0.5185723986054266,0.2521070282927377,LEBES FINANCEIRA S.A. - CFI - PRUDENCIAL
0.24150270214498207,-0.2893855410769253,0.24753089114039473,COOPERATIVA DE CRÉDITO COPERSUL LTDA - SICOOB COPERSUL
0.25453773987381334,0.164787886030423,0.13454118880874452,COOPERATIVA DE CRÉDITO SICOOB 3 COLINAS
0.21914718607382905,-0.6569646950598821,0.23443618536859653,COOPERATIVA DE CRÉDITO DE LIVRE ADMISSÃO DE ASSOCIADOS DO MEIO OESTE CATARINENSE - SICOOB CREDIMOC SC
0.22307952962150537,-0.36672935574743953,-0.26662955313747994,COOPERATIVA DE CRÉDITO SICOOB ALIANÇA
0.20410181380503237,-0.42809856815079655,-0.06796478602224636,COOPERATIVA DE CRÉDITO CENTRO LESTE NORTE MARANHENSE - SICOOB CENTROLESTE
0.23265321635398303,-0.3136467268875468,0.010296006489679037,COOPERATIVA DE CREDITO CREDIMOTA   SICOOB CREDIMOTA
0.19985687081522763,-0.9231365614406293,-0.12897686606475278,COOPERATIVA DE CRÉDITO CREDIJEQUITINHONHA LTDA. - SICOOB CREDIJEQUITINHONHA
0.2380507928288454,0.055075274346833625,0.07550395847529937,COOPERATIVA DE CRÉDITO DO CENTRO SUL MINEIRO LTDA. - SICOOB CENTRO SUL MINEIRO
0.23911372945424317,-0.8405446155217418,0.15755375765655283,SICREDI NORTE - COOPERATIVA DE CRÉDITO
0.2517859959635333,0.13730487641815006,0.1177356261846544,COOPERATIVA DE CRÉDITO DA SERRA CATARINENSE - CREDICOMIN
0.22684759511864647,-0.3617345954313674,-0.17380850362701497,COOPERATIVA DE CRÉDITO SICOOB UNI SUDESTE
0.23687244210849182,0.5388770382330786,0.20119568619921555,BCO TRICURY S.A. - PRUDENCIAL
0.2334047156239573,-0.29115854225860843,0.22681180554156927,COOPERATIVA DE CREDITO DE LIVRE ADMISSAO DE PARA DE MINAS LTDA - SICOOB ASCICRED
0.2341467617988429,0.09677619488556838,0.21110754627889464,COOPERATIVA DE CREDITO DE LIVRE ADMISSÃO DO VALE DO SÃO PATRICIO LTDA.
0.23854774772114865,-0.0920170065531765,0.1635023674189376,COOPERATIVA DE CRÉDITO SICOOB MÉDIO OESTE
0.23840359869234345,-0.22312809896799593,0.11299520163990397,COOPERATIVA DE CRÉDITO CREDINACIONAL LTDA. - SICOOB CREDINACIONAL
0.22937178126307894,-0.36059719298611653,0.1894036637266913,COOPERATIVA DE CRÉDITO DE LIVRE ADMISSÃO DE SANTO ANTÔNIO DO MONTE LTDA.   SICOOB CREDIMONTE
0.2754436361689064,-0.1811897990061126,0.06664564985426338,COOPERATIVA DE CRÉDITO CREDSAOPAULO - SICOOB CREDSAOPAULO
0.2363135463816855,-0.2737037054303681,0.058706683860396486,COOPERATIVA DE CRÉDITO DE LIVRE ADMISSÃO DO TOCANTINS LTDA
0.23071649955487641,-0.39965380828041247,0.12501157453180606,COOPERATIVA DE CRÉDITO ARACREDI LTDA. - SICOOB ARACREDI
0.26651598479010247,0.24637052569830795,0.2635321109822951,COOPERATIVA DE CRÉDITO MONTECREDI LTDA. - SICOOB MONTECREDI
0.199572446943761,-1.7140137299176483,0.2851221290603715,UNIPRIME CENTRAL NACIONAL - CENTRAL NACIONAL DE COOPERATIVA DE CREDITO
0.17877518913507662,-1.3889456729618899,-0.012582438330148523,COOPERATIVA DE CRÉDITO E INVESTIMENTO COM INTERAÇÃO SOLIDÁRIA ATIVA - CRESOL ATIVA
0.294275417053077,1.3341262578847795,-0.9197921497498944,BBVA BRASIL BI S.A. - PRUDENCIAL
0.21755712443158992,-0.2500338923117976,0.03999023786732765,COOPERATIVA DE CRÉDITO E INVESTIMENTO COM INTERAÇÃO SOLIDÁRIA ORIGENS - CRESOL ORIGENS
0.20798798021661744,-0.8110658737636997,0.08885052129495802,COOPERATIVA DE CRÉDITO E INVESTIMENTO COM INTERAÇÃO SOLIDÁRIA TRANSFORMAÇÃO - CRESOL TRANSFORMAÇÃO
0.23935638962848962,-0.0444635450272512,0.09211203068398797,COOPERATIVA DE CREDITO DE LIVRE ADMISSAO DE RUBIATABA E REGIAO LTDA
0.27688509559321034,0.46855270333141774,0.27662885919363817,COOPERATIVA DE CRÉDITO DE LIVRE ADMISSÃO DE BOA ESPERANÇA LTDA. - SICOOB BELCREDI
0.23641965756712385,0.04311110153420044,0.04411255739594412,COOPERATIVA DE CRÉDITO E INVESTIMENTO COM INTERAÇÃO SOLIDÁRIA VALE DAS ÁGUAS PR/MG - CRESOL VALE DAS ÁGUAS PR/MG
0.25339011644782095,0.02013907901882726,0.23354380311693512,COOPERATIVA DE ECONOMIA E CRÉDITO MÚTUO UNICRED PROSPERAR LTDA. - UNICRED PROSPERAR
0.223550011573081,-0.3491353706432584,0.039069989292705457,COOPERATIVA DE CRÉDITO E INVESTIMENTO COM INTERAÇÃO SOLIDÁRIA COOPERAR - CRESOL COOPERAR
0.23993287816250916,-0.2705334944723755,0.04613142227160489,COOPERATIVA DE CRÉDITO CREDIVERDE LTDA. - SICOOB CREDIVERDE
0.17898131626661903,-1.6483618171573888,0.2269213981696477,COOPERATIVA DE CRÉDITO DE LIVRE ADMISSÃO DO ALTO SÃO FRANCISCO LTDA.
0.19568437963259105,0.22633795140235347,-0.13489040970533717,COOPERATIVA DE CRÉDITO MÚTUO DOS EMPREGADOS DA EMBRAER- SICOOB COOPEREMB
0.20872063490386145,-1.0237608404004679,0.03467817180564658,SICOOB AC CREDI - COOPERATIVA DE CRÉDITO DE LIVRE ADMISSÃO DO LESTE E NORDESTE MINEIRO LTDA.
0.22572279081626342,-0.4930573418437229,0.21448830244480385,COOPERATIVA DE CRÉDITO DE LIVRE ADMISSÃO DO VALE DO RIO GRANDE LTDA. - SICOOB UBERABA
0.24637619661435758,0.12162071383261047,0.05759113209913852,COOPERATIVA DE CRÉDITO DE LIVRE ADMISSÃO DA REGIÃO CENTRAL DE RONDÔNIA   SICOOB OUROCREDI
0.24192966169945784,0.27146724568936087,0.11277909850637632,COOPERATIVA DE CRÉDITO DE LIVRE ADMISSÃO CENTRO OESTE LTDA.
0.21692633727022934,-0.4354846932302983,0.013288847339514059,COOPERATIVA DE CRÉDITO E INVESTIMENTO COM INTERAÇÃO SOLIDÁRIA ALTO VALE - CRESOL ALTO VALE
0.2136732293746233,-0.7155602955629295,0.11934151918470635,COOPERATIVA DE CRÉDITO CREDICAMPO LTDA.- SICOOB CREDICAMPO
0.23440840555679784,-0.5530058142640967,0.17095443389243048,COOPERATIVA DE CRÉDITO GUARANICREDI LTDA. - SICOOB GUARANICREDI
0.24509549088323657,-0.42813892981511936,0.221695632527177,COOPERATIVA DE CREDITO SULCREDI AMPLEA
0.1984682910221936,-1.2732788485360944,0.005764610238678817,COOPERATIVA DE CRÉDITO DE LIVRE ADMISSÃO BURITIS - SICOOB BURITIS
0.23977202063597342,0.39382310959819,0.27546624709899353,SIMPALA CFI - PRUDENCIAL
0.2294893211317173,-0.7861594356941256,0.2012143379056927,"COOPERATIVA DE CRÉDITO, POUPANÇA E INVESTIMENTO DA REGIÃO DAS FLORES, DAS ÁGUAS E DOS VENTOS SP - SICREDI FORÇA DOS VENTOS SP"
0.22836984162862012,-0.4651470586951219,-0.08229271171671053,SOCIEDADE COOPERATIVA DE CRÉDITO COOPERE LTDA.  - SICOOB COOPERE
0.24555031409069492,-0.03094819957934648,0.101462120554432,COOPERATIVA DE CRÉDITO E INVESTIMENTO COM INTERAÇÃO SOLIDÁRIA CONFIANÇA - CRESOL CONFIANÇA
0.21457306624905453,-0.7755201474956228,0.26201305542634856,COOPERATIVA DE CRÉDITO DE LIVRE ADMISSÃO DE RIO VERDE E REGIÃO LTDA.
0.26085092880511673,0.2496466036587256,0.2047707604466181,COOPERATIVA DE CRÉDITO DO DISTRITO FEDERAL E ENTORNO LTDA
0.21708412036877303,-0.8087272915525755,-0.051458780965077874,COOPERATIVA DE CRÉDITO SICOOB SERTÃO LTDA
0.23893811101323273,-0.5968175440734621,0.24999541445828297,COOPERATIVA DE CREDITO CREDIAGRO LTDA. - SICOOB CREDIAGRO
0.23575401650659755,-0.4725443465372218,0.009779316933385445,COOPERATIVA DE CRÉDITO DE LIVRE ADMISSÃO DO ESTADO DO RIO DE JANEIRO - SICOOB FLUMINENSE
0.28911220366735235,0.43195401743337564,0.260748504768526,SICOOB CREDIGOIÁS COOPERATIVA DE CRÉDITO LTDA.
0.2668767587135587,0.305719826785797,0.07899157163428244,COOPERATIVA DE CRÉDITO DE LIVRE ADMISSÃO LTDA. - SICOOB CREDIJUSTRA
0.24299920508969905,-0.23926238936613445,0.10969086648369923,COOPERATIVA DE CRÉDITO DA REGIÃO CENTRAL DE MINAS LTDA. - SICOOB UNIÃO CENTRAL
0.28137944978953655,0.4634270423908825,0.1923966280954227,COOPERATIVA DE CREDITO DO MERCADO IMOBILIÁRIO - SICOOB IMOB.VC
0.23384411988901233,-0.3318111711946422,0.09750227470340601,COOPERATIVA DE CRÉDITO E INVESTIMENTO COM INTERAÇÃO SOLIDÁRIA PLANALTO SUL - CRESOL PLANALTO SUL
0.2576310468561622,-0.2961105154627828,0.07482685183184992,COOPERATIVA DE ECONOMIA E CRÉDITO MÚTUO DOS EMPREGADOS DE FURNAS E DAS DEMAIS EMPRESAS DO SISTEMA ELETROBRÁS LTDA. - SICOOB CECREMEF
0.21080641520035312,-1.011714324769794,0.09175488033987306,COOPERATIVA DE CRÉDITO E ECONOMIA COM INTERAÇÃO SOLIDÁRIA - CRESOL ALIANÇA
0.2111763770563976,-0.87968260991811,0.13993078229834055,COOPERATIVA DE CRÉDITO E ECONOMIA COM INTERAÇÃO SOLIDÁRIA CRESOL EVOLUÇÃO
0.2548955842293357,0.08053453757552977,0.2166891155473868,COOPERATIVA DE CRÉDITO DE LIVRE ADMISSÃO UNIÃO DO CENTRO OESTE DE MINAS LTDA - SICOOB CREDESP
0.26073343969043117,0.11853564657779968,0.1978608275751269,COOPERATIVA DE CRÉDITO UNIÃO DO CENTRO OESTE DE MINAS LTDA. - SICOOB CENTRO UNIÃO
0.2477713441769526,-0.13256226817650474,0.12724665626067683,COOPERATIVA DE CRÉDITO DE LIVRE ADMISSÃO DE ASSOCIADOS URUBICI - SICOOB CREDIARAUCÁRIA/SC
0.25283909796849485,-0.10443436889026321,0.22081824699376376,COOPERATIVA DE CRÉDITO CREDIALP LTDA - SICOOB CREDIALP
0.27695010861039154,0.32801945592987053,0.23465910246601432,COOPERATIVA E ECONOMIA E CRÉDITO MÚTUO DOS MÉDICOS DO PLANALTO MÉDIO DO RIO GRANDE DO SUL LTDA. - CREDISIS/CREDIPLAN
0.2012855009526139,-1.06292050437358,0.07837886317994294,COOPERATIVA DE CRÉDITO E INVESTIMENTO COM INTERAÇÃO SOLIDÁRIA ALTERNATIVA - CRESOL ALTERNATIVA
0.2531715803065652,0.5115992215711617,0.26467055108483495,TODESCREDI S/A - CFI - PRUDENCIAL
0.19965367135835485,-0.5699621562405393,0.2777688654515904,VIA CERTA CFI - PRUDENCIAL
0.228282165289254,-0.7578424719614746,0.08840891879078867,COOPERATIVA DE ECONOMIA E CRÉDITO MÚTUO UNICRED COALIZÃO LTDA - UNICRED COALIZÃO
0.25226612209327637,-0.09056862921679455,0.2279311407873045,COOPERATIVA DE CRÉDITO UNIPRIME SUL
0.253332943186382,-0.021569022316678912,0.10744590582454075,COOPERATIVA DE CRÉDITO E INVESTIMENTO COM INTERAÇÃO SOLIDÁRIA DE GOIÁS - CRESOL GOIÁS
0.269420521350268,0.5138104310445246,0.2710939072411071,SUPERLÓGICA SCD PRUDENCIAL
0.2510004927481134,0.09075856587545099,0.13634798751390484,COOPERATIVA DE CRÉDITO CARLOS CHAGAS LTDA. - SICOOB CARLOS CHAGAS
0.2592580590351972,0.31819032872741965,0.18614059309601771,COOPERATIVA DE CRÉDITO CREDIRAMA LTDA - SICOOB CREDIRAMA
0.25523711430822965,0.030915457125784983,0.22838776686764312,COOPERATIVA DE CRÉDITO DE LIVRE ADMISSÃO SICOOB CREDIACIL
0.26590855031276694,0.1272742538267949,0.1907860414514514,COOPERATIVA DE CRÉDITO CREDIBELO LTDA. - SICOOB CREDIBELO
0.26260053254696014,0.03444595578623821,0.17049538032849396,COOPERATIVA DE CRÉDITO NOSSA SENHORA DO DESTERRO - SICOOB CREDISC
0.27397058580150335,0.4751807967133426,0.3237556394472635,CONTA SIMPLES SCD - PRUDENCIAL
0.24293911437887739,-0.4431009182402313,0.19793533463317864,COOPERATIVA DE CRÉDITO DO VALE DO SÃO FRANCISCO - SICREDI VALE DO SÃO FRANCISCO
0.23312155391780395,-0.7115336445952402,0.04674153007816769,CREDISAN COOPERATIVA DE CRÉDITO
0.24226722531254147,-0.20216689765629936,0.27229219276810235,COOPERATIVA DE CRÉDITO DE LIVRE ADMISSÃO DO ESTADO DO ACRE LTDA.
0.2459418896186475,-0.19512616183667056,-0.05632915081490353,COOPERATIVA DE CRÉDITO DA REGIÃO E COLAR METROPOLITANO DO VALE DO AÇO LTDA. - SICOOB COSMIPA
0.23889253494988436,-0.35464925893077254,0.18392993718031556,COOPERATIVA DE CRÉDITO E INVESTIMENTO COM INTERAÇÃO SOLIDÁRIA CENTRO NORTE - CRESOL CENTRO NORTE
0.2537052891530862,0.030816887608372596,0.18783064026881188,COOPERATIVA DE CRÉDITO E ECONOMIA COM INTERAÇÃO SOLIDÁRIA - CRESOL INTERAÇÃO
0.2341661720371927,-0.5155297256813343,0.1742013084595339,COOPERATIVA DE CRÉDITO DE LIVRE ADMISSÃO DE ANÁPOLIS E REGIÃO LTDA
0.24903198979414876,-0.15488130433790853,0.15307668073270256,COOPERATIVA DE CRÉDITO DE LIVRE ADMISSÃO DO CENTRO-SUL GOIANO LTDA
0.27460645711998843,0.18492040171816537,0.26394702412643284,COOPERATIVA DE CRÉDITO DE LIVRE ADMISSÃO DE PIRACANJUBA LTDA. - SICOOB CERRADO
0.2597672053983974,0.374496693298432,-0.10765166915590839,CREDI&GENTE - COOPERATIVA DE CRÉDITO E INVESTIMENTOS
0.23614170341083404,0.5862822593398389,0.16360320149419294,KREDILIG S.A. - CFI - PRUDENCIAL
0.26501693525562586,0.13732171768316345,0.19971653699505168,COOPERATIVA DE CRÉDITO UNICRED AMPLA LTDA - UNICRED AMPLA
0.23893983210906838,-0.5243336983425876,0.19564151983642858,COOPERATIVA DE CREDITO DE LIVRE ADMISSAO DE PITANGUI E REGIAO LTDA. - SICOOB CREDPIT
0.2417758387752418,-0.3607170113509388,0.2299943838924523,COOPERATIVA DE CRÉDITO DE LIVRE ADMISSÃO E DOS ADVOGADOS LTDA. - SICOOB CREDIJUR
0.278831899658054,0.40206288425006637,0.19478142804174467,COOPERATIVA DE CRÉDITO DOS INTEGRANTES DO PODER JUDICIÁRIO E DO MINISTÉRIO PÚBLICO DO ESTADO DE MINAS GERAIS LTDA. - SICOOB JUS-MP
0.2542554024836489,-0.059366699525470704,0.10653912353477323,COOPERATIVA DE CRÉDITO DE LIVRE ADMISSÃO DO SUL CATARINENSE - ACENTRA
0.2466890641245314,-0.21913279653002674,0.15693400021344314,COOPERATIVA DE CRÉDITO SICOOB COSTA DO DESCOBRIMENTO LTDA.
0.24459133958536283,-0.4466634677648834,0.26538804417198303,COOPERATIVA DE CRÉDITO SACRAMENTO LTDA - SICOOB SACRAMENTO
0.2444487315960099,-0.5742693920889034,0.21512976886847712,COOPERATIVA DE ECONOMIA E CRÉDITO MÚTUO DOS INTEGRANTES DO MINISTÉRIO PÚBLICO E DA DEFENSORIA PÚBLICA NO ESTADO DO RIO DE JANEIRO LIMITADA. - SICOOB COMPERJ
0.26938586477190685,0.19039241675064442,0.11580084495989594,COOPERATIVA DE CRÉDITO DOS PROFISSIONAIS DA SAÚDE E LIVRE ADMISSÃO DO SUL DE MINAS LTDA
0.2314800224457713,-0.6835826015228491,0.1991802485299311,COOPERATIVA DE CREDITO DO PLANALTO SUL - SICOOB CREDISSERRANA
0.27388571546720647,0.2369663577825648,0.28197106641846603,COOPERATIVA DE CRÉDITO UNICRED COOMARCA LTDA. - COOMARCA
0.2595714027016276,0.22821194048717316,0.27579066609939573,SOCINAL S.A. CFI - PRUDENCIAL
0.23353327308701893,-0.7261099502200573,0.023278608236007563,"UNIPRIME DO IGUAÇU - COOPERATIVA DE CRÉDITO, POUPANÇA E INVESTIMENTO"
0.21773955672210277,-1.0490684194604545,0.2637529286508154,"COOPERATIVA DE CRÉDITO DE LIVRE ADMISSÃO DE PITANGUI, PAPAGAIOS, MARAVILHAS E REGIÃO LTDA. - SICOOB CREDICOOP"
0.2612483082650649,0.05357299595966383,0.10940050145413728,COOPERATIVA DE CRÉDITO DE LIVRE ADMISSÃO DO NOROESTE DE MINAS GERAIS LTDA.   SICOOB CREDIPINHO
0.23151022056150547,-0.26728612840326976,0.16076535884387333,COOPERATIVA DE CRÉDITO CREDINORTE LTDA. - SICOOB CREDINORTE
0.28345643624221906,0.50337565141916,0.25162384512170505,COOPERATIVA DE CRÉDITO RURAL DE IRAÍ DE MINAS LTDA -SICOOB CREDIMIL
0.2733572434177943,0.34391947652879656,0.27552253660969767,"COOPERATIVA DE CRÉDITO DOS SERVIDORES MILITARES, POLÍCIA CIVIL E DA SECRETARIA DE EDUCAÇÃO DO ESTADO DE MINAS GERAIS LTDA - SICOOB COOPEMG"
0.23635766355208104,-0.4445797039852208,0.1955692810189381,COOPERATIVA DE CRÉDITO E INVESTIMENTO COM INTERAÇÃO SOLIDÁRIA NASCENTE - CRESOL NASCENTE
0.2506841621479035,-0.29076594548894424,0.2686559564309121,COOPERATIVA DE CRÉDITO DE LIVRE ADMISSÃO DE CAMPOS GERAIS E CAMPO DO MEIO LTDA - SICOOB CREDCAM
0.22235099289028668,-0.9186089185187156,0.2151471203647853,COOPERATIVA DE CRÉDITO DE LIVRE ADMISSÃO DO CENTRO SUL DE MATO GROSSO DO SUL - SICOOB CENTRO SUL MS
0.25025655075284,-0.1713169873998104,0.07410691028975146,CREDIALIANÇA COOPERATIVA DE CRÉDITO RURAL
0.2582877449912734,-0.028677732426350702,0.08596768349580593,COOPERATIVA DE CRÉDITO DO VALE EUROPEU - SICOOB EURO VALE
0.2651287559409049,0.22030137511645476,0.2296186163554785,COOPERATIVA DE CRÉDITO DE LIVRE ADMISSÃO DE ASSOCIADOS DO PLANALTO SERRANO - SICOOB CREDISERRA SC
0.23819655155748054,-0.48743450958319634,0.1366133677402214,COOPERATIVA DE CRÉDITO E ECONOMIA COM INTERAÇÃO SOLIDÁRIA - CRESOL ENCOSTAS DA SERRA GERAL
0.2411291803840467,-0.6156750118691274,0.1679830550800566,COOPERATIVA DE CRÉDITO SICOOB CONFIANÇA
0.28402347696808217,0.4573773424415923,0.19193271509992257,COOPERATIVA DE CRÉDITO DOS SERVIDORES DOS PODERES LEGISLATIVOS DO ESTADO DE MINAS GERAIS E DO SEU ÓRGÃO AUXILIAR E DE LIVRE ADMISSÃO LTDA. - SICOOB COFAL
0.26585488110964073,0.21089130290630514,0.11933142798575577,COOPERATIVA DE CRÉDITO DO VALE DO ITAJAÍ E VALE DO ITAPOCÚ - SICOOB MULTICREDI
0.24453064929014698,-0.27237399153628866,0.09890650646417497,COOPERATIVA DE CRÉDITO DE LIVRE ADMISSÃO DO ESTADO DE GOIÁS
0.2755736686407453,0.5126824628870039,0.23697089312664657,"COOPERATIVA DE ECONOMIA E CRÉDITO MÚTUO DOS SERVIDORES DO PODER JUDICIÁRIO, DO TRIBUNAL DE CONTAS ESTADUAL E DEMAIS ÓRGÃOS PÚBLICOS MUNICIPAIS, ESTADUAIS E FEDERAIS NO ESTADO DO RIO DE JANEIRO LTDA."
0.25145223227954,0.38644016051334773,0.2526886501836116,AGORACRED S/A SCFI - PRUDENCIAL
0.2463443169279627,-0.3522942402930187,0.1400645724500319,COOPERATIVA DE CRÉDITO DE LIVRE ADMISSÃO DE PEDRO LEOPOLDO LTDA - SICOOB CREDIPEL
0.24762161378562306,-0.10323921115023929,0.14468612965101188,COOPERATIVA DE CRÉDITO E INVESTIMENTO COM INTERAÇÃO SOLIDÁRIA MISSÕES FRONTEIRA RS - CRESOL MISSÕES FRONTEIRA RS
0.267258488077946,0.14671149013839663,0.16853860815022825,COOPERATIVA DE CRÉDITO DA GRANDE FLORIANÓPOLIS - ÚNILOS
0.24682455674445977,-0.30520033911868555,0.08584885268301554,COOPERATIVA DE CRÉDITO E ECONOMIA COM INTERAÇÃO SOLIDÁRIA DE JACUTINGA - CRESOL JACUTINGA
0.2545878387781032,-0.25316997047874296,0.14994205310869615,COOPERATIVA DE CRÉDITO DE LIVRE ADMISSÃO DE ASSOCIADOS DO SUL DO BRASIL - CREVISC
0.2514237067281357,-0.16597835130092742,0.10335823211467053,COOPERATIVA DE CRÉDITO E INVESTIMENTO COM INTERAÇÃO SOLIDÁRIA CENTRO SERRA - CRESOL CENTRO SERRA
0.2492622878385088,-0.26161683276434977,0.04930702542481924,COOPERATIVA DE CRÉDITO RURAL DE ABELARDO LUZ - SULCREDI/CREDILUZ
0.2606139798291119,-0.015022138113554883,0.23993269944125942,COOPERATIVA DE CRÉDITO DE LIVRE ADMISSÃO DE CARMO DO RIO CLARO LTDA - SICOOB CREDICARMO
0.23187045295089667,0.540119820645788,0.09566107482138274,SANTINVEST - PRUDENCIAL
0.24563130128335023,-0.3214431992096133,0.1002159722465737,COOPERATIVA DE CRÉDITO E ECONOMIA COM INTERAÇÃO SOLIDÁRIA - CRESOL MAIS
0.2632245665978722,-0.2702902415821123,0.11839028058651699,"COOPERATIVA DE CREDITO, POUPANCA E INVESTIMENTO DO RIO DE JANEIRO - SICREDI RIO RJ"
0.2570268082571023,-0.05742321421069048,-0.24165261466469196,LAR COOPERATIVA DE CRÉDITO - LAR CREDI
0.2585997007909917,0.3896221765203479,0.23793840994197388,FINAMAX S.A. CFI - PRUDENCIAL
0.2775463200225564,0.3885077979533316,0.22125194982353974,COOPERATIVA DE ECONOMIA E CRÉDITO MÚTUO UNICRED HORIZONTES LTDA - UNICRED HORIZONTES
0.2820878347854965,0.5274926544672653,0.24137271151524115,DELCRED SCD - PRUDENCIAL
0.27081142080355214,0.1765214279761988,0.06286574611853274,"COOPERATIVA DE CRÉDITO, POUPANÇA E INVESTIMENTO SICREDI CENTRO PERNAMBUCANA"
0.2647853063395531,0.21903545655441134,0.14637500934479272,COOPERATIVA DE CRÉDITO DE LIVRE ADMISSÃO DE PALMEIRAS E REGIÃO LTDA.
0.2863154043230077,0.35491905884603486,0.26557419145611394,"COOPERATIVA DE CRÉDITO, POUPANÇA E INVESTIMENTO DOS JUÍZES E CARREIRAS PÚBLICAS DO DIREITO DO ESTADO DO RIO GRANDE DO SUL - SICREDI AJURIS RS"
0.2479465171438922,-0.3536504885055342,0.11243070035180679,COOPERATIVA DE CREDITO DE LIVRE ADMISSÃO DO VALE DO GORUTUBA LTDA - SICOOB CREDIVAG
0.26490747694999467,0.13519343273432421,0.28204868399243344,COOPERATIVA DE CRÉDITO DE TIROS E MATUTINA LTDA.- SICOOB CREDITIROS
0.2555602909937452,-0.2006142661401276,0.14886197941366522,"COOPERATIVA DE ECONOMIA E CRÉDITO MÚTUO NOS ESTADOS DE ALAGOAS, SERGIPE E BAHIA - SICOOB LESTE"
0.27271515047466155,0.18146021732490875,0.17285975958402092,COOPERATIVA DE CRÉDITO DOS SERVIDORES PÚBLICOS NO ESTADO DA BAHIA LTDA. - SICOOB CRED EXECUTIVO
0.265893262062135,0.1188309685193807,0.12346832917267306,SICREDI CREDUNI - COOPERATIVA DE ECONOMIA E CRÉDITO MÚTUO DOS SERV DAS INST PÚBLICAS DE ENSINO SUPERIOR DO ESTADO DA PARAÍBA E DAS DEMAIS INSTITUIÇÕES E ÓRGÃOS PÚBLICOS NO ESTADO DA PARAÍBA
0.275551868184822,0.2331248181225545,0.24712058685655647,COOPERATIVA DE ECONOMIA E CRÉDITO MÚTUO DO VALE DAS ANTAS LTDA. - UNICRED PIONEIRA
0.2642598789911778,0.022773390436341894,-0.09843546185394451,COOPERATIVA DE CRÉDITO SICOOB COOPMIL
0.2613895311063256,0.27953895998194417,0.2650180994662187,TENTOS CFI - PRUDENCIAL
0.22453818588847227,-0.9714974959844908,0.19436293010663003,"COOPERATIVA DE CRÉDITO, POUPANÇA E INVESTIMENTO SICREDI INTEGRAÇÃO BAHIA - SICREDI INTEGRAÇÃO BAHIA"
0.26298657915797297,-0.005039192470265189,0.2360893568990065,COOPERATIVA DE CRÉDITO E ECONOMIA COM INTERAÇÃO SOLIDÁRIA DE ARATIBA - CRESOL ARATIBA
0.24224027306398077,0.38507974471014716,0.2537418036778963,NEGRESCO S.A. - CFI - PRUDENCIAL
0.2665109962658996,0.4372293538150415,0.24507331105325678,OXY CH - PRUDENCIAL
0.25338197226934506,-0.28784534705941195,0.2187703077979143,COOPERATIVA DE CRÉDITO CREDIVAZ LTDA. - SICOOB CREDIVAZ
0.2634363632473431,0.6460338827092941,0.06281886493147124,BARRACRED - COOPERATIVA DE ECONOMIA E CRÉDITO MÚTUO
0.2709923264992902,0.11586440051475408,0.2130293126871768,COOPERATIVA DE CRÉDITO DE LIVRE ADMISSÃO SICOOB CREDMISSÃO LTDA. - SICOOB CREDMISSÃO
0.2298708270465611,-0.6930262701425389,0.1954753305066457,COOPERATIVA DE CRÉDITO E ECONOMIA COM INTERAÇÃO SOLIDÁRIA CRESOL VALE
0.25526119137085995,0.06411613256169135,-0.05322870410578933,SICOOB CRESSEM - COOPERATIVA DE ECNONOMIA E CRÉDITO MUTUO DOS SERVIDORES MUNICIPAIS DA REGIÃO METROPOLITANA DO VALE DO PARAIBA E LITORAL NORTE
0.2535290541032277,-0.16938478641362045,0.1687607098919539,COOPERATIVA DE CRÉDITO DO SUDOESTE BAIANO LTDA - SICOOB CREDICONQUISTA
0.25557267931900324,-0.2320003411198956,0.19668382523626865,COOPERATIVA DE CRÉDITO DO VALE DOS PINHAIS - SICOOB VALE DOS PINHAIS
0.26811930681957985,0.15750986173889686,0.20678732193026336,COOPERATIVA DE CRÉDITO CREDIBAM LTDA. - SICOOB CREDIBAM
0.2771396219274892,0.24368894495825053,0.19167602195621333,COOPERATIVA DE ECONOMIA E CRÉDITO MÚTUO - SICOOB COOPERAC
0.2514116109646466,-0.4958744483744882,0.23250776432339204,COOPERATIVA DE CRÉDITO DE LIVRE ADMISSÃO DE JATAÍ E REGIÃO LTDA.
0.24076541717933092,-0.5385302978126005,0.16735772706398852,COOPERATIVA DE CRÉDITO SICOOB NORTE SUL LTDA
0.24660940019500308,-0.0937833856712483,0.2870941621802192,BRAZA BANK BCO CÂMBIO - PRUDENCIAL
0.28087567756160764,0.27886611050693166,0.12808600136832604,COOPERATIVA DE ECONOMIA E CRÉDITO DE LIVRE ADMISSÃO LTDA. - SICOOB EMPRESARIAL
0.2751847521457771,0.7125633582659844,-0.011065964891055756,LAUNCH PAD SCD - PRUDENCIAL
0.278051561115284,0.2501869689599988,0.07726787745917392,COOPERATIVA DE CRÉDITO DE LIVRE ADMISSÃO DE ASSOCIADOS LTDA. - SICOOB JUDICIÁRIO
0.23255395630229755,-0.9326933869430243,0.2496469742051886,COOPERATIVA DE CRÉDITO DOS PROFISSIONAIS DE SAÚDE E DE LIVRE ADMISSÃO DO TRIÂNGULO MINEIRO E SUL DE MINAS LTDA. - UNICRED PROGRESSO
0.2491902210268322,0.1794237357193966,0.10114201399996034,AFEAM - PRUDENCIAL
0.2893145460176833,0.5386583694059183,0.1929601653828196,COOPERATIVA DE ECONOMIA E CRÉDITO MÚTUO DOS FUNCIONÁRIOS DA SECRETARIA DE ESTADO DA FAZENDA  DO ESTADO DE MINAS GERAIS E DE LIVRE ADMISSÃO LTDA - SICOOB COOPSEF
0.2531078788662284,-0.1922451365821976,0.11010547393786319,COOPERATIVA DE CRÉDITO SICREDI ALTO SERTÃO PARAIBANO - SICREDI ALTO SERTÃO PARAIBANO
0.2463837844690932,-0.5117633331784123,0.17487672005567242,"COOPERATIVA DE CRÉDITO, POUPANÇA E INVESTIMENTO BANDEIRANTES - SICREDI BANDEIRANTES SP"
0.2827595325135456,0.3204097493198231,0.25964251074872324,COOPERATIVA DE ECONOMIA E CRÉDITO MÚTUO DOS PROFISSIONAIS DA ÁREA NOTARIAL E REGISTRAL - COOPNORE
0.2126224735044369,-0.4203121200162964,0.22562622397961984,WESTERN UNION - PRUDENCIAL
0.28609993510616955,0.48695319210809557,0.21302880032078841,"COOPERATIVA DE CRÉDITO DOS MAGISTRADOS, SERVIDORES DA JUSTIÇA DO ESTADO DE GOIÁS E EMPREGADOS DA CELG LTDA."
0.26040486211423886,-0.13680538719014373,0.17940996199195025,COOPERATIVA DE CRÉDITO HORIZONTE - SICOOB HORIZONTE
0.2629397180830588,-0.1365914951594581,0.1805913836299891,COOPERATIVA DE CRÉDITO COOPCRED
0.27937321643746726,0.22191564046330722,0.14362454124277854,COOPERATIVA DE CREDITO CLASSICA DO ESTADO DO RIO DE JANEIRO - SICOOB EMPRESAS RJ
0.2721471295255891,0.07220406376438106,0.2859001891421325,COOPERATIVA DE CRÉDITO CREDICAMPINA LTDA. - SICOOB CREDICAMPINA
0.26375870724647327,-0.11981871163036523,0.2597836377869488,COOPERATIVA DE CRÉDITO DE LIVRE ADMISSÃO DE SANTA CRUZ DAS PALMEIRAS E REGIÃO
0.26617832002669506,0.03915696696480185,0.16371342223213492,COOPERATIVA DE CRÉDITO DE LIVRE ADMISSÃO SICOOB COOPJUS LTDA.
0.28006394987473526,0.47901220720912713,0.111525839521119,COOPERATIVA DE CRÉDITO DE LIVRE ADMISSÃO CREDFAZ LTDA. - SICOOB CREDFAZ
0.25100764596862224,-0.39167499782828563,0.19554043610906166,COOPERATIVA DE CRÉDITO E ECONOMIA COM INTERAÇÃO SOLIDÁRIA - CRESOL DESENVOLVIMENTO
0.25537197466893086,-0.3865739148732324,0.1121615228923682,COOPERATIVA DE CRÉDITO DE LIVRE ADMISSÃO DE ITAJUBÁ LTDA - SICOOB SUDESTE MAIS
0.26586843444381986,-0.06475235282973325,0.20957420670632615,COOPERATIVA DE CREDITO POTIGUAR - SICOOB POTIGUAR
0.19063148645489397,-1.908978541474399,0.11141227000364064,COOPERATIVA DE CRÉDITO CREDIESMERALDAS LTDA. - SICOOB CREDIESMERALDAS
0.2739378218143182,0.5747830307331909,0.17204735683224331,AGÊNCIA DE FOMENTO MATO GROSSO - PRUDENCIAL
0.27635047253722544,0.16609932765629437,0.18005291658187236,COOPERATIVA DE CREDITO DE LIVRE ADMISSÃO DA REGIÃO SUDESTE DE MINAS GERAIS LTDA. - SICOOB CREDISUCESSO
0.28581670768514283,0.12252839780374919,0.23769125572246913,CREDISIS CAPITALCREDI - COOPERATIVA DE CRÉDITO DE LIVRE ADMISSÃO DO ACRE LTDA
0.2659141302757181,-0.0648058421941053,0.21675528864215277,COOPERATIVA DE CRÉDITO VALE DO CANOAS - SICOOB/SC CREDICANOAS
0.2542375083115585,-0.33471112301815975,0.1735019304594858,COOPERATIVA DE CRÉDITO E ECONOMIA COM INTERAÇÃO SOLIDÁRIA DE SÃO VALENTIM - CRESOL SÃO VALENTIM
0.25691254404245284,-0.3362628605521903,0.1514486829099927,COOPERATIVA DE CRÉDITO SICOOB COOPEMAR LTDA
0.2621698015756595,-0.22186177557505138,0.23130946547150805,"COOPERATIVA DE CRÉDITO, POUPANÇA E INVESTIMENTO EMPREENDEDORES - SICREDI EMPREENDEDORES PR"
0.27654286078229484,0.2725465892272401,0.24536908500714166,COOPERATIVA DE CRÉDITO DE LIVRE ADMISSÃO DE ARCOS LTDA. - SICOOB ARCOMCREDI
0.2533031223382978,-0.3620074029900998,0.17211390493434325,COOPERATIVA DE CRÉDITO RURAL E ECONOMIA COM INTERAÇÃO SOLIDÁRIA DE GETÚLIO VARGAS - CRESOL GETÚLIO VARGAS
0.17733188777887593,-2.08919553921237,0.17230831471589647,COOPERATIVA DE CRÉDITO E ECONOMIA COM INTERAÇÃO SOLIDÁRIA - CRESOL INOVAÇÃO
0.2714273098564504,0.06787518113780658,0.21033503026372857,COOPERATIVA DE CRÉDITO DE LIVRE ADMISSÃO DA MARGEM ESQUERDA DO URUCUIA E SÃO FRANCISCO LTDA - SICOOB CREDICHAPADA
0.2540277021098703,-0.2930167685988824,0.12379826452866065,COOPERATIVA DE CRÉDITO E INVESTIMENTO COM INTERAÇÃO SOLIDÁRIA TRANSAMAZÔNICA - CRESOL TRANSAMAZÔNICA
0.2835973456016103,0.3144590861681192,0.1548230450686747,COOPERATIVA DE CRÉDITO DE LIVRE ADMISSÃO DO BRASIL CENTRAL LTDA. - SICOOB EXECUTIVO
0.261238635968176,0.35374867975862556,0.25665240462939315,SINOSSERRA FINANCEIRA S/A - PRUDENCIAL
0.2721535121838975,0.7136042496379439,0.04310364041903125,"COOPERATIVA DE ECONOMIA E CRÉDITO MÚTUO DOS SERVIDORES DA FEDERAÇÃO DO COMÉRCIO, SESC E SENAC DE SÃO PAULO"
0.2695028785801203,0.05162064607906187,0.2301818321674209,COOPERATIVA DE CRÉDITO DE LIVRE ADMISSÃO CREDIEMBRAPA LTDA - SICOOB.
0.24507123877625892,-0.03163433871097245,0.28980157389910666,EBURY BANCO DE CÂMBIO - PRUDENCIAL
0.272591197637516,0.5569730264924586,0.2105163735346704,C&A PAY SCD - PRUDENCIAL
0.2874166649607115,0.5785227454234089,0.17361679418302373,COOPERATIVA DE CRÉDITO DOS INTEGRANTES DO MINISTÉRIO PÚBLICO E DO PODER JUDICIÁRIO NOS ESTADOS DO AMAPÁ E CEARÁ E LIVRE ADMISSÃO NO ESTADO DO PARÁ - SICOOB COIMPPA
0.2835331574248482,0.2399639992607938,0.19134212047853372,COOPERATIVA DE CRÉDITO DE LIVRE ADMISSÃO DE CERES E RIALMA LTDA
0.28423841073534006,0.213695852953962,0.21754300186740708,COOPERATIVA DE ECONOMIA E CRÉDITO MÚTUO DE LIVRE ADMISSÃO DE ARARAQUARA E REGIÃO - SICOOB
0.2700526049885663,-0.052259966786940684,0.17963754920495606,COOPERATIVA DE CRÉDITO SICOOB UNI SUL MS
0.27615572232374896,0.005457601290105767,0.2379911892418403,COOPERATIVA DE CREDITO RURAL SEARA - CREDISEARA
0.2689929992666904,-0.13394858716099037,0.24163027504011084,COOPERATIVA DE CRÉDITO DA REGIÃO DO VALE DO RIO GRANDE LTDA. - SICOOB CREDILEITE
0.27992157399910383,0.2560913229928214,0.24380407401953644,COOPERATIVA DE CRÉDITO SICOOB ITAPAGIPE LTDA - SICOOB ITAPAGIPE
0.2493577432175061,-0.5481843093319368,0.21705643250396084,COOPERATIVA DE CRÉDITO DE LIVRE ADMISSÃO DA REGIÃO DE SÃO SEBASTIÃO DO PARAÍSO LTDA. - SICOOB PARAÍSOCRED
0.26096817799214117,-0.3437596020395478,0.22417607924535385,CREDISIS SUDOESTE/RO - COOPERATIVA DE CRÉDITO E INVESTIMENTO DO SUDOESTE DE RONDÔNIA
0.2681069555182347,-0.07139719295585645,0.1848135267872373,COOPERATIVA DE CREDITO CREDLIDER - SICOOB CREDLIDER
0.26830313612935447,-0.34517322530159067,0.2204755294287551,COOPERATIVA DE CRÉDITO DE LIVRE ADMISSÃO DE ASSOCIADOS - SICOOB CRUZ ALTA
0.2655194814982668,-0.10247841692788125,0.22718954710930675,COOPERATIVA DE CREDITO E ECONOMIA COM INTERAÇÃO SOLIDÁRIA - CRESOL SERRA MAR
0.26166930273317257,-0.32140971060329027,0.21222281359509995,COOPERATIVA DE CRÉDITO E INVESTIMENTO COM INTERAÇÃO SOLIDÁRIA DE NOVA MUTUM E REGIÃO - CRESOL MATO GROSSO
0.29432115362527445,0.48384438349426223,0.22592417938454767,"COOPERATIVA DE CRÉDITO, POUPANÇA E INVESTIMENTO DOS INTEGRANTES DA MAGISTRATURA E DO MINISTÉRIO PÚBLICO NO ESTADO DO PARANÁ - SICREDI CREDJURIS"
0.2673636360367761,-0.19246402355137984,0.2603843004522914,COOPERATIVA DE CRÉDITO LIVRE ADMISSÃO SICOOB OURICRED
0.2747439549502177,0.08389642411293097,0.21324688139883866,COOPERATIVA DE CRÉDITO DE LIVRE ADMISSÃO DA REGIÃO DE GUAXUPÉ LTDA. - SICOOB ACICREDI
0.2782061224258044,0.14075220997002008,0.2890912509935592,COOPERATIVA DE CRÉDITO CREDICAPI LTDA - SICOOB CREDICAPI
0.28927314116870895,0.39913809549361245,0.2819492825402819,COOPERATIVA DE CRÉDITO DE LIVRE ADMISSÃO DFMIL LTDA. - SICOOB DFMIL
0.25713200646583867,-0.24179070482012377,0.22743492025965234,COOPERATIVA DE CREDITO E ECONOMIA COM INTERAÇÃO SOLIDARIA - CRESOL LITORAL
0.2559542598566358,-0.34266874000195485,0.24324958319073417,COOPERATIVA DE CRÉDITO E ECONOMIA COM INTERAÇÃO SOLIDÁRIA - CRESOL XANXERÊ
0.27498524240427824,0.43027393828642524,0.2760139961578839,PLANTAE CFI - PRUDENCIAL
0.28486503670872415,0.3516193937090417,0.20474861314221873,COOPERATIVA DE CRÉDITO DE LIVRE ADMISSÃO DE ASSOCIADOS DE JARAGUÁ DO SUL E REGIÃO - SICOOB CEJASCRED
0.23100028964021688,-0.9325521861556347,0.2036219315338626,SICOOB CREDIMONTES - COOPERATIVA DE CRÉDITO DE LIVRE ADMISSÃO REGIONAL DE MONTES CLAROS LTDA
0.2764936528473597,0.6822004057363521,0.08418692441146558,COOPERATIVA DE ECONOMIA E CRÉDITO MÚTUO DOS FUNCIONÁRIOS DO ATACADÃO
0.2243680522825887,-1.1872307115466807,0.2678467376609608,COOPERATIVA DE CRÉDITO DE RIO RUFINO - SICOOB CREDIUNIÃO
0.24431249474078248,-0.7216576485097203,0.2097095006617694,COOPERATIVA DE CRÉDITO DE LIVRE ADMISSÃO SICOOB UNIÃO SUDESTE
0.2881288163151008,0.8292496690283038,-0.12909393864164412,GPATIVA - COOPERATIVA DE ECONOMIA E CRÉDITO MÚTUO DOS EMPREGADOS DO GRUPO PÃO DE AÇÚCAR
0.21603054313630057,0.4485362796284449,0.07182755582534803,EAGLE SCD - PRUDENCIAL
0.2482507809359377,-0.5581134262880261,0.11740742714684609,COOPERATIVA DE CRÉDITO DE LIVRE ADMISSÃO DO OESTE MARANHENSE - SICOOB OESTE MARANHENSE
0.2855559613031294,0.6560920849103946,0.08723877066493295,COOPERATIVA DE CRÉDITO RURAL DOS FORNECEDORES DE CANA DA REGIÃO DE CATANDUVA-COFOCRED
0.26439089184570747,0.10765462138963754,0.0789655724195433,COOPERATIVA DE ECONOMIA E CRÉDITO MÚTUO DOS EMPREGADOS DA JOHNSON & JOHNSON
0.2751022626126382,-0.026856097582090267,0.22070036643616323,COOPERATIVA DE ECONOMIA E CRÉDITO MÚTUO DOS MILITARES ESTADUAIS DE SANTA CATARINA - CREDPOM
0.2796184178336291,0.705619735674809,0.046623190765978706,COOPERATIVA DE ECONOMIA E CRÉDITO MÚTUO DOS TRABALHADORES DO GRUPO SÃO MARTINHO   USICRED
0.2737506279905594,0.21081677602544704,0.29848257760047425,CARTOS SCD - PRUDENCIAL
0.28521278228312513,0.5098729231136775,0.27393262419963504,OPEA SCD - PRUDENCIAL
0.22711513617899526,-1.1236722194424498,0.1931699200639444,COOPERATIVA DE ECONOMIA E CRÉDITO MÚTUO SICOOB METALCRED
0.28626352249088766,0.5887920466971194,0.16621200746000445,PIAUÍ FOMENTO - PRUDENCIAL
0.270550932768015,-0.04108811873938468,0.2733853057844504,COOPERATIVA DE CRÉDITO SICOOB IPÊ - SICOOB IPÊ
0.2578210693594241,-0.3854742317445005,0.23012008190930297,CREDISIS CREDIBRÁS COOPERATIVA DE CRÉDITO E INVESTIMENTO DE LIVRE ADMISSÃO DO OESTE DE RONDÔNIA
0.22802094579647422,-0.9232333968385718,0.2676168230204434,COOPERATIVA DE CRÉDITO CREDIMAC LTDA - SICOOB CREDIMAC
0.28798258463833865,0.2898074969970681,0.2537958421452899,"COOPERATIVA DE CRÉDITO, POUPANÇA E INVESTIMENTO DOS MILITARES ESTADUAIS E SERVIDORES DA SEGURANÇA DO ESTADO DO RIO GRANDE DO SUL - SICREDI TRADIÇÃO RS"
0.2598748471778592,-0.4047863070515021,0.26341481822704216,COOPERATIVA DE CRÉDITO CREDINOSSO LTDA - SICOOB CREDINOSSO
0.2420696796540913,-0.7332018835697923,0.22968239059954523,COOPERATIVA DE CRÉDITO DE LIVRE ADMISSÃO DO ESTADO DO PARÁ - SICOOB COOESA
0.26676756121508355,-0.1860840119742296,0.26031497746389,COOPERATIVA DE CRÉDITO DE LIVRE ADMISSÃO DE ASSOCIADOS DE DORES DO INDAIÁ LTDA - COOPCREDI
0.2901101781170558,0.696676972114409,0.027766602642168046,COOPERATIVA DE CRÉDITO DOS EMPREGADOS DO GRUPO VALLOUREC NO BRASIL - COOVALL LTDA.
0.26770784062763897,0.0344951908932176,0.1996168203987673,COOPERATIVA DE CRÉDITO MÚTUO DOS DESPACHANTES DE TRÂNSITO DE SANTA CATARINA E RIO GRANDE DO SUL - SICOOB CREDITRAN
0.21665394051064307,-1.5706264184736942,0.24601216613680754,COOPERATIVA DE CRÉDITO DE LIVRE ADMISSÃO DO CIRCUITO DAS ÁGUAS - SICOOB CIRCUITO DAS ÁGUAS
0.2957165905584494,0.4583191314775251,0.27786161505718887,COOPERATIVA DE CRÉDITO MÚTUO DOS CORRETORES DE SEGUROS DO ESTADO DE SÃO PAULO - SICOOB CREDICOR/SP
0.2645183857253504,0.5184448811410906,0.1841663142771633,CREDITÁ S.A. CFI - PRUDENCIAL
0.278316706332424,0.0336427215638338,0.20959467149703306,COOPERATIVA DE CRÉDITO NO PIAUÍ - SICOOB PIAUÍ
0.28751165926135425,0.3392108003881163,0.2029238276125867,COOPERATIVA DE CRÉDITO SICOOB CREDCOOP LTDA.
0.2930683994313107,0.5138001233150826,0.2519137925010269,GREENCRED - COOPERATIVA DE CREDITO
0.29124444121139653,0.4245896437488831,0.280552696163744,"COOPERATIVA DE CRÉDITO, POUPANÇA E INVESTIMENTO DOS PROFESSORES, FUNCIONÁRIOS E ALUNOS DA UNIVERSIDADE DE CAXIAS DO SUL - SICREDI EDUCAÇÃO RS"
0.294556458600022,0.5336411018180878,0.1689122911334323,COOPERATIVA DE ECONOMIA E CRÉDITO MÚTUO DE LIVRE ADMISSÃO DOS SERVIDORES DA UNIVERSIDADE FEDERAL DE VIÇOSA LTDA. - SICOOB UFVCREDI
0.28769943782131124,0.6737272456754987,0.028562508795012435,COOPERATIVA DE CRÉDITO MÚTUO DOS EMPREGADOS DA MAXION - CREDMAXION
0.2702060443854994,-0.07192319279051612,0.2618907280528153,COOPERATIVA DE CREDITO E ECONOMIA COM INTERAÇÃO SOLIDÁRIA - CRESOL JACINTO MACHADO
0.2749817252170454,0.05439346712606454,0.1977649607518547,COOPERATIVA DE CRÉDITO E INVESTIMENTOS DE RONDÔNIA - SICOOB CREDJURD
0.2853913117355184,0.2539933262096111,0.24057033467862904,COOPERATIVA DE CRÉDITO MÚTUO DO CEARÁ - SICOOB CEARÁ
0.2908955034649215,0.6788553832596441,0.07337843335162686,COOPERATIVA DE ECONOMIA E CRÉDITO MÚTUO DOS EMPREGADOS DO GRUPO FEMSA BRASIL
0.2813307316821587,0.4677885882297179,0.272162634258533,BANCO RNX S.A. - PRUDENCIAL
0.2950845299442462,0.4624902799705253,0.23449234993850168,COOPERATIVA DE CRÉDITO RURAL - CREDICANA
0.26842471975391363,-0.20434253081898743,0.27243951082073886,COOPERATIVA DE CREDITO E ECONOMIA COM INTERAÇÃO SOLIDÁRIA - CRESOL TREZE DE MAIO
0.27627552659929017,0.023438960655556125,0.2918443588074239,LECCA - PRUDENCIAL
0.28758252753762187,0.39621486547666146,0.07405100992292521,COOPERATIVA DE ECONOMIA E CRÉDITO MÚTUO DOS SERVIDORES DA JUSTIÇA DO ESTADO DE MINAS GERAIS LTDA. - SICOOB CREDJUS
0.2879989898496239,0.285239619209724,0.24602409489448188,COOPERATIVA DE CRÉDITO DE LIVRE ADMISSÃO DE VITÓRIA DA CONQUISTA
0.2735366516260242,0.9117998520949315,-0.2922733416844646,ATRIA S.A. - CFI - PRUDENCIAL
0.2745340958208717,0.5560323792476669,0.21041341102247793,CENTROCRED CFI - PRUDENCIAL
0.2708396587487151,-0.34562849097795656,0.2065135522278682,COOPERATIVA DE CRÉDITO DE LIVRE ADMISSÃO DE RORAIMA LTDA.
0.25838942992810277,-0.36451341414544536,0.2541975930366963,COOPERATIVA DE CRÉDITO E ECONOMIA COM INTERAÇÃO SOLIDÁRIA - CRESOL COOPERACRED
0.28053433459737925,0.16558416946078083,0.2378898282231448,COOPERATIVA DE CRÉDITO RURAL E ECONOMIA COM INTERAÇÃO SOLIDÁRIA DE ÁUREA - CRESOL ÁUREA
0.2748417308386865,0.04525516459052805,0.19108934114929704,COOPERATIVA DE CRÉDITO DE LIVRE ADMISSÃO - SICOOB COPESITA
0.2897167568227309,0.520389472610621,-0.06454425105084789,COOPERATIVA DE CRÉDITO COGEM
0.2915515054921837,0.4203391290037052,0.24190981781514645,COOPERATIVA DE ECONOMIA E CRÉDITO MÚTUO DOS SERVIDORES PÚBLICOS - SICOOB COOPERPLAN CREDSEF
0.2910904878309398,0.3908482899697031,0.18196414348740908,COOPERATIVA DE ECONOMIA E CRÉDITO DE LIVRE ADMISSÃO DOS EMPREGADOS DOS CORREIOS LTDA. - SICOOB COOPERCORREIOS
0.29176465876493135,0.4117093958553626,0.22831280055986727,"COOPERATIVA DE CRÉDITO, POUPANÇA E INVESTIMENTO DOS ESCRIVÃES, NOTÁRIOS E REGISTRADORES NO ESTADO DO PARANÁ - SICREDI CREDENOREG PR"
0.25988532501848266,-0.41455507776681993,0.30831706087880206,COOPERATIVA DE CRÉDITO MÚTUO DOS PROFISSIONAIS DA SAÚDE E LIVRE ADMISSÃO DE TEÓFILO OTONI LTDA. - UNICRED TRÊS VALES
0.2891618991298509,0.2744390741259095,0.2941561658085567,COOPERATIVA DE ECONOMIA E CRÉDITO MÚTUO DOS MAGISTRADOS DE SÃO PAULO - MAGISCRED
0.2744867554622705,0.6182558705715174,0.035225227196692924,JBCRED S.A. SCFI - PRUDENCIAL
0.27212467924739736,-0.13228136338676746,0.2380735441854944,COOPERATIVA DE CRÉDITO MÚTUO DE LIVRE ADMISSÃO DA REGIÃO ADMINISTRATIVA DE SOROCABA - SICOOB COOPERASO
0.29115776499603263,0.3898383335836948,0.26094768998599416,COOPERATIVA DE CRÉDITO DE SÃO FRANCISCO DE SALES LTDA. - SICOOB CREDISALES
0.38543094057151717,2.4429084861343324,-2.4941971263628924,REVOLUT SCD - PRUDENCIAL
0.2942822332764975,0.37251327272595114,0.27246830261154575,"COOPERATIVA DE CRÉDITO, POUPANÇA E INVESTIMENTO DOS POLICIAIS FEDERAIS DO RIO GRANDE DO SUL E SANTA CATARINA - SICREDI POL RS/SC"
0.29745804561022643,0.5550888435474827,0.17828217235106858,SICOOB CRED COPERCANA COOPERATIVA DE CRÉDITO
0.2894987024117937,0.6411837302970372,0.08741511091652655,ASA SCD - PRUDENCIAL
0.2750274797247794,-0.08128981462282067,0.27331350135302324,"COOPERATIVA DE CRÉDITO, POUPANÇA E INVESTIMENTO DO SISTEMA DE JUSTIÇA NO ESTADO DO CEARÁ - SICREDI COOPERJURIS"
0.29500823413712124,0.6965777972004571,0.021756790765928808,COOPERATIVA DE ECONOMIA E CRÉDITO MÚTUO DOS FUNCIONÁRIOS DA NESTLÉ - CREDI NESTLÉ
0.28855780992969715,0.37629634316718763,0.25911750343599016,COOPERATIVA DE CRÉDITO DE LIVRE ADMISSÃO SUL MARANHENSE - SICOOB SUL MARANHENSE
0.2626104918723686,-0.39751248467962325,0.19412246445980397,"COOPERATIVA DE ECONOMIA E CRÉDITO MÚTUO DOS EMPRESÁRIOS DE AMERICANA, LIMEIRA E REGIÃO - SICOOB ACICRED"
0.27198566818349507,-0.1924357979111591,0.26752705790643905,"COOPERATIVA DE CRÉDITO, POUPANÇA E INVESTIMENTO DOS PROFISSIONAIS MÉDICOS E DA SAÚDE DE CURITIBA E REGIÃO METROPOLITANA - SICREDI MEDICRED PR"
0.28965386120508885,0.2808473593443181,0.24753725504030386,COOPERATIVA DE ECONOMIA E CRÉDITO MÚTUO - COOPERSERV
0.2885331607614962,0.2180406779771355,0.22231452281373631,SICOOB UNISP - COOPERATIVA DE CRÉDITO
0.27452949700418244,0.2554056556370247,0.19770922812041358,FIDUCIA SCMEPP LTDA - PRUDENCIAL
0.29354564398443556,0.3496350181344128,0.2763899775418715,"COOPERATIVA DE CRÉDITO, POUPANÇA E INVESTIMENTO DAS CARREIRAS DO MINISTÉRIO PÚBLICO, TRIBUNAL DE CONTAS E SECRETARIA DA FAZENDA DO RIO GRANDE DO SUL - SICREDI MP RS"
0.2596292353869006,-0.4758203829296184,0.22306227293976477,COOPERATIVA DE CRÉDITO CLÁSSICA DOS EMPREGADOS DA VALE S/A E ENTIDADES VINCULADAS LTDA. - SICOOB COOPVALE
0.2917020474622087,0.2867335023167876,0.2484342776349303,CREDISIS OESTE - COOPERATIVA DE CRÉDITO E INVESTIMENTO DO OESTE
0.30023496578859293,0.558306502107794,0.1882287624226271,COOPERATIVA DE ECONOMIA E CRÉDITO MÚTUO DOS EMPREGADOS DO BANRISUL
0.29791161554582324,0.93930810470329,-0.3593344360661845,ACCREDITO SOCIEDADE DE CREDITO DIRETO - PRUDENCIAL
0.3017714996022626,1.2469574948420634,-0.7722606408762889,KANASTRA FINANCEIRA CFI - PRUDENCIAL
0.2662757334337268,-0.312842363402147,0.24480935061961637,"COOPERATIVA DE CRÉDITO DOS CONTADORES, ADMINISTRADORES DE EMPRESAS, ECONOMISTAS E CORRETORES DE SEGUROS LTDA. - SICOOB CREDITABIL"
0.20548176683893188,-1.1729534242869764,0.26846397303385994,FINAXIS - PRUDENCIAL
0.2898926887153719,0.2732154651110007,0.22361361126431875,COOPERATIVA DE CRÉDITO MÚTUO - SICOOB CREDIACISC
0.2949263767989733,0.45834031479515697,0.22959436700505514,COOPERATIVA DE CRÉDITO MÚTUO DOS SERVIDORES MUNICIPAIS DE SÃO JOÃO DA BOA VISTA - CREDIVISTA
0.2993553726553219,0.47791817263267933,0.2877089483750141,COOPERATIVA DE CRÉDITO DOS EMPRESÁRIOS DE MANAUS - SICOOB CREDEMPRESAS-AM
0.30491072436232897,0.965302623649772,-0.376486251192133,AF ESTADO DE PERNAMBUCO S.A. - PRUDENCIAL
0.28494505137104253,0.1948600398838023,0.1218953761672994,SICOOB CREDICONSUMO - COOPERATIVA DE CRÉDITO
0.3022113079790545,0.7218473328609806,-4.6015061975425604e-4,COOPERATIVA DE ECONOMIA E CREDITO MUTUO DOS EMPREGADOS DAS EMPRESAS RANDON
0.2740395144359952,-0.1166273987905822,0.28401698498137146,SICOOB CREDIMED - COOPERATIVA DE CRÉDITO DE LIVRE ADMISSÃO DA CIDADE DE UBERABA LTDA.
0.26931727714371256,-0.1734060730133261,0.23037259079169953,COOPERATIVA DE CRÉDITO DE LIVRE ADMISSÃO CENTRO NORDESTE - SICOOB CENTRO NORDESTE
0.29972713836427367,0.6707637166107632,0.09733720328399166,COOPERÁGUIA - COOPERATIVA DE ECONOMIA E CRÉDITO MÚTUO DOS EMPREGADOS DO GRUPO ÁGUIA BRANCA
0.2895486857629284,0.2910489834042567,0.15286786059182067,"COOPERATIVA DE ECONOMIA E CRÉDITO MÚTUO DOS SERVIDORES DA FUNDAÇÃO HOSPITALAR E EMPREGADOS DOS ESTABELECIMENTOS HOSPITALARES DE BELO HORIZONTE, REGIÃO METROPOLITANA E ZONA DA MATA LTDA.- SICOOB CECREF"
0.292001807139748,0.34964133132141484,0.21147707292017145,COOPERATIVA DE CRÉDITO - SICREDI COOMAMP
0.2955371508307943,0.6682100381850721,0.0679260507622485,COOPERATIVA DE ECONOMIA E CRÉDITO MÚTUO DO GRUPO BASF
0.29407488097051393,0.6714751160128436,0.09570044025627503,"COOPERATIVA DE CRÉDITO MÚTUO DOS EMPREGADOS DO MAGAZINE LUIZA, EMPRESAS CONTROLADAS E COLIGADAS - COOPLUIZA"
0.28294635360990533,0.2644362116631621,0.10947226937852651,COOPERATIVA DE ECONOMIA E CRÉDITO MÚTUO DOS SERVIDORES PÚBLICOS DO ESTADO DE SÃO PAULO - CREDIPAULISTA
0.29077182208895397,0.6734786109600694,-0.027591460089521694,FFCRED SCD - PRUDENCIAL
0.2648377920134532,0.37166387478485097,0.040296822335448665,DIRECAO S.A. CFI - PRUDENCIAL
0.26537638219351345,-0.26175660346520313,0.17456612476104652,COOPERATIVA DE CREDITO SICOOB COOPEC LTDA.
0.2734717839791006,-0.14387457036160403,0.27900825126510576,"COOPERATIVA DE CRÉDITO, POUPANÇA E INVESTIMENTO DA ADVOCACIA E SERVENTUÁRIOS DO PODER JUDICIÁRIO NO ESTADO DO RIO GRANDE DO SUL - SICREDI COOABCRED RS"
0.2911083621511084,0.29193403217763936,0.263634365549142,COOPERATIVA DE CRÉDITO CREDIPIMENTA LTDA. - SICOOB CREDIPIMENTA
0.2873812090652005,0.1676960849623566,0.24077639551288466,COOPERATIVA DE CRÉDITO DE LIVRE ADMISSÃO DA REGIÃO SUL DO MARANHÃO - SICREDI SUL DO MARANHÃO
0.1776056501685809,-2.5114744369014996,0.26369345340350675,COOPERATIVA DE ECONOMIA E CRÉDITO MÚTUO DOS COLABORADORES DA VALE S.A LTDA. - SICOOB CREDIVALE
0.28570883695279486,0.11569698855233389,0.2957661425524872,CREDISIS/CREDISUL COOPERATIVA DE CRÉDITO
0.2988968278991138,0.6691808109852057,0.10237821070465594,COOPERATIVA DE ECONOMIA E CRÉDITO MÚTUO DOS FUNCIONÁRIOS DA CARGILL
0.28648029643622974,0.21574914164472173,0.1919237984453051,"COOPERATIVA DE CRÉDITO, POUPANÇA E SERVIÇOS FINANCEIROS DE AGRICULTORES E AEROPORTUÁRIOS DO BRASIL - CREHNOR"
0.23161311642257654,-1.1079767910709846,0.3272780527535027,PAGOL SCD - PRUDENCIAL
0.2934299076003418,0.3790866196919519,0.19405488809566895,COOPERATIVA DE ECONOMIA E CRÉDITO MÚTUO DOS EMPREGADOS DA CENTRAIS ELÉTRICAS DE SANTA CATARINA - CREDELESC
0.292170573186545,0.5897492283268815,0.15965202747345564,SCD CREDITAS - PRUDENCIAL
0.2783975380595394,0.5380775214288491,0.01840389248122777,ECONOMIA CI S.A.-ECONOMISA - PRUDENCIAL
0.2451262782764158,-0.039321336654808546,0.2520704011778041,CREFAZ SCMEPP - PRUDENCIAL
0.21719757772595055,-1.2637841026048888,0.2947214553776295,MOVA SEP - PRUDENCIAL
0.29280400487597813,0.5574725053416997,0.17965956491462384,AG. FOMENTO ESTADO DO TOCANTINS - PRUDENCIAL
0.22597702358308638,-1.3056384222729245,0.30475535284417665,"COOPERATIVA DE CRÉDITO, POUPANÇA E SERVIÇOS FINANCEIROS"
0.27601236380755234,0.3243405275451464,0.2869604453157655,CAPITAL CONSIG SCD - PRUDENCIAL
0.3037186993942099,0.7226194114853131,0.02580709736228888,COOPERATIVA DE CAPITAL E EMPRÉSTIMO COOPERMULTICRED - COOPERMC
0.2686836419895269,0.19910904669568436,0.24005966501639772,UY3 SCD - PRUDENCIAL
0.2735693005692235,0.08506061258104657,0.29115398268518,AFAL - PRUDENCIAL
0.30222231648229214,0.701299596272911,0.05191845677789325,COOPERATIVA DE ECONOMIA E CRÉDITO MÚTUO DOS EMPREGADOS DA MONDELEZ BRASIL E PHILIP MORRIS BRASIL - SICOOB COOPMOND
0.2737371749595873,-0.054941977813219495,0.16299343051023638,COOPERATIVA DE CRÉDITO MÚTUO DOS SERVIDORES PÚBLICOS - CREDI-SP
0.2589590725352059,-0.15105618543841265,0.2804326241077558,INTEX BANK BCO CÂMBIO - PRUDENCIAL
0.20745706540288567,-1.3896147859236976,0.25077895002452444,ARTTA SCD PRUDENCIAL
0.2991957708351448,0.5769602685978903,0.11399022150316136,COOPERATIVA DE CRÉDITO RURAL DOS PLANTADORES DE CANA DE ALAGOAS
0.30587049029525165,0.6639097977206946,0.10844640945347118,COOPERATIVA DE ECONOMIA E CREDITO MUTUO DOS MEDICOS E DEMAIS PROFISSIONAIS DA SAUDE DE JOACABA
0.29169813188905797,0.5177363055473374,-0.01296435539030573,CREDISIS COOPERUFPA - COOPERATIVA DE ECONOMIA E CRÉDITO MÚTUO DOS SERVIDORES PÚBLICOS FEDERAIS E ESTADUAIS E DAS ENTIDADES DE ENSINO COM SEUS RESPECTIVOS FUNCIONÁRIOS NO ESTADO DO PARÁ
0.29042861146353893,0.7920247624998608,-0.18800516675082238,BCO INDUSCRED DE INVESTIM. S/A - PRUDENCIAL
0.2985106057146439,0.4991901151864304,0.17740998939813746,COOPERATIVA  ECONOMIA CRÉDITO MÚTUO  SERVS E EMPREGADOS PÚBLICOS MUNIC DE BELO HORIZONTE BETIM BRUMADINHO CONTAGEM IBIRITÉ NOVA LIMA RIBEIRÃO DAS NEVES SABARÁ SANTA LUZIA E VESPASIANO SICOOB CREDISERV
0.27693737394169077,0.584584858965988,0.13492549419389555,GRAZZIOTIN FINANCEIRA - PRUDENCIAL
0.28082817670813953,0.5700295869728176,0.1727555414011533,VALOR CFI - PRUDENCIAL
0.29119962603391897,0.2616415242167092,0.2922616878655822,COOPERATIVA DE CRÉDITO DE ITAPETININGA - SICOOB CRED-ACI
0.2791833040071454,-0.005932266556019171,0.2528889906822249,COOPERATIVA DE ECONOMIA E CRÉDITO MÚTUO SICOOB CRED-ACILPA
0.2801037557288012,0.45395737968088545,0.19925528514805868,J17 SCD - PRUDENCIAL
0.3019228087204266,0.734793334264942,0.0071152731801586554,COOPERATIVA DE ECONOMIA E CRÉDITO MÚTUO DOS EMPREGADOS DO GRUPO COLORADO
0.2918512290456813,0.3510328260614015,0.13888574357375996,COOPERATIVA DE ECONOMIA E CREDITO MUTUO DOS FUNCIONARIOS DA COMIGO
0.3170950781490912,0.47084692818594986,0.3231287861032932,DANK SCD - PRUDENCIAL
0.30509398273927485,1.089838036529017,-0.550655809546313,RED SCD - PRUDENCIAL
0.11774214078305076,-3.6475876823853106,0.322938869157554,SOMAPAY SCD - PRUDENCIAL
0.3042594367052445,0.6336050971203288,0.08828009195466731,COOPERATIVA DE CREDITO DOS FORNECEDORES DE CANA E DEMAIS PRODUTORES RURAIS DO CENTRO DO ESTADO DE SAO PAULO - CREDICENTRO
0.3023614810474408,0.6659661863808339,0.09110200702100389,COOPERATIVA DE ECONOMIA E CRÉDITO MÚTUO DOS FUNCIONÁRIOS DA FUNDAÇÃO ZERBINI E DA FUNDAÇÃO FACULDADE DE MEDICINA (FFM) - COOPINCOR
0.3029676885877503,0.7010445505889823,0.0457664852509366,COOPERATIVA DE ECONOMIA E CRÉDITO MÚTUO DOS EMPREGADOS DO GRUPO SCHAEFFLER
0.29541811645090094,0.35189929768107486,0.27399008281012915,MEDCRED COOPERATIVA DE CRÉDITO
0.3018394715180299,0.5322197111756352,0.22943773145313368,COOPERATIVA DE CRÉDITO MÚTUO DOS SERVIDORES FEDERAIS NA PARAÍBA - SICOOB COOPERCRET
0.3017370013262387,0.6856979348743486,0.04098499297978834,COOPERATIVA DE ECONOMIA E CRÉDITO MÚTUO DOS EMPREGADOS DA CBMM LTDA.
0.2778315612977853,-0.03970310406789812,0.18932133327870734,SERVICOOP - COOPERATIVA DE CRÉDITO DOS SERVIDORES PÚBLICOS ESTADUAIS E MUNICIPAIS DO RIO GRANDE DO SUL
0.2904636741691844,0.3115223149081868,0.10874151601405974,COOPERATIVA    DE    ECONOMIA    E    CRÉDITO   MÚTUO  MINUANO
0.2882417969722655,0.6578345607103836,-0.0013425020577952796,TAMBASA SCD - PRUDENCIAL
0.29828727305567615,0.4735852056270032,0.1280408142870003,COOPERATIVA DE CRÉDITO MÚTUO DO ABC - COOPER 7
0.3055361333864847,0.6963726554782143,0.05904122972316697,COOPERATIVA DE ECONOMIA E CRÉDITO MÚTUO DOS SERVIDORES DA UNIVERSIDADE ESTADUAL DE CAMPINAS - COOPERUNICAMP
0.2701580463663368,0.15190000572749923,0.27005728470846885,MONEYCORP - PRUDENCIAL
0.3002207197577075,0.7556977894960643,-0.07680891595204721,TTSCD SCD  - PRUDENCIAL
0.2962529431286316,0.7801042887157756,-0.17588163201358079,BCO CEDULA S.A. - PRUDENCIAL
0.29240092457992906,0.7180004646131357,-0.021823004625106043,COMPREV CFI - PRUDENCIAL
0.30202729611583556,0.59207797130835,0.13215554212593364,COOPERATIVA DE CRÉDITO DOS FORNECEDORES DE CANA DE BARRA BONITA E REGIÃO
0.3044601313323316,0.6996856864389961,0.05547705400091052,COOPERATIVA DE ECONOMIA E CRÉDITO MÚTUO DOS FUNCIONÁRIOS DA ERICSSON - COOPERICSSON
0.2517984593876293,-0.6769572939974008,0.2781277741233483,COOPERATIVA DE ECONOMIA CRÉDITO MÚTUO - SICOOB CREDSAÚDE
0.2892820290123058,0.6620770054917319,0.057941064982902524,PINTOS CFI - PRUDENCIAL
0.30434027984192913,0.6159996537836964,0.13638352636036533,COOPERATIVA DE CRÉDITO MÚTUO DOS SERVIDORES DO MINISTERIO DA EDUCAÇÃO EM SÃO PAULO - COOPEMESP
0.29151122014116027,0.6881412725253803,0.016080503772864754,BANCO PORTO REAL DE INVEST.S.A - PRUDENCIAL
0.304391957281115,0.657509764056367,0.07585010384550267,COOPERATIVA DE ECONOMIA E CRÉDITO MÚTUO DOS EMPREGADOS DAS EMPRESAS DO GRUPO ECONÔMICO RHODIA - CREDIRHODIA
0.2949327516035832,0.35330851441897154,0.14960599653786538,COOPERATIVA DE CRÉDITO SICOOB CREDMETAL
0.29255844849258256,0.6634781658290176,0.05519155956451839,Z-ON SCD - PRUDENCIAL
0.3062864113576072,0.6794010737354199,0.08384456858709555,CREBEL - COOPERATIVA DE ECONOMIA E CRÉDITO MÚTUO DOS COLABORADORES DAS EMPRESAS BELGO BEKAERT - CREBEL LTDA.
0.2830205611285092,0.02457139971404272,0.23244857287693957,COOPERATIVA DE CREDITO RURAL DE IBIAM - SULCREDI/IBIAM
0.28524689805513587,0.6536984031154,0.03197497109201895,BIGCASH SCD - PRUDENCIAL
0.3040814520751757,0.6997603216101704,0.05541951590162314,COOPERATIVA DE ECONOMIA E CRÉDITO MÚTUO DOS FUNCIONÁRIOS DA TETRA PAK
0.29314450253111696,0.2984250951040458,0.06154703456247549,"COOPERATIVA DE ECONOMIA E CRÉDITO MÚTUO DOS APOSENTADOS, PENSIONISTAS E IDOSOS - SICOOB COOPERNAPI"
0.30516593412689397,0.6741616856040165,0.06999354491625442,COOPERATIVA DE ECONOMIA E CRÉDITO MÚTUO DOS TRABALHADORES DA CIA. DE PROCESSAMENTO DE DADOS DO ESTADO DE SÃO PAULO - CREDIPRODESP
0.2932676676606663,0.5575815580468365,-0.21038822438265634,SER FINANCE SCD - PRUDENCIAL
0.2725551490436138,0.13420401012356625,0.22557571809293314,GOLCRED - PRUDENCIAL
0.297037061925923,0.4117625844085455,0.20758674417128797,COOPERATIVA DE ECONOMIA E CRÉDITO MÚTUO DOS SERVIDORES PÚBLICOS DE PINHÃO - CRESERV CREDISIS
0.2965671080195093,0.6922646485877312,0.013609146120314037,BONUSPAGO SCD - PRUDENCIAL
0.30532264907053397,0.7115587168685792,0.0375323378536946,COOPERATIVA DE CRÉDITO MÚTUO DOS SERVIDORES DA ASSEMBLEIA LEGISLATIVA DO ESTADO DE SÃO PAULO - COOPERALESP
0.30083738578552116,0.5146919180666473,0.13287239735721135,COOPERATIVA DE CRÉDITO DOS MAGISTRADOS DO ESTADO DO RIO DE JANEIRO LTDA. - MAGICREDI-RJ
0.30550080995534373,0.7138854318000779,0.03332203536981611,COOPERATIVA DE ECONOMIA E CRÉDITO MÚTUO DOS FUNCIONÁRIOS DA VILLARES METALS
0.29510970896353805,0.4270416998925834,0.0717721339047949,COOPERATIVA DE ECONOMIA E CRÉDITO MÚTUO DOS EMPREGADOS DA COMPANHIA BRASILEIRA DE ALUMÍNIO
0.30819341121829363,0.719552559941953,-0.021637286904552366,COOPERATIVA DE ECONOMIA E CRÉDITO MÚTUO DOS COLABORADORES DO GRUPO EMPRESARIAL A COSTA LTDA.
0.29724397197891395,0.4596947368107132,0.11823392002937815,COOPERATIVA DE ECONOMIA E CRÉDITO MÚTUO DOS EMPREGADOS DA AÇO MINAS GERAIS S.A. - AÇOMINAS E EMPRESAS SUBSIDIÁRIAS EM OURO BRANCO LTDA. - COOPAÇO
0.30573301309603645,0.6855799189630633,0.07250472220704374,COOPERATIVA DE ECONOMIA E CRÉDITO MÚTUO DOS FUNCIONÁRIOS DO GRUPO OWENS-ILLINOIS DO BRASIL
0.2993147334947795,0.8457685158921979,-0.21127573332291247,SOCIAL BANK BANCO MULTIPLO - PRUDENCIAL
0.3044543985358835,0.6100925613573314,0.1759969881785981,INDEPENDÊNCIA COOPERATIVA DE CRÉDITO E INVESTIMENTO - INDEPENDÊNCIA COOPERATIVA DE CRÉDITO
0.2524873672232471,-0.5947172548241971,0.03796645693019636,COOPERATIVA DE ECONOMIA E CRÉDITO MÚTUO DOS FUNCIONÁRIOS DO GRUPO JAL LTDA.
0.3044400485310146,0.6419289715317856,0.06825822790657662,COOPERATIVA DE ECONOMIA E CRÉDITO MÚTUO DOS EMPREGADOS DAS EMPRESAS CONTROLADAS E COLIGADAS DA USINA SANTA ADELIA - USAGRO
0.30469294493763166,0.6324971822411682,0.043197809596137844,COPERCRED - COOPERATIVA DE ECONOMIA E CRÉDITO MÚTUO DOS EMPREGADOS DAS EMPRESAS ZILLO LORENZETTI
0.3059839961694964,0.691862618360721,0.042023654264264174,COOPERATIVA DE ECONOMIA E CRÉDITO MÚTUO DOS SERVIDORES DA PREFEITURA MUNICIPAL DE ORLÂNDIA - CRED SERV
0.3064535125658384,0.7080550149025884,0.032442564549670025,COOPERATIVA DE ECONOMIA E CRÉDITO MÚTUO DOS EMPREGADOS DAS EMPRESAS METALÚRGICAS DE MATÃO - METALCOOPERCRED
0.304910845405581,0.6454098897055777,0.028344255103260066,COOPERATIVA DE CRÉDITO DOS EMPREGADOS DA MINERAÇÃO RIO DO NORTE
0.28936759772347703,0.5140588528848558,0.26553549820314304,COBANSA CH S.A. - PRUDENCIAL
0.3091385802271666,0.794885669081931,-0.08026244443940232,COOPERATIVA DE CRÉDITO DOS EMPREGADOS DE ELEVADORES ATLAS
0.26663109592720813,-0.2704395639591034,0.07032947135183816,COOPERATIVA DE CRÉDITO DOS SERVIDORES PÚBLICOS MUNICIPAIS DA GRANDE VITÓRIA/ES
0.28310328197765966,0.4691467088185141,0.06993477635090613,AG. FOMENTO ESTADO DE RORAIMA - PRUDENCIAL
0.28933738259517267,0.5537363627058642,0.2112076387407999,VIA CAPITAL SCD  - PRUDENCIAL
0.3067106143531686,0.7014384780223488,0.04980166406096309,COOPERATIVA DE ECONOMIA E CRÉDITO MÚTUO DOS SERVIDORES PÚBLICOS MUNICIPAIS EM JOÃO MONLEVADE LTDA. - COPREMON
0.30448411989371477,0.6690231007427726,0.004149785566466053,COOPERATIVA DE ECONOMIA E CRÉDITO MÚTUO DOS COLABORADORES DA CEBRACE
0.28038250311921975,-0.027891273139970283,0.20857330230573054,COOPERATIVA DE CRÉDITO E INVESTIMENTO UNINDÚSTRIA
0.29242518402026096,0.6163158191889818,0.12195768736821687,LISTO SCD - PRUDENCIAL
0.3006091473941141,0.45001530652923155,0.21179444714847548,COOPERATIVA DE CREDITO RURAL DE GUACUI - CREDIGUAÇUÍ
0.30316343412935004,0.526550941542446,0.24979519741168463,COOPERATIVA DE CRÉDITO MÚTUO DOS POLICIAIS FEDERAIS E SERVIDORES PÚBLICOS NO ESPÍRITO SANTO - CREDFEDERAL
0.30501975303813456,0.6206075553085464,0.1520656588039717,COOPERATIVA DE ECONOMIA E CRÉDITO MÚTUO DOS FUNCIONÁRIOS DA TICKET SERVIÇOS COMÉRCIO E ADMINISTRAÇÃO
0.22290046328887186,-1.059764826035671,0.25166582092934076,CDC SCD - PRUDENCIAL
0.30659325499509926,0.6962590976164293,0.05894956533227108,COOPERATIVA DE ECONOMIA E CRÉDÍTO MÚTUO DOS FUNCIONÁRIOS DA MWM TUPY DO BRASIL
0.2969821190169496,0.3815547289648733,0.18952870369773456,COOPERATIVA DE CRÉDITO E SERVIÇOS FINANCEIROS DE CURITIBA E REGIÃO METROPOLITANA
0.29504290967723457,0.35086238260381514,0.178677181950116,COOPERATIVA DE ECONOMIA E CRÉDITO MÚTUO DOS EMPREGADOS DA CEMIG E DAS INDÚSTRIAS METALÚRGICAS E DE MATERIAL ELÉTRICO E DOS SERVIDORES PÚBLICOS MUNICIPAIS DE JUIZ DE FORA LTDA. - SICOOB CECREMEC
0.30429375173147033,0.6139692121002178,0.08818158187725902,"COOPERATIVA DE ECONOMIA E CRÉDITO MÚTUO DOS EMPREGADOS DA UNIÃO MARISTA DO BRASIL E SUAS ASSOCIADAS, PROVÍNCIA MARISTA BRASIL CENTRO-NORTE E UNIÃO BRASILEIRA DE EDUCAÇÃO CATÓLICA."
0.2742938548171312,0.21075193254633454,0.06683347400957233,FAMILIA PAULISTA CI S.A. - PRUDENCIAL
0.260647249781426,-0.5016683118891727,0.29035510582103125,COOPERATIVA DE ECONOMIA E CREDITO MUTUO DOS EMPREGADOS DE CHOCOLATES GAROTO LTDA. - CREDI-GAROTO
0.3074978974255442,0.6886365815739237,0.07138944829411242,COOPERATIVA DE ECONOMIA E CRÉDITO MÚTUO DOS  EMPREGADOS DA TUPY MINAS GERAIS LTDA. E NEMAK ALUMÍNIO DO BRASIL LTDA.
0.30887456185241335,0.7563637142494753,-0.026580798793223073,COOPERATIVA DE ECONOMIA E CRÉDITO MÚTUO DOS EMPREGADOS DO SISTEMA FIERGS - CRESUL
0.30708718139700036,0.7052962362284144,0.04337543205523908,COOPERATIVA DE ECONOMIA E CRÉDITO MÚTUO DOS FUNCIONÁRIOS PÚBLICOS MUNICIPAIS DE ITAPIRA - CREDITA
0.3067864632081973,0.7030268133822937,0.047552453146419316,COOPERATIVA DE CRÉDITO COOPHARMA
0.3082296162646717,0.7168686749715486,0.029471426165593576,COOPERATIVA DE ECONOMIA E CREDITO MUTUO DOS EMPREGADOS DO GRUPO BAYER LTDA
0.28635697137900373,0.07981245080531435,0.29195857532081665,CREDISIS COOPESA - COOPERATIVA DE ECONOMIA E CRÉDITO
0.27959858932158155,0.2899485043635847,0.22396153620441195,BNK DIGITAL SCD - PRUDENCIAL
0.30632141188391193,0.6851716882702239,0.01475611408317641,COOPERATIVA DE ECONOMIA E CREDITO MUTUO DOS SERVIDORES DA COMLURB LTDA
0.3098323949058909,0.757941688040058,-0.025427893619977784,COOPERATIVA DE CRÉDITO DOS SERVIDORES PÚBLICOS MUNICIPAIS DE TIMÓTEO LTDA. - COOPERTIM
0.30689217478066255,0.6967100208363407,0.0582447658840031,COOPERATIVA DE ECONOMIA E CRÉDITO MÚTUO DOS EMPREGADOS DO GRUPO SBF LTDA. - COOPER ATIVA SBF
0.3083814327898014,0.7194305687223891,0.024003600072978207,COOPERATIVA DE ECONOMIA E CREDITO MUTUO DOS EMPREGADOS DE ELEVADORES ATLAS SCHINDLER LTDA.
0.307375346095686,0.7021912379907654,0.049503659188891685,COOPERATIVA DE ECONOMIA E CRÉDITO MÚTUO DOS EMPREGADOS DA NOVELIS
0.3108397467102964,0.8077883588658913,-0.09616593051104529,COOPERATIVA DE ECONOMIA E CRÉDITO MÚTUO DOS EMPREGADOS DA SAMARCO MINERAÇÃO S.A. LTDA - CREDISAM
0.3074350023935127,0.7037721605537152,0.051736885470463484,COOPERATIVA DE ECONOMIA E CRÉDITO MÚTUO DOS FUNCIONÁRIOS DA ASTRAZENECA DO BRASIL
0.30684561327503745,0.6346492374673963,0.09687628004150925,COOPERATIVA DE ECONOMIA E CRÉDITO MÚTUO DOS SERVIDORES MUNICIPAIS DE POÇOS DE CALDAS LTDA. - COOPOÇOS
0.2992443266789397,0.47393026685999823,0.09854895734848118,COOPERATIVA DE ECONOMIA E CRÉDITO MÚTUO DOS SERVIDORES PÚBLICOS DO PODER EXECUTIVO FEDERAL NO ESTADO DO ESPÍRITO SANTO - CREDES
0.290987764774071,0.6044943777607543,0.13896505927958905,SUDACRED SCD - PRUDENCIAL
0.28787938504696986,0.5112521531847148,0.10509306003363948,UNAVANTI SCD - PRUDENCIAL
0.3008903149600706,0.5400312668119536,0.04670128030969006,COOPERATIVA DE ECONOMIA E CRÉDITO MÚTUO DOS SERVIDORES PÚBLICOS DA REGIÃO METROPOLITANA DE BELÉM - CREDISIS CREDBEM METROPOLITANA
0.3066132647283314,0.6236515950973497,0.1312702984615498,COOPERATIVA DE ECONOMIA E CRÉDITO MÚTUO DOS SERVIDORES MUNICIPAIS DE ITABIRA LTDA. - SICOOB COSEMI
0.2949542608077447,0.3713872558260048,0.08432570125346539,COOPERATIVA DE ECONOMIA E CRÉDITO MÚTUO DOS MEMBROS DO MINISTÉRIO PÚBLICO DE SÃO PAULO - PROMOCRED
0.30790135801834995,0.7085422397414965,0.04488961110389633,COOPERATIVA DE ECONOMIA E CRÉDITO MÚTUO DOS EMPREGADOS DA CONFAB
0.2758898085275951,0.19023254919638635,0.1698100876075924,MONETARIE SCD - PRUDENCIAL
0.3001003935454139,0.4702328752708526,0.17428529664379588,COOPERATIVA DE ECONOMIA E CREDITO MUTUO DOS SERVIDORES ESTATUTARIOS DA ADMINISTRAÇÃO DIRETA DO ESTADO DO ESPIRITO SANTO - COOPSERVIDOR ES
0.3074198916923975,0.6975627895170701,0.06053073215376764,COOPERATIVA DE CRÉDITO MÚTUO DOS EMPREGADOS DA SKF E COLIGADAS
0.3080272681201588,0.6880473761386839,0.0738807650624134,COOPERATIVA DE ECONOMIA E CRÉDITO MÚTUO DOS FUNCIONÁRIOS DO GRUPO COMOLATTI - SÃO PAULO
0.30732896154332573,0.63834772670223,0.14440288002516807,COOPERATIVA DE ECONOMIA E CRÉDITO MÚTUO DOS EMPREGADOS DA JOYSON SAFETY SYSTEMS - COOPERJSS
0.30751147836846965,0.687004892411432,0.048610755566070946,COOPERATIVA DE ECONOMIA E CRÉDITO MÚTUO DOS FUNCIONÁRIOS DO FLEURY
0.3077548633072091,0.6806401507071759,0.08354811830784786,COOPERATIVA DE ECONOMIA E CRÉDITO MÚTUO DOS FUNCIONÁRIOS DO GRUPO LORENZETTI
0.3080332509161414,0.7021931735379058,0.05114937408854664,COOPERATIVA DE ECONOMIA E CRÉDITO MÚTUO DOS FUNCIONÁRIOS DA BOMBRIL
0.2933680501903026,0.6407727414739846,0.0871596373006329,MICROCASH SCMEPP - PRUDENCIAL
0.2893189923023603,0.18790801847792435,0.26912415130073847,COOPERATIVA DE ECONOMIA E CRÉDITO MÚTUO DOS ELETRICITÁRIOS E DOS TRABALHADORES DAS EMPRESAS DO SETOR DE ENERGIA - COOPCRECE
0.3019022786022609,0.5237456755950085,0.11439720788395236,CREDJUST - COOPERATIVA DE CRÉDITO MÚTUO DOS INTEGRANTES DA JUSTIÇA DO TRABALHO DA 13- REGIÃO LTDA.
0.27808260632584214,0.26840512617502793,0.14823975626740638,CREDIFIT SCD - PRUDENCIAL
0.3088743356969191,0.7378087899429806,-0.10146911368354634,COOPERATIVA DE CRÉDITO RURAL DOS PLANTADORES DE CANA DA REGIÃO DE IGARAPAVA
0.21105115785271264,-1.2085834362647918,0.2287633586392163,LEND SCD - PRUDENCIAL
0.3079134306454114,0.7039389973261259,0.03707679918795927,COOPERATIVA DE CRÉDITO MÚTUO DOS EMPREGADOS DA PILKINGTON BRASIL
0.2764049786937559,0.21278594621534197,0.18075713740960273,GLOBAL SCM LTDA - PRUDENCIAL
0.27404859277775834,0.1859800748395075,0.165477246324316,SOCIALCRED S/A SCMEPP - PRUDENCIAL
0.2894348107072774,0.669192756784497,0.046788374132227084,ONCRED SCD - PRUDENCIAL
0.2890215783495948,0.5693583921484436,0.12914273512593524,BARU SCD - PRUDENCIAL
0.285330868099853,0.1159739953464401,0.16666760316724605,COOPERATIVA DE ECONOMIA E CRÉDITO MÚTUO DOS SERVIDORES DO DISTRITO FEDERAL LTDA. - COOSERVCRED
0.30364931371095893,0.5726119831692225,0.07703058591925604,COOPERATIVA DE ECONOMIA E CRÉDITO MÚTUO DOS SERVIDORES DA SECRETARIA DE DEFESA SOCIAL DO ESTADO DE MINAS GERAIS LTDA. - COOPSESP
0.2953068578275209,0.6258382741294863,0.10794827173752652,GALLERIA SCD - PRUDENCIAL
0.301868785972976,0.9571187620083771,-0.3650200251571661,G5 SCD - PRUDENCIAL
0.3085913965749742,0.6886605164450995,0.06842715297049956,NOSSA TERRA COOPERATIVA DE CRÉDITO DOS EMPREGADOS DAS EMPRESAS DE AGRONEGÓCIO E AFINS
-0.097210883547184615,-8.739434188972014,0.4015344392380656,ALL IN CRED SCD - PRUDENCIAL
0.2899796962787518,0.6463973602854186,0.061055779109488284,ZM SCD PRUDENCIAL
0.3029634374583347,0.5289142698516522,0.16317217038935747,COOPERATIVA DE ECONOMIA E CRÉDITO MÚTUO DOS FABRICANTES DE CALÇADOS DE SAPIRANGA LTDA.
0.3079611937723904,0.6760056743974711,0.08557713044365631,COOPERATIVA DE CRÉDITO MÚTUO DOS SERVIDORES DA SEGURANÇA PÚBLICA DE SÃO PAULO - CREDIAFAM
0.3088030145941378,0.6966865435433023,0.05967824699700758,COOPERATIVA DE ECONOMIA E CRÉDITO MÚTUO DOS FUNCIONÁRIOS DO GRUPO AVIBRAS - COOPER AVIBRAS
0.2905533391901813,0.2743472905522442,0.06499150587468891,COOPERATIVA DE ECONOMIA E CRÉDITO MÚTUO DOS TRABALHADORES NAS INDÚSTRIAS DE EXTRAÇÃO DE FERRO E METAIS BÁSICOS DA REGIÃO DE CONGONHAS LTDA. - COOFERSE
0.3076760879333225,0.6803498955504308,0.050811253071724294,COOPERATIVA DE ECONOMIA E CRÉDITO MÚTUO DOS FUNCIONÁRIOS DA FACULDADE DE CIÊNCIAS AGRÁRIAS E VETERINÁRIAS - CAMPUS DE JABOTICABAL/SP - COOPERFAC
0.29181173088171897,0.6006873275973394,0.1441890674618872,RAPIDIUM SCMEPP - PRUDENCIAL
0.28080873288477576,0.39467446968055014,-0.11428671038306416,ATF SCD - PRUDENCIAL
0.3087650026475847,0.7153227111601858,0.03421030058380935,COOPERATIVA DE ECONOMIA E CRÉDITO MÚTUO ALIANÇA - COOPERNITRO
0.3016086103229675,0.5206869878436693,0.10002446706852701,CRETOVALE - COOPERATIVA DE ECONOMIA E CRÉDITO MÚTUO DOS TRABALHADORES DA VALE
0.2942010149168673,0.70360513860143,-0.00643655524127189,HSCM SCMEPP LTDA. - PRUDENCIAL
0.2515505588782069,-0.3531579950437664,0.21790518969216985,UP.P SEP - PRUDENCIAL
0.2914941648672873,0.5926222908619706,0.1512131138495294,DAPPER SCD - PRUDENCIAL
0.29901818864476915,0.8770589361624288,-0.27976120123235926,MULTICRED SCD - PRUDENCIAL
0.29347286348328394,0.6114926807335582,0.126819530949172,DUFRIO CFI - PRUDENCIAL
0.3086123458922134,0.7170001688135241,0.01576037987448238,COOPERATIVA DE ECONOMIA E CRÉDITO MÚTUO DOS FUNCIONÁRIOS DA ELGIN
0.30655242170945896,0.6607161758721067,0.05466114855959456,COOPERATIVA DE ECONOMIA E CRÉDITO MÚTUO DOS EMPREGADOS DO GRUPO TELEFÔNICA
0.18650375859044527,-2.2319109464879827,0.1013035221407961,COOPERATIVA DE ECONOMIA E CREDITO MUTUO DOS SERVIDORES DA EMPRESA BRASILEIRA DE CORREIOS E TELEGRAFOS LTDA
0.294534978310836,0.7003991262800844,-0.008230964016067393,DGBK CREDIT SCD - PRUDENCIAL
0.30896291658819314,0.7130869840235292,0.03734509476721988,COOPERATIVA DE ECONOMIA E CRÉDITO MÚTUO DOS SERVIDORES DA FACULDADE DE ENGENHARIA DE ILHA SOLTEIRA - COOPERFEIS
0.2777135835089557,0.24461227875402605,0.22762208063695435,SCB CRÉDITO SCMEPP - PRUDENCIAL
0.3087377559053368,0.7043703265661707,0.014934916457999815,COOPERATIVA DE ECONOMIA E CRÉDITO MÚTUO DOS EMPREGADOS DA EATON
0.2955126649197945,0.7247720438581716,-0.03215767294739698,GERU SCD - PRUDENCIAL
0.3081580081816652,0.6833065891060424,0.0760855339660374,COOPERATIVA DE ECONOMIA E CRÉDITO MÚTUO DOS EMPREGADOS DA SAINT-GOBAIN DO BRASIL PRODUTOS INDUSTRIAIS E PARA CONSTRUÇÃO - DIVISÃO VIDRO PLANO
0.30732470738061113,0.6454009296139582,0.10662138174655338,"COOPSEBRAE - COOPERATIVA DE CREDITO MUTUO DOS EMPREGADOS DO SEBRAE/PB, SEBRAE/RN, SESC/PB, SENAC/PB E SENAR/PB"
0.28958148859843974,0.5081803824558208,0.27560259583903207,PEAK SEP - PRUDENCIAL
0.2641679533838219,-0.03359601285195373,0.12286367428223283,HBI SCD - PRUDENCIAL
0.30064447223947605,0.6687813851848295,0.04611451342942663,SOLFÁCIL SCFI - PRUDENCIAL
0.30249771434220074,0.552416843893688,0.03691459029116133,COOPERATIVA DE ECONOMIA E CRÉDITO MÚTUO DOS EMPREGADOS DA MOSAIC FERTILIZANTES DE UBERABA - COPERURA LTDA.
0.3082747779118203,0.6895770722852925,0.04390928598880853,COOPERATIVA DE CRÉDITO MÚTUO DOS FUNCIONÁRIOS DA RICLAN
0.307970129090032,0.6644470922982978,0.09477311686327315,COOPERATIVA DE ECONOMIA E CRÉDITO MÚTUO DOS EMPREGADOS DA MAGNESITA REFRATÁRIOS S.A. LTDA. - CECREM
0.3075765078426287,0.6550600692137726,0.10006425228180944,COOPERATIVA DE ECONOMIA E CRÉDITO MÚTUO DOS FUNCIONÁRIOS DA OWENS CORNING FIBERGLAS AMÉRICA DO SUL
0.3099892224265597,0.7442739165415329,-0.0070137639703057465,COOPERATIVA DE ECONOMIA E CRÉDITO MÚTUO DOS FUNCIONÁRIOS DAS EMPRESAS DO GRUPO DANA - COOPDANA
0.30803334499913565,0.6710082943600106,0.09800219675153303,COOPERATIVA DE ECONOMIA E CRÉDITO MÚTUO DOS FUNCIONÁRIOS DAS EMPRESAS ITAÚ
0.2883669954892929,0.1983773569744403,0.06567927669023996,COOPERATIVA DE ECONOMIA E CREDITO MUTUO DOS EMPREGADOS DAS EMPRESAS DE TRANSPORTES COLETIVOS RODOVIÁRIOS DE PASSAGEIROS DO GRANDE RIO LTDA
0.31120859329761585,0.8044338515122945,-0.21235980740905355,COOPERATIVA DE ECONOMIA E CREDITO MÚTUO DOS PROFESSORES ESTADUAIS DA REGIÃO METROPOLITANA DE PORTO ALEGRE - EDUCREDI
0.3096865343046136,0.7283520745208949,0.0048621892108501995,COOPERATIVA DE ECONOMIA E CRÉDITO MÚTUO DOS FUNCIONÁRIOS DO GRUPO MAUÁ E EMPRESAS COLIGADAS LTDA. - COOPMAUÁ
0.30247375971678536,0.544281967875315,0.08959969484170506,COOPERATIVA DE CRÉDITO DOS EMPREGADOS DA COMPANHIA INDUSTRIAL CATAGUASES E DA BAUMINAS LTDA. - COOPECIC
0.30781563729853056,0.6744406807628914,0.07437820657629232,COOPERATIVA DE CRÉDITO MÚTUO DOS EMPREGADOS DA FIAÇÃO ALPINA - COOPERALPINA
0.3085076009297641,0.6432951339095853,0.11026060204309716,COOPERATIVA DE CRÉDITO RURAL DO AGRESTE ALAGOANO - COOPERAGRE
0.30669518158257614,0.6454634972808347,0.09680989535134792,COOPERATIVA DE ECONOMIA E CRÉDITO MÚTUO DOS FUNCIONÁRIOS DAS EMPRESAS DE CERÂMICA - COOPASPACER
-0.15400591312647996,-10.130335091639042,0.4186774001783132,MAGNUM SCD - PRUDENCIAL
0.2878378754506751,0.6491466547646311,-0.02925321109162131,PERCAPITAL SCD - PRUDENCIAL
0.30463266717198667,0.6023594374322093,0.055301590656975125,COOPERATIVA DE CRÉDITO MÚTUO DOS FUNCIONÁRIOS DAS EMPRESAS FERROVIÁRIAS NO ESTADO DE SÃO PAULO
0.3026037769199686,0.5476112821069237,0.07860201448041423,COOPERATIVA DE ECONOMIA E CRÉDITO MÚTUO DOS EMPREGADOS DAS INDÚSTRIAS UNILEVER DO BRASIL
0.2499205387291284,-0.4592106424239271,0.25375877065952135,FONTECRED SCD - PRUDENCIAL
0.3080264246278539,0.6750336004578128,0.07976220639593154,COOPERATIVA DE ECONOMIA E CRÉDITO MÚTUO DOS FUNCIONÁRIOS DAS EMPRESAS MELHORAMENTOS DE SÃO PAULO - COOPERMEL
0.296645225894341,0.3570993232743348,0.18967489131875967,COOPERATIVA DE CRÉDITO DOS BANCÁRIOS DE SÃO PAULO E MUNICÍPIOS LIMÍTROFES
0.29048314498085365,0.5141493953406436,0.266985305180207,N26 SCD - PRUDENCIAL
0.30259923520972243,0.5162820836993515,0.21508087772697698,HR DIGITAL SCD - PRUDENCIAL
0.29210213485901393,0.2831808870873803,0.09873697105830995,COOPERATIVA DE ECONOMIA E CREDITO MUTUO DOS SERVIDORES MUNICIPAIS DO SUL FLUMINENSE LTDA.
0.3101558881852069,0.7382478820895337,-0.0038865741987041836,COOPERATIVA DE ECONOMIA E CRÉDITO MÚTUO DOS EMPREGADOS DA RECKITT BENCKISER
0.3049900826686483,0.5916155768094183,0.09730294389417746,COOPERATIVA DE ECONOMIA E CRÉDITO MÚTUO DOS FUNCIONÁRIOS DO GRUPO GERDAU - AÇOS FINOS PIRATINI
0.2847417270144438,0.44581089660610745,0.14732503128162,BMS SCD - PRUDENCIAL
0.2940781810094098,0.6443301205188505,0.08200819878175505,TRYBE SCD - PRUDENCIAL
0.3094313435901201,0.7217474775209706,0.019611055610607095,"COOPERATIVA DE ECONOMIA E CRÉDITO MÚTUO DOS EMPREGADOS DA CNC, SESC E SENAC ADMINISTRAÇÕES NACIONAIS LTDA."
0.3115853158779511,1.2680766906144503,-0.8044630863866895,INTEGRAÇÃO DE CRÉDITO E COBRANÇA SCD - PRUDENCIAL
0.3101252433585402,0.7312258971308918,-1.8950111007835953e-4,COOPERATIVA DE ECONOMIA E CRÉDITO MÚTUO DOS EMPREGADOS DA PRODAM/SP - CREDIPRODAM
0.2913853554914557,0.5982405527594156,0.05288234153797322,BANSUR JM SCD - PRUDENCIAL
0.29641750105810294,0.3299831697974787,0.2851730536803686,COOPERATIVA DE CRÉDITO E INVESTIMENTO COM INTERAÇÃO SOLIDÁRIA DE TOLEDO E REGIÃO - CRESOL PRIMATO CREDI
0.2951550506366865,0.35347368420050496,0.10783307193860962,COOPERATIVA DE ECONOMIA E CRÉDITO MÚTUO DOS SERVIDORES DA UNESP - COOPUNESP
0.30781299865512013,0.6638331993868853,0.0643275382341231,COOPERATIVA DE ECONOMIA E CREDITO MUTUO DOS EMPREGADOS DOS LABORATORIOS B.BRAUN LTDA
0.3086253406397857,0.6684968191488432,0.07009957988028884,COOPERATIVA DE CRÉDITO MÚTUO DOS SERVIDORES DE ÓRGAOS GESTORES DE RECURSOS HÍDRICOS DO ESTADO DE SÃO PAULO - COOPERHIDRO
0.2943003331655318,0.6735886873048138,0.0405365180128915,BAMAQ CAPITAL SCD - PRUDENCIAL
0.2947939364067343,0.6903829917550143,0.01664046834205217,ATICCA SCD PRUDENCIAL
0.3081188560768077,0.6562014602269576,0.11893367409297337,COOPERATIVA DE ECONOMIA E CRÉDITO MÚTUO DOS EMPREGADOS DAS EMPRESAS PLASCAR
0.31560455981748237,1.4102016788843055,-1.0064676622494422,NUMBRS SCD - PRUDENCIAL
0.2939023767949698,0.6627094869236388,0.055996615755503895,DAUX SCD - PRUDENCIAL
0.3101116445784336,0.7282455737006549,0.016550443296117615,COOPERATIVA DE ECONOMIA E CRÉDITO MÚTUO DOS EMPREGADOS DA EMPRESA SUPERMERCADOS JAU SERVE - COOPERJS
0.30562935733303576,0.5902651821132867,0.14562866578953068,"COOPERATIVA DE CRÉDITO MÚTUO DOS FUNCIONÁRIOS DA FIEP, SESI, SENAI, IEL E DO CONDOMÍNIO EDIFÍCIO AGOSTINHO VELLOSO DA SILVEIRA (CEAVS  - CREDFISP LTDA."
0.30819125576990614,0.6694896719487633,0.07683160523740681,COOPERATIVA DE ECONOMIA E CRÉDITO MÚTUO DOS EMPREGADOS DE KYN COMÉRCIO VAREJISTA E ATACADISTA - COOPER KYN
0.29009494852998596,0.5282724884173213,0.24704014464201707,CREDPAR SCD - PRUDENCIAL
0.27848839764151073,0.2904867274266731,0.07753364148036371,PALMA SCD - PRUDENCIAL
0.29375192057867205,0.662475633903861,0.036659050274322744,SOCRED S.A. SCM - PRUDENCIAL
0.2924651130181422,0.2895544381528444,0.12723945048453286,COOPERATIVA DE ECONOMIA E CRÉDITO MÚTUO DOS COLABORADORES DA COOPEDER LTDA - COOPCREDER
0.29804478050487127,0.4287889044612113,0.04091867365358652,COOPERATIVA DE ECONOMIA E CREDITO MUTUO DOS EMPREGADOS DE ESTABELECIMENTOS HOSPITALARES DO SUL DO ESTADO DO ESPIRITO SANTO - SULCRED
0.29268767563621423,0.6358676372254237,0.09424587726064801,INCO SEP - PRUDENCIAL
0.30833764261701185,0.6672545313621576,0.10145217541294833,COOPERATIVA DE ECONOMIA E CREDITO MUTUO DOS SERVIDORES DA ASCAR/EMATER-RS LTDA-CRESAL
0.35652924798385666,2.7767832980818627,-2.9491474604912216,VBS SCD - PRUDENCIAL
0.30967132060198244,0.7080861570303533,0.0397989849246838,COOPERATIVA DE ECONOMIA E CRÉDITO MÚTUO DOS FUNCIONÁRIOS DA ACUMENT BRASIL
0.182254583038598,-2.3424620546623136,0.13407326468945938,"COOPERATIVA DE ECONOMIA E CRÉDITO MÚTUO DOS EMPREGADOS DAS EMPRESAS SIDERÚRGICAS, METALÚRGICAS E ELETRO-MECÂNICAS DE JOÃO MONLEVADE LTDA. - CREDIBELGO"
0.3074894712557545,0.6337768368983264,0.13021440982811747,COOPERATIVA DE ECONOMIA E CRÉDITO MUTUO DOS FUNCIONÁRIOS DE INSTITUIÇÕES FINANCEIRAS PUBLICAS E PRIVADAS NO TERRITÓRIO NACIONAL - CREDBRASIL
0.6855087665991406,13.835222389383482,-18.640766471580168,VUON SCD - PRUDENCIAL
0.30773955463515335,0.6724040438041482,0.017289301399903492,COOPERATIVA DE ECONOMIA E CREDITO MUTUO DOS FUNCIONARIOS DO EXPRESSO PRINCESA DOS CAMPOS
0.2884226996917581,0.1845221311255499,0.10395034281405079,COOPERATIVA DE ECONOMIA E CREDITO MUTUO DOS SERVIDORES DA UERJ LTDA. - COOPUERJ
0.46221823030374587,6.438338029843094,-8.153516616566769,RV2 SEP - PRUDENCIAL
0.30684748112161475,1.0963931957313995,-0.5604918536373977,E.SIGA SCD - PRUDENCIAL
0.29726987275446093,0.7773409287099668,-0.10693417412414986,BRCONDOS SCD - PRUDENCIAL
0.29533039814460305,0.7116699199528234,-0.013594202602240162,SETHI SCD - PRUDENCIAL
0.2832888450324441,0.34959850463954634,0.27665747514054934,ZIPDIN SCD - PRUDENCIAL
0.2863753855604253,0.43947336182934377,0.14792976562137367,CASA CREDITO S.A. SCM - PRUDENCIAL
0.3088298807718206,0.6810173864756262,0.08366392573934495,COOPERATIVA DE ECONOMIA E CRÉDITO MÚTUO DOS FUNCIONÁRIOS DA USINA SANTA MARIA - PILONCRED
0.30994179398581134,0.7518803285618064,-0.12698246175278713,"COOPERATIVA DE ECONOMIA E CRÉDITO MÚTUO DOS EMPREGADOS DA BECTON DICKINSON INDÚSTRIAS CIRÚRGICAS LTDA., LTDA."
0.3091648211693657,0.6996225601911313,0.03845679328756675,COOPERATIVA DE ECONOMIA E CRÉDITO MÚTUO DOS FUNCIONÁRIOS DA NAKATA
0.2936196345800635,0.6501461448390086,0.07384984316459606,BFC SCD - PRUDENCIAL
0.3032028781871439,0.5472594549324449,0.08971303172934418,COOPSERJ - COOPERATIVA DE CRÉDITO MÚTUO DOS SERVIDORES PÚBLICOS DO PODER EXECUTIVO DO ESTADO DO RIO DE JANEIRO LTDA.
0.29427569687980326,0.6670514388622879,0.04978620199445444,A55 SCD - PRUDENCIAL
0.28667113362524316,0.14669789240426387,0.09070921707964498,COOPERATIVA DE ECONOMIA E CREDITO MUTUO DOS FUNCIONARIOS DA VIACAO NOSSA SENHORA DO AMPARO LTDA. - COPERFAMP
0.2969132373093761,0.7602762953876201,-0.08270684929005974,SQUID SCD - PRUDENCIAL
0.31463775730400095,0.877425235473961,-0.1955295354515927,COOPERATIVA DE ECONOMIA E CREDITO MUTUO DOS FUNCIONARIOS DA GKN DO BRASIL LTDA
0.31004467606505365,0.7182673561239771,0.030691125276433487,COOPERATIVA DE ECONOMIA E CRÉDITO MÚTUO DOS EMPREGADOS DA JOLIMODE ROUPAS E EMPRESAS COLIGADAS LTDA
0.31165882705391607,0.7748827526376152,-0.054257197855513015,COOPERATIVA DE CRÉDITO DOS EMPREGADOS DAS EMPRESAS DO GRUPO INDORAMA NO BRASIL
0.2890214529630342,0.48512358947770134,0.2448058468088965,NEXOOS SEP - PRUDENCIAL
0.3088189001716199,0.6782199698167304,0.08046359986718588,COOPERATIVA DE ECONOMIA E CRÉDITO MÚTUO DOS EMPREGADOS DO SEBRAE BAHIA LTDA.
0.3047387062558738,0.542626849509642,0.23214381843118032,COOPERATIVA DE CRÉDITO MÚTUO DOS EMPREGADOS EM INSTITUIÇÕES DO SISTEMA FINANCEIRO NAS REGIÕES DE SÃO PAULO E CAMPINAS (SP) - CREDISCOOP
0.3002666965899146,0.45026215516275425,0.16237211551078734,COOPERATIVA DE ECONOMIA E CRÉDITO MÚTUO DOS EMPREGADOS DA PONTIFÍCIA UNIVERSIDADE CATÓLICA DO RIO DE JANEIRO E EMPREGADOS EM ESTABELECIMENTOS PRIVADOS DE ENSINO DO MUNICÍPIO DO RIO DE JANEIRO LTDA.
0.3079960095054953,0.668714298880189,0.033207849056184555,COOPERATIVA DE ECONOMIA E CREDITO MUTUO DOS SERVIDORES DO COLEGIO PEDRO II
0.30752471124845154,0.628573931191213,0.13666678058512569,COOPERATIVA DE ECONOMIA E CRÉDITO MÚTUO DOS FUNCIONÁRIOS DA EDUCAÇÃO E COMUNICAÇÃO
0.3106091769133222,1.2296313370886123,-0.7498590528830431,CREDBRASIL - SCMEPP LTDA - PRUDENCIAL
0.29410848362886216,0.470155861369613,0.1679348945922202,HR SCMEPP LTDA. - PRUDENCIAL
0.2930513064050299,0.6385079061046978,0.08146441374764472,FINLEV SCD PRUDENCIAL
0.2681695547308546,0.05385830935371757,0.1307667760473283,EMCASH SERVICOS FINANCEIROS SEP - PRUDENCIAL
0.2915454498837472,0.5914854310392372,0.13043933288279644,PÓLOCRED SCMEPP LTDA. - PRUDENCIAL
0.29804723172314235,0.7910324326048981,-0.1264793983056727,GIRO SCD - PRUDENCIAL
0.21323441553610997,-1.602229647540423,0.09875393907841437,COOPERATIVA DE ECONOMIA E CREDITO MUTUO DOS TRABALHADORES EM CONSELHOS DE FISCALIZACAO PROFISSIONAL NO MUNICIPIO DO RIO DE JANEIRO LTDA.
0.3100221158243221,0.7176178022015549,0.025344187412901717,"COOPERATIVA DE CRÉDITO DOS EMPREGADOS DA CBA ITAPISSUMA E EMPREGADOS DE EMPRESAS PRESTADORA DE SERVIÇOS INDUSTRIAIS, NO ESTADO DE PERNAMBUCO - CREDCOOPE"
0.30802982634772663,0.646715465972634,0.13058545601315447,COOPERATIVA DE ECONOMIA E CRÉDITO MÚTUO DOS EMPREGADOS DAS EMPRESAS SOMART LTDA.
0.2950866299281241,0.6960885254650345,0.008506773726330337,FINANCRED SCMEPP LTDA. - PRUDENCIAL
0.28600188076645955,0.48167799351291374,0.0023108187294850323,CORPORE SCD - PRUDENCIAL
0.311879061811634,0.7906913984241818,-0.12054252420380486,COOPERATIVA DE ECONOMIA E CRÉDITO MÚTUO DOS EMPREGADOS DO GRUPO PARAMOUNT
0.293652874823497,0.6563251374940464,0.06507774385341644,BRCARD SCD - PRUDENCIAL
0.3080202618661631,0.6580050985291792,0.07252872539796806,COOPERATIVA DE ECONOMIA E CRÉDITO MÚTUO DOS EMPREGADOS DA FUNDAÇÃO ARTHUR BERNARDES LTDA. - COOFAB
0.3408378389657082,2.265480289608723,-2.2222338760704936,FARMTECH SCD - PRUDENCIAL
0.3047541440119517,0.5552858951193886,0.1818850649593122,COOPERATIVA DE ECONOMIA E CRÉDITO MÚTUO DOS SERVIDORES DA POLÍCIA MILITAR DO ESTADO DE SÃO PAULO DA REGIÃO CENTRO-OESTE PAULISTA - CREDMIL
0.31245523831363337,0.8124639221207756,-0.10314253679783504,COOPERATIVA DE CRÉDITO MÚTUO DOS TRABALHADORES DO SISTEMA FINANCEIRO DE CURITIBA E REGIÃO - COOPCREFI
0.3070068265786682,0.6258432881798027,0.11378323415277997,COOPERATIVA DE ECONOMIA E CRÉDITO MÚTUO DOS EMPREGADOS DA PROLEC GE BRASIL TRANSMISSÃO DE ENERGIA S.A.
0.30945575723175356,0.6931306758464779,0.06638233228146176,COOPERATIVA DE ECONOMIA E CRÉDITO MÚTUO DOS EMPREGADOS DAS EMPRESAS DE DIVERSÕES DO ESTADO DE SÃO PAULO
0.2657766649997552,-0.011572965086038521,0.08959088931977138,VNK SCMEPP - PRUDENCIAL
0.2937293631861461,0.6445569101683084,0.0817323628059618,ATLANTA SCM LTDA - PRUDENCIAL
0.203516083623209,-1.8857214510885332,0.28804331995304333,"COOPERATIVA DE ECONOMIA E CRÉDITO MÚTUO SERVIDORES PÚBLICOS ATIVOS, INATIVOS E PENSIONISTAS DA ADMINISTRAÇÃO DIRETA, INDIRETA E ASSEMBLÉIA LEGISLATIVA DO ESTADO DO RIO GRANDE SUL - COOPSERGS"
0.2930929236576281,0.6189113473399747,0.11816355179497964,BIZCAPITAL SCD - PRUDENCIAL
0.29043730826964675,0.5192677768672112,0.2597455466510928,BEZZ SCD - PRUDENCIAL
0.30877152990432044,0.6817421838908925,0.03788190322439387,COOPERATIVA DE ECONOMIA E CRÉDITO MÚTUO DOS SERVIDORES DA PREFEITURA MUNICIPAL DE VOTORANTIM
0.30846613020152075,0.6647094043573326,0.08264425132999134,COOPERATIVA DE ECONOMIA E CRÉDITO MÚTUO DOS EMPREGADOS DA INDÚSTRIA DE PAPÉIS SUDESTE LTDA . - CREDESTE
0.29159403426340585,0.6221648157771422,-0.06249864965771283,LAMARA SCD - PRUDENCIAL
0.27120572573158735,0.08188178787521905,0.06185220372950204,FIDEM SCD - PRUDENCIAL
0.30400583466448494,0.9936750737257329,-0.4145291723290662,EASY MONEY SCD - PRUDENCIAL
0.31070054742226777,0.7296894143663253,0.014384809266359917,COOPERATIVA DE ECONOMIA E CRÉDITO MÚTUO DOS FUNCIONÁRIOS DO GRUPO VOTORANTIM LIMITADA.
0.29650268582680556,0.38303061057981086,0.06751154488644681,COOPERATIVA DE CRÉDITO DOS EMPREGADOS DO GRUPO NEFFA E DEMAIS ESTABELECIMENTOS DO SETOR DE ALIMENTOS DA GRANDE VITÓRIA.
0.30643515050497033,0.6059337612518958,0.06688802646279643,"COOPERATIVA DE CRÉDITO DOS FUNCIONÁRIOS DA PERPART, DO IPA E DA ADAGRO - COOPEMATER"
0.3094114525495008,0.6914294574158639,0.06880214834452247,COOPERATIVA DE CRÉDITO DE CAPITAL E EMPRÉSTIMO DOS EMPREGADOS CELETISTAS DE COOPERATIVAS DOS ESTADOS DE SÃO PAULO E MINAS GERAIS - COCREUNI
0.30934617559137145,0.7117563897440197,-0.04321056235372382,"COOPERATIVA DE ECONOMIA E CREDITO MUTUO DOS EMPREGADOS NAS INDUSTRIAS QUIMICAS, FARMACEUTICAS E SIMILARES DA REGIAO METROPOLITANA DO RIO DE JANEIRO LTDA"
0.3117976764688422,0.7706466554472811,-0.04381395177745827,COOPERATIVA DE ECONOMIA E CREDITO MUTUO DOS TRABALHADORES DO GRUPO EMPRESARIAL ITATIAIA LTDA. - COOPERITA
0.2923832077418478,0.6100562203174243,0.13083638906334005,PROVU SCD - PRUDENCIAL
0.31010209536580824,1.203666076136878,-0.7130062402637957,NIXFIN SCD - PRUDENCIAL
0.3014933268748811,0.9614646193766582,-0.5376218480693934,OPPENS SEP - PRUDENCIAL
0.10615325178175412,-5.8068557798997915,9.251736621798516,FIDO SEP - PRUDENCIAL
0.31037955186640726,0.7239273073323758,0.022603783695340315,COOPERATIVA DE ECONOMIA E CRÉDITO MÚTUO DOS EMPREGADOS DA UNIFI - CREDIUNIFI
0.30927840127573314,0.6856344058125527,0.07703338603371482,COOPERATIVA DE CRÉDITO DOS FUNCIONÁRIOS DO GRUPO PPG
0.3077260010801956,0.6647293682809912,0.0030913835618551887,COOPERATIVA DE ECONOMIA E CREDITO MUTUO DOS FUNCIONARIOS DA FMC LTDA
0.29508239315966517,0.6884429030333903,0.019332273699247934,FATORI SCMEPP - PRUDENCIAL
0.2980199770817647,0.8011858619225625,-0.192770431667359,QUEROCRED SCD - PRUDENCIAL
0.30920148212660226,0.6856634864609744,0.06447165599615587,COOPERATIVA DE ECONOMIA E CREDITO MUTUO DOS EMPREGADOS DA CIA DE ELETRICIDADE DO ESTADO DO RJ CREDICERJ LTDA
0.30874004108888337,0.6892701167151897,0.011116792559586709,COOPERATIVA DE ECONOMIA E CRÉDITO MÚTUO DOS EMPREGADOS DA MOSAIC FERTILIZANTES DO BRASIL - COCRESGO LTDA.
0.26668864241274115,-0.3813693070498015,0.24422735874508084,"COOPERATIVA DE CRÉDITO MÚTUO DOS EMPREGADOS DAS INDÚSTRIAS DO PAPEL, PAPELÃO E CORTIÇA DE OTACÍLIO COSTA, LAGES E CORREA PINTO - PAPELCREDI"
0.30597446348966545,1.0654906055228899,-0.5165843713874212,KIKAI SCD PRUDENCIAL
0.30043894100067425,0.8755369195280247,-0.2465833502659411,CF GROUP SEP - PRUDENCIAL
0.30431320578955323,0.5426084080555081,0.14620984641542561,COOPERATIVA DE ECONOMIA E CREDITO MUTUO DOS EMPREGADOS DO COLEGIO SANTO INACIO - COESI
0.3072083247954179,0.6208856442491496,0.13598202987497818,COOPERATIVA DE ECONOMIA E CRÉDITO MÚTUO DOS BANCÁRIOS DO TRIÂNGULO LTDA.
0.3106095640652809,0.7291970403432412,0.015097046537829768,COOPERATIVA DE CRÉDITO DE CAPITAL E EMPRÉSTIMO DOS TRABALHADORES NAS EMPRESAS DE TECNOLOGIA E INFORMÁTICA DE BELO HORIZONTE E CIDADES LIMÍTROFES LTDA - COOPERINFOR
0.287849052762692,0.49479991483187435,0.10959259910520706,FINAZO SCD - PRUDENCIAL
0.22007555099330112,-1.4903404915750542,0.28364611553620056,COOPERATIVA DE ECONOMIA E CRÉDITO MÚTUO DOS FUNCIONÁRIOS DA ASSEMBLÉIA LEGISLATIVA DO ESTADO DA PARAÍBA LTDA. -  COOPERLEGIS
0.31042922798302164,0.7226961837041606,0.024335835714084028,COOPERATIVA DE ECONOMIA E CRÉDITO MÚTUO DOS BANCÁRIOS DE BELO HORIZONTE E REGIÃO METROPOLITANA LTDA. - COOPEB
0.31318783095426783,0.8153553427318555,-0.1073808185787359,COOPERATIVA DE ECONOMIA E CRÉDITO MÚTUO DOS FUNCIONÁRIOS DO BANESPA DE BOTUCATU E CIDADES LIMÍTROFES
0.3103707444672,0.7260331628803479,-0.0027556722165271597,COOPERATIVA DE ECONOMIA E CRÉDITO MÚTUO DOS BANCÁRIOS DE JUIZ DE FORA LTDA. - COCBAN
0.3090441283113823,0.6735981079773778,0.09411564291351258,COOPERATIVA DE ECONOMIA E CRÉDITO MÚTUO DOS BANCÁRIOS DE SOROCABA E REGIÃO
0.27691280462232526,-1.562679901670682e-4,0.997738573529189,DELTA GLOBAL SCD - PRUDENCIAL
